"","UniID","mom","ID","temp","active","instar","dur_class","Mo","year","time","fw"
"1","1 1","1",1,11,"y",4,0,9.41,"2024","10:35","9.41"
"2","1 1","1",1,11,"y",4,6,9.41,"2024","16:47","9.73"
"3","1 1","1",1,11,"y",4,24,9.41,"2024","10:46","11.91"
"4","1 2","1",2,11,"y",4,0,10.65,"2024","10:36","10.65"
"5","1 2","1",2,11,"y",4,6,10.65,"2024","16:48","12.7"
"6","1 2","1",2,11,"y",4,24,10.65,"2024","10:48","14.88"
"7","1 3","1",3,11,"y",4,0,11.88,"2024","10:37","11.88"
"8","1 3","1",3,11,"y",4,6,11.88,"2024","16:49","13.31"
"9","1 3","1",3,11,"y",4,24,11.88,"2024","10:49","14.32"
"10","1 4","1",4,11,"y",4,0,9.86,"2024","10:38","9.86"
"11","1 4","1",4,11,"n",4,6,9.86,"2024","16:50","9.86"
"12","1 4","1",4,11,"y",4,24,9.86,"2024","10:50","11.74"
"13","1 5","1",5,11,"y",4,0,12.6,"2024","10:39","12.6"
"14","1 5","1",5,11,"y",4,6,12.6,"2024","16:51","13.14"
"15","1 5","1",5,11,"y",4,24,12.6,"2024","10:51","16.77"
"16","2 1","2",1,11,"y",4,0,14.07,"2024","10:40","14.07"
"17","2 1","2",1,11,"y",4,6,14.07,"2024","16:52","16.93"
"18","2 1","2",1,11,"y",4,24,14.07,"2024","10:52","22.64"
"19","2 2","2",2,11,"y",4,0,9.76,"2024","10:41","9.76"
"20","2 2","2",2,11,"y",4,6,9.76,"2024","16:53","10.68"
"21","2 2","2",2,11,"y",4,24,9.76,"2024","10:53","13.06"
"22","2 3","2",3,11,"y",4,0,12.76,"2024","10:42","12.76"
"23","2 3","2",3,11,"y",4,6,12.76,"2024","16:54","15.71"
"24","2 3","2",3,11,"y",4,24,12.76,"2024","10:54","18.12"
"25","2 4","2",4,11,"y",4,0,8.67,"2024","10:43","8.67"
"26","2 4","2",4,11,"y",4,6,8.67,"2024","16:55","11.39"
"27","2 4","2",4,11,"y",4,24,8.67,"2024","10:55","12.64"
"28","5 1","5",1,11,"y",4,0,10.21,"2024","10:45","10.21"
"29","5 1","5",1,11,"y",4,6,10.21,"2024","16:56","13"
"30","5 1","5",1,11,"y",4,24,10.21,"2024","10:56","17.05"
"31","1 6","1",6,17,"y",4,0,9.38,"2024","10:47","9.38"
"32","1 6","1",6,17,"y",4,6,9.38,"2024","16:59","11.17"
"33","1 6","1",6,17,"y",4,24,9.38,"2024","10:59","15.56"
"34","1 7","1",7,17,"y",4,0,16.55,"2024","10:48","16.55"
"35","1 7","1",7,17,"y",4,6,16.55,"2024","17:01","19.56"
"36","1 7","1",7,17,"y",4,24,16.55,"2024","11:00","31.94"
"37","1 8","1",8,17,"y",4,0,14.33,"2024","10:49","14.33"
"38","1 8","1",8,17,"y",4,6,14.33,"2024","17:02","17.1"
"39","1 8","1",8,17,"y",4,24,14.33,"2024","11:02","26.9"
"40","1 9","1",9,17,"y",4,0,9.19,"2024","10:50","9.19"
"41","1 9","1",9,17,"y",4,6,9.19,"2024","17:03","12.86"
"42","1 9","1",9,17,"y",4,24,9.19,"2024","11:03","20.41"
"43","1 10","1",10,17,"y",4,0,12.7,"2024","10:51","12.7"
"44","1 10","1",10,17,"y",4,6,12.7,"2024","17:03","16.58"
"45","1 10","1",10,17,"y",4,24,12.7,"2024","11:04","27.75"
"46","4 1","4",1,17,"y",4,0,12.02,"2024","10:52","12.02"
"47","4 1","4",1,17,"y",4,6,12.02,"2024","17:04","17.91"
"48","4 1","4",1,17,"y",4,24,12.02,"2024","11:05","28.17"
"49","4 2","4",2,17,"y",4,0,8.81,"2024","10:53","8.81"
"50","4 2","4",2,17,"y",4,6,8.81,"2024","17:05","11.79"
"51","4 2","4",2,17,"y",4,24,8.81,"2024","11:06","20.69"
"52","4 3","4",3,17,"y",4,0,9.81,"2024","10:54","9.81"
"53","4 3","4",3,17,"y",4,6,9.81,"2024","17:06","13.72"
"54","4 3","4",3,17,"y",4,24,9.81,"2024","11:07","18.61"
"55","4 4","4",4,17,"y",4,0,10,"2024","10:55","10"
"56","4 4","4",4,17,"y",4,6,10,"2024","17:07","12.23"
"57","4 4","4",4,17,"y",4,24,10,"2024","11:08","18.15"
"58","4 5","4",5,17,"y",4,0,8.3,"2024","10:56","8.3"
"59","4 5","4",5,17,"y",4,6,8.3,"2024","17:08","12.23"
"60","4 5","4",5,17,"y",4,24,8.3,"2024","11:09","21.81"
"61","4 6","4",6,17,"y",4,0,9.9,"2024","10:58","9.9"
"62","4 6","4",6,17,"y",4,6,9.9,"2024","17:09","14.89"
"63","4 6","4",6,17,"y",4,24,9.9,"2024","11:10","23.59"
"64","1 11","1",11,23,"y",4,0,18.84,"2024","10:59","18.84"
"65","1 11","1",11,23,"y",4,6,18.84,"2024","17:11","29.2"
"66","1 11","1",11,23,"y",4,24,18.84,"2024","11:11","49.83"
"67","1 12","1",12,23,"y",4,0,13.46,"2024","11:00","13.46"
"68","1 12","1",12,23,"y",4,6,13.46,"2024","17:12","17.39"
"69","1 12","1",12,23,"y",4,24,13.46,"2024","11:12","40.23"
"70","1 13","1",13,23,"y",4,0,12.03,"2024","11:01","12.03"
"71","1 13","1",13,23,"y",4,6,12.03,"2024","17:13","17.46"
"72","1 13","1",13,23,"y",4,24,12.03,"2024","11:13","41.14"
"73","1 14","1",14,23,"y",4,0,11.1,"2024","11:02","11.1"
"74","1 14","1",14,23,"y",4,6,11.1,"2024","17:14","15.54"
"75","1 14","1",14,23,"y",4,24,11.1,"2024","11:14","31.47"
"76","1 15","1",15,23,"y",4,0,14.47,"2024","11:03","14.47"
"77","1 15","1",15,23,"y",4,6,14.47,"2024","17:15","22.98"
"78","1 15","1",15,23,"y",4,24,14.47,"2024","11:15","45.44"
"79","4 7","4",7,23,"y",4,0,11.46,"2024","11:04","11.46"
"80","4 7","4",7,23,"y",4,6,11.46,"2024","17:15","15.71"
"81","4 7","4",7,23,"y",4,24,11.46,"2024","11:16","32.62"
"82","4 8","4",8,23,"y",4,0,11.54,"2024","11:05","11.54"
"83","4 8","4",8,23,"y",4,6,11.54,"2024","17:16","17.58"
"84","4 8","4",8,23,"y",4,24,11.54,"2024","11:16","41.22"
"85","4 9","4",9,23,"y",4,0,13.89,"2024","11:06","13.89"
"86","4 9","4",9,23,"y",4,6,13.89,"2024","17:17","20.89"
"87","4 9","4",9,23,"y",4,24,13.89,"2024","11:17","47.86"
"88","4 10","4",10,23,"y",4,0,11.49,"2024","11:07","11.49"
"89","4 10","4",10,23,"y",4,6,11.49,"2024","17:18","16.17"
"90","4 10","4",10,23,"y",4,24,11.49,"2024","11:19","34.85"
"91","4 11","4",11,23,"y",4,0,10.64,"2024","11:08","10.64"
"92","4 11","4",11,23,"y",4,6,10.64,"2024","17:19","18.65"
"93","4 11","4",11,23,"y",4,24,10.64,"2024","11:19","41.31"
"94","1 16","1",16,17,"y",4,0,10.88,"2024","11:09","10.88"
"95","1 16","1",16,17,"y",4,6,10.88,"2024","17:21","11.58"
"96","1 16","1",16,17,"y",4,24,10.88,"2024","11:21","15.33"
"97","1 17","1",17,17,"y",4,0,16.22,"2024","11:10","16.22"
"98","1 17","1",17,17,"y",4,6,16.22,"2024","17:22","22.38"
"99","1 17","1",17,17,"y",4,24,16.22,"2024","11:22","29.57"
"100","1 18","1",18,17,"y",4,0,9.67,"2024","11:11","9.67"
"101","1 18","1",18,17,"y",4,6,9.67,"2024","17:23","13.56"
"102","1 18","1",18,17,"y",4,24,9.67,"2024","11:23","21.1"
"103","1 19","1",19,17,"y",4,0,9.78,"2024","11:12","9.78"
"104","1 19","1",19,17,"y",4,6,9.78,"2024","17:23","11.91"
"105","1 19","1",19,17,"y",4,24,9.78,"2024","11:24","18.78"
"106","1 20","1",20,17,"y",4,0,8.86,"2024","11:13","8.86"
"107","1 20","1",20,17,"y",4,6,8.86,"2024","17:25","11.99"
"108","1 20","1",20,17,"y",4,24,8.86,"2024","11:25","18.68"
"109","1 21","1",21,17,"y",4,0,17.81,"2024","11:14","17.81"
"110","1 21","1",21,17,"y",4,6,17.81,"2024","17:26","28.91"
"111","1 21","1",21,17,"y",4,24,17.81,"2024","11:25","54.4"
"112","2 5","2",5,17,"y",4,0,19.8,"2024","11:15","19.8"
"113","2 5","2",5,17,"y",4,6,19.8,"2024","17:27","26.79"
"114","2 5","2",5,17,"y",4,24,19.8,"2024","11:26","42.45"
"115","2 6","2",6,17,"y",4,0,13.27,"2024","11:16","13.27"
"116","2 6","2",6,17,"y",4,6,13.27,"2024","17:28","18.86"
"117","2 6","2",6,17,"y",4,24,13.27,"2024","11:27","27.75"
"118","2 7","2",7,17,"y",4,0,9.16,"2024","11:17","9.16"
"119","2 7","2",7,17,"y",4,6,9.16,"2024","17:29","12.13"
"120","2 7","2",7,17,"y",4,24,9.16,"2024","11:28","19.57"
"121","2 8","2",8,17,"y",4,0,16.38,"2024","11:18","16.38"
"122","2 8","2",8,17,"y",4,6,16.38,"2024","17:29","19.82"
"123","2 8","2",8,17,"y",4,24,16.38,"2024","11:29","34.1"
"124","2 9","2",9,17,"y",4,0,18.37,"2024","11:20","18.37"
"125","2 9","2",9,17,"y",4,6,18.37,"2024","17:30","22.87"
"126","2 9","2",9,17,"y",4,24,18.37,"2024","11:30","36.58"
"127","4 12","4",12,11,"y",4,0,11.07,"2024","9:16","11.07"
"128","4 12","4",12,11,"y",4,6,11.07,"2024","15:33","11.97"
"129","4 12","4",12,11,"y",4,24,11.07,"2024","9:33","14.94"
"130","4 13","4",13,11,"y",4,0,16.87,"2024","9:18","16.87"
"131","4 13","4",13,11,"y",4,6,16.87,"2024","15:35","17.73"
"132","4 13","4",13,11,"y",4,24,16.87,"2024","9:34","24.33"
"133","4 14","4",14,11,"y",4,0,17.37,"2024","9:19","17.37"
"134","4 14","4",14,11,"y",4,6,17.37,"2024","15:36","20.56"
"135","4 14","4",14,11,"y",4,24,17.37,"2024","9:35","26.4"
"136","4 15","4",15,11,"y",4,0,11.92,"2024","9:21","11.92"
"137","4 15","4",15,11,"y",4,6,11.92,"2024","15:37","13.87"
"138","4 15","4",15,11,"y",4,24,11.92,"2024","9:36","18.94"
"139","4 16","4",16,11,"y",4,0,18.6,"2024","9:22","18.6"
"140","4 16","4",16,11,"y",4,6,18.6,"2024","15:38","21.43"
"141","4 16","4",16,11,"y",4,24,18.6,"2024","9:37","27.77"
"142","4 17","4",17,11,"y",4,0,11.37,"2024","9:24","11.37"
"143","4 17","4",17,11,"y",4,6,11.37,"2024","15:39","12.45"
"144","4 17","4",17,11,"y",4,24,11.37,"2024","9:38","17.55"
"145","5 2","5",2,11,"y",4,0,15.63,"2024","9:26","15.63"
"146","5 2","5",2,11,"y",4,6,15.63,"2024","15:40","16.38"
"147","5 2","5",2,11,"y",4,24,15.63,"2024","9:39","21.5"
"148","5 3","5",3,11,"y",4,0,11.24,"2024","9:27","11.24"
"149","5 3","5",3,11,"n",4,6,11.24,"2024","15:41","11.26"
"150","5 3","5",3,11,"y",4,24,11.24,"2024","9:40","14.3"
"151","5 4","5",4,11,"y",4,0,12.46,"2024","9:28","12.46"
"152","5 4","5",4,11,"y",4,6,12.46,"2024","15:42","12.89"
"153","5 4","5",4,11,"y",4,24,12.46,"2024","9:41","16.71"
"154","5 5","5",5,11,"y",4,0,12.38,"2024","9:29","12.38"
"155","5 5","5",5,11,"y",4,6,12.38,"2024","15:42","13.74"
"156","5 5","5",5,11,"y",4,24,12.38,"2024","9:42","16.38"
"157","5 6","5",6,11,"y",4,0,12.85,"2024","9:32","12.85"
"158","5 6","5",6,11,"y",4,6,12.85,"2024","15:43","14.69"
"159","5 6","5",6,11,"y",4,24,12.85,"2024","9:43","15.46"
"160","5 7","5",7,17,"y",4,0,15.8,"2024","9:35","15.8"
"161","5 7","5",7,17,"y",4,6,15.8,"2024","15:48","19.93"
"162","5 7","5",7,17,"y",4,24,15.8,"2024","9:49","32.54"
"163","5 8","5",8,17,"y",4,0,15.95,"2024","9:36","15.95"
"164","5 8","5",8,17,"y",4,6,15.95,"2024","15:49","21.46"
"165","5 8","5",8,17,"y",4,24,15.95,"2024","9:50","33.38"
"166","5 9","5",9,17,"y",4,0,17.36,"2024","9:37","17.36"
"167","5 9","5",9,17,"y",4,6,17.36,"2024","15:50","21.15"
"168","5 9","5",9,17,"y",4,24,17.36,"2024","9:51","33.37"
"169","5 10","5",10,17,"y",4,0,16.96,"2024","9:38","16.96"
"170","5 10","5",10,17,"y",4,6,16.96,"2024","15:51","20.61"
"171","5 10","5",10,17,"y",4,24,16.96,"2024","9:52","34.06"
"172","5 11","5",11,17,"y",4,0,14.31,"2024","9:40","14.31"
"173","5 11","5",11,17,"y",4,6,14.31,"2024","15:52","18.64"
"174","5 11","5",11,17,"y",4,24,14.31,"2024","9:53","29.1"
"175","2 10","2",10,11,"y",4,0,11.39,"2024","9:41","11.39"
"176","2 10","2",10,11,"y",4,6,11.39,"2024","15:44","12.22"
"177","2 10","2",10,11,"y",4,24,11.39,"2024","9:44","14.54"
"178","2 11","2",11,23,"y",4,0,9.41,"2024","9:43","9.41"
"179","2 11","2",11,23,"y",4,6,9.41,"2024","15:55","13.48"
"180","2 11","2",11,23,"y",4,24,9.41,"2024","9:55","28.34"
"181","2 12","2",12,23,"y",4,0,9.85,"2024","9:44","9.85"
"182","2 12","2",12,23,"y",4,6,9.85,"2024","15:56","15.51"
"183","2 12","2",12,23,"y",4,24,9.85,"2024","9:56","37.61"
"184","2 13","2",13,23,"y",4,0,15.45,"2024","9:45","15.45"
"185","2 13","2",13,23,"y",4,6,15.45,"2024","15:57","22.53"
"186","2 13","2",13,23,"y",4,24,15.45,"2024","9:57","41.48"
"187","2 14","2",14,23,"y",4,0,14.82,"2024","9:46","14.82"
"188","2 14","2",14,23,"y",4,6,14.82,"2024","15:58","21.51"
"189","2 14","2",14,23,"y",4,24,14.82,"2024","9:58","45.82"
"190","2 15","2",15,23,"y",4,0,15.96,"2024","9:47","15.96"
"191","2 15","2",15,23,"y",4,6,15.96,"2024","15:59","24.17"
"192","2 15","2",15,23,"y",4,24,15.96,"2024","9:59","47.05"
"193","5 12","5",12,23,"y",4,0,10.37,"2024","9:51","10.37"
"194","5 12","5",12,23,"y",4,6,10.37,"2024","16:00","15.72"
"195","5 12","5",12,23,"y",4,24,10.37,"2024","10:01","38.73"
"196","5 13","5",13,23,"y",4,0,13.47,"2024","9:53","13.47"
"197","5 13","5",13,23,"y",4,6,13.47,"2024","16:01","23.54"
"198","5 13","5",13,23,"y",4,24,13.47,"2024","10:02","52.85"
"199","5 14","5",14,23,"y",4,0,15.84,"2024","9:54","15.84"
"200","5 14","5",14,23,"y",4,6,15.84,"2024","16:02","27.3"
"201","5 14","5",14,23,"y",4,24,15.84,"2024","10:03","64.51"
"202","5 15","5",15,23,"y",4,0,11.08,"2024","9:55","11.08"
"203","5 15","5",15,23,"y",4,6,11.08,"2024","16:03","16.25"
"204","5 15","5",15,23,"y",4,24,11.08,"2024","10:04","39.16"
"205","5 16","5",16,23,"y",4,0,15.92,"2024","9:55","15.92"
"206","5 16","5",16,23,"y",4,6,15.92,"2024","16:04","29.3"
"207","5 16","5",16,23,"y",4,24,15.92,"2024","10:05","61.38"
"208","5 17","5",17,23,"y",4,0,18.44,"2024","9:59","18.44"
"209","5 17","5",17,23,"y",4,6,18.44,"2024","16:05","27.92"
"210","5 17","5",17,23,"y",4,24,18.44,"2024","10:06","67.35"
"211","4 18","4",18,29,"y",4,0,10.19,"2024","10:01","10.19"
"212","4 18","4",18,29,"y",4,6,10.19,"2024","16:14","16.57"
"213","4 18","4",18,29,"n",4,24,10.19,"2024","10:14","43.74"
"214","4 19","4",19,29,"y",4,0,14.24,"2024","10:02","14.24"
"215","4 19","4",19,29,"y",4,6,14.24,"2024","16:15","27.18"
"216","4 19","4",19,29,"n",4,24,14.24,"2024","10:15","44.69"
"217","4 20","4",20,29,"y",4,0,12.01,"2024","10:03","12.01"
"218","4 20","4",20,29,"y",4,6,12.01,"2024","16:16","21.74"
"219","4 20","4",20,29,"n",4,24,12.01,"2024","10:16","50.94"
"220","4 21","4",21,29,"y",4,0,8.72,"2024","10:04","8.72"
"221","4 21","4",21,29,"y",4,6,8.72,"2024","16:17","14.73"
"222","4 21","4",21,29,"n",4,24,8.72,"2024","10:17","43.53"
"223","4 22","4",22,29,"y",4,0,10.98,"2024","10:05","10.98"
"224","4 22","4",22,29,"y",4,6,10.98,"2024","16:18","18.67"
"225","4 22","4",22,29,"n",4,24,10.98,"2024","10:19","49.14"
"226","5 18","5",18,29,"y",4,0,15.54,"2024","10:07","15.54"
"227","5 18","5",18,29,"y",4,6,15.54,"2024","16:19","26.76"
"228","5 18","5",18,29,"n",4,24,15.54,"2024","10:20","61.89"
"229","5 19","5",19,29,"y",4,0,12.8,"2024","10:08","12.8"
"230","5 19","5",19,29,"y",4,6,12.8,"2024","16:19","23.91"
"231","5 19","5",19,29,"n",4,24,12.8,"2024","10:21","57.89"
"232","5 20","5",20,29,"y",4,0,19.07,"2024","10:09","19.07"
"233","5 20","5",20,29,"y",4,6,19.07,"2024","16:20","30.04"
"234","5 20","5",20,29,"n",4,24,19.07,"2024","10:22","46.74"
"235","5 21","5",21,29,"y",4,0,19.59,"2024","10:10","19.59"
"236","5 21","5",21,29,"y",4,6,19.59,"2024","16:21","31.21"
"237","5 21","5",21,29,"n",4,24,19.59,"2024","10:23","62"
"238","5 22","5",22,29,"y",4,0,16.11,"2024","10:12","16.11"
"239","5 22","5",22,29,"y",4,6,16.11,"2024","16:22","27.56"
"240","5 22","5",22,29,"n",4,24,16.11,"2024","10:24","55.53"
"241","5 23","5",23,29,"y",4,0,13.91,"2024","10:13","13.91"
"242","5 23","5",23,29,"y",4,6,13.91,"2024","16:23","26.2"
"243","5 23","5",23,29,"n",4,24,13.91,"2024","10:25","57.07"
"244","5 24","5",24,29,"y",4,0,15.64,"2024","10:14","15.64"
"245","5 24","5",24,29,"y",4,6,15.64,"2024","16:24","31.25"
"246","5 24","5",24,29,"n",4,24,15.64,"2024","10:26","55.66"
"247","2 16","2",16,29,"y",5,0,91.3,"2024","10:16","91.3"
"248","2 16","2",16,29,"y",5,6,91.3,"2024","16:30","156.58"
"249","2 16","2",16,29,"y",5,24,91.3,"2024","10:30","153.39"
"250","2 17","2",17,29,"y",5,0,49.49,"2024","10:17","49.49"
"251","2 17","2",17,29,"y",5,6,49.49,"2024","16:31","80.3"
"252","2 17","2",17,29,"y",5,24,49.49,"2024","10:31","156.08"
"253","2 18","2",18,29,"y",5,0,73.08,"2024","10:18","73.08"
"254","2 18","2",18,29,"y",5,6,73.08,"2024","16:32","106.63"
"255","2 18","2",18,29,"y",5,24,73.08,"2024","10:33","175.95"
"256","2 19","2",19,29,"y",5,0,74.17,"2024","10:19","74.17"
"257","2 19","2",19,29,"y",5,6,74.17,"2024","16:33","108.46"
"258","2 19","2",19,29,"y",5,24,74.17,"2024","10:34","147.24"
"259","2 20","2",20,29,"y",5,0,91.23,"2024","10:20","91.23"
"260","2 20","2",20,29,"y",5,6,91.23,"2024","16:34","133.65"
"261","2 20","2",20,29,"y",5,24,91.23,"2024","10:35","165.85"
"262","5 25","5",25,29,"y",5,0,69,"2024","10:21","69"
"263","5 25","5",25,29,"y",5,6,69,"2024","16:35","126.07"
"264","5 25","5",25,29,"y",5,24,69,"2024","10:36","160.14"
"265","1 22","1",22,29,"y",4,0,11.69,"2024","10:23","11.69"
"266","1 22","1",22,29,"y",4,6,11.69,"2024","16:36","19.72"
"267","1 22","1",22,29,"n",4,24,11.69,"2024","10:37","44.13"
"268","1 23","1",23,29,"y",4,0,17.76,"2024","10:23","17.76"
"269","1 23","1",23,29,"y",4,6,17.76,"2024","16:37","27.24"
"270","1 23","1",23,29,"n",4,24,17.76,"2024","10:38","44.53"
"271","1 24","1",24,29,"y",4,0,10.44,"2024","10:25","10.44"
"272","1 24","1",24,29,"y",4,6,10.44,"2024","16:38","19.04"
"273","1 24","1",24,29,"n",4,24,10.44,"2024","10:39","54.94"
"274","1 25","1",25,29,"y",4,0,11.23,"2024","10:26","11.23"
"275","1 25","1",25,29,"y",4,6,11.23,"2024","16:39","19.39"
"276","1 25","1",25,29,"n",4,24,11.23,"2024","10:40","46.64"
"277","1 26","1",26,29,"y",4,0,9.94,"2024","10:27","9.94"
"278","1 26","1",26,29,"y",4,6,9.94,"2024","16:40","20.71"
"279","1 26","1",26,29,"n",4,24,9.94,"2024","10:41","43.72"
"280","5 26","5",26,29,"y",4,0,15.04,"2024","10:29","15.04"
"281","5 26","5",26,29,"y",4,6,15.04,"2024","16:41","21.25"
"282","5 26","5",26,29,"n",4,24,15.04,"2024","10:43","53"
"283","5 27","5",27,29,"y",5,0,52.49,"2024","11:31","52.49"
"284","5 27","5",27,29,"y",5,6,52.49,"2024","17:46","88.05"
"285","5 27","5",27,29,"y",5,24,52.49,"2024","11:47","141.16"
"286","5 28","5",28,29,"y",5,0,65.15,"2024","11:33","65.15"
"287","5 28","5",28,29,"y",5,6,65.15,"2024","17:47","99.3"
"288","5 28","5",28,29,"y",5,24,65.15,"2024","11:48","215.83"
"289","5 29","5",29,29,"y",5,0,42.01,"2024","11:34","42.01"
"290","5 29","5",29,29,"y",5,6,42.01,"2024","17:48","67.25"
"291","5 29","5",29,29,"y",5,24,42.01,"2024","11:48","178.05"
"292","5 30","5",30,29,"y",5,0,67.58,"2024","11:35","67.58"
"293","5 30","5",30,29,"y",5,6,67.58,"2024","17:49","97.84"
"294","5 30","5",30,29,"y",5,24,67.58,"2024","11:49","220.1"
"295","5 31","5",31,29,"y",5,0,56.33,"2024","11:40","56.33"
"296","5 31","5",31,29,"y",5,6,56.33,"2024","17:50","91.23"
"297","5 31","5",31,29,"y",5,24,56.33,"2024","11:50","206.84"
"298","4 23","4",23,29,"y",5,0,55.12,"2024","11:43","55.12"
"299","4 23","4",23,29,"y",5,6,55.12,"2024","17:52","89.11"
"300","4 23","4",23,29,"y",5,24,55.12,"2024","11:50","185"
"301","4 24","4",24,29,"y",5,0,46.43,"2024","11:43","46.43"
"302","4 24","4",24,29,"y",5,6,46.43,"2024","17:52","88.72"
"303","4 24","4",24,29,"y",5,24,46.43,"2024","11:51","192.38"
"304","4 25","4",25,29,"y",5,0,30.97,"2024","11:44","30.97"
"305","4 25","4",25,29,"y",5,6,30.97,"2024","17:53","70.06"
"306","4 25","4",25,29,"y",5,24,30.97,"2024","11:52","159"
"307","4 26","4",26,29,"y",5,0,39.81,"2024","11:45","39.81"
"308","4 26","4",26,29,"y",5,6,39.81,"2024","17:54","63.4"
"309","4 26","4",26,29,"y",5,24,39.81,"2024","11:53","162.3"
"310","4 27","4",27,29,"y",5,0,47.05,"2024","11:46","47.05"
"311","4 27","4",27,29,"y",5,6,47.05,"2024","17:55","75.82"
"312","4 27","4",27,29,"y",5,24,47.05,"2024","11:53","171.97"
"313","5 32","5",32,11,"y",5,0,42.61,"2024","11:48","42.61"
"314","5 32","5",32,11,"y",5,6,42.61,"2024","17:57","45.37"
"315","5 32","5",32,11,"y",5,24,42.61,"2024","11:56","64.11"
"316","5 33","5",33,11,"y",5,0,52.78,"2024","11:50","52.78"
"317","5 33","5",33,11,"y",5,6,52.78,"2024","17:58","53.19"
"318","5 33","5",33,11,"y",5,24,52.78,"2024","11:57","63.7"
"319","5 34","5",34,11,"y",5,0,44.79,"2024","11:51","44.79"
"320","5 34","5",34,11,"y",5,6,44.79,"2024","17:59","46.15"
"321","5 34","5",34,11,"y",5,24,44.79,"2024","11:58","58.24"
"322","6 1","6",1,11,"y",5,0,56.62,"2024","11:51","56.62"
"323","6 1","6",1,11,"y",5,6,56.62,"2024","18:00","65.35"
"324","6 1","6",1,11,"y",5,24,56.62,"2024","11:59","82.95"
"325","6 2","6",2,11,"y",5,0,38.52,"2024","11:52","38.52"
"326","6 2","6",2,11,"n",5,6,38.52,"2024","18:01","38.53"
"327","6 2","6",2,11,"y",5,24,38.52,"2024","12:00","54.35"
"328","4 28","4",28,11,"y",5,0,40.33,"2024","11:53","40.33"
"329","4 28","4",28,11,"n",5,6,40.33,"2024","18:02","40.18"
"330","4 28","4",28,11,"y",5,24,40.33,"2024","12:01","55.11"
"331","4 29","4",29,11,"y",5,0,40.42,"2024","11:54","40.42"
"332","4 29","4",29,11,"y",5,6,40.42,"2024","18:03","44.11"
"333","4 29","4",29,11,"y",5,24,40.42,"2024","12:01","55.36"
"334","4 30","4",30,11,"y",5,0,42.63,"2024","11:55","42.63"
"335","4 30","4",30,11,"y",5,6,42.63,"2024","18:04","46.54"
"336","4 30","4",30,11,"y",5,24,42.63,"2024","12:02","63.84"
"337","4 31","4",31,11,"y",5,0,32.29,"2024","11:56","32.29"
"338","4 31","4",31,11,"n",5,6,32.29,"2024","18:05","32.23"
"339","4 31","4",31,11,"y",5,24,32.29,"2024","12:03","47.57"
"340","8 1","8",1,11,"y",5,0,43.54,"2024","10:28","43.54"
"341","8 1","8",1,11,"y",5,6,43.54,"2024","16:34","48.6"
"342","8 1","8",1,11,"y",5,24,43.54,"2024","10:34","60.11"
"343","8 2","8",2,11,"y",5,0,43.25,"2024","10:29","43.25"
"344","8 2","8",2,11,"y",5,6,43.25,"2024","16:35","49.16"
"345","8 2","8",2,11,"y",5,24,43.25,"2024","10:35","57.7"
"346","8 3","8",3,11,"y",5,0,32.14,"2024","10:30","32.14"
"347","8 3","8",3,11,"n",5,6,32.14,"2024","16:35","32.13"
"348","8 3","8",3,11,"y",5,24,32.14,"2024","10:36","43.39"
"349","8 4","8",4,11,"y",5,0,78.77,"2024","10:31","78.77"
"350","8 4","8",4,11,"y",5,6,78.77,"2024","16:36","80.82"
"351","8 4","8",4,11,"y",5,24,78.77,"2024","10:37","112.28"
"352","8 5","8",5,11,"y",5,0,44.39,"2024","10:32","44.39"
"353","8 5","8",5,11,"y",5,6,44.39,"2024","16:37","47.86"
"354","8 5","8",5,11,"y",5,24,44.39,"2024","10:38","56.98"
"355","8 6","8",6,11,"y",5,0,51.65,"2024","10:33","51.65"
"356","8 6","8",6,11,"y",5,6,51.65,"2024","16:38","53.41"
"357","8 6","8",6,11,"y",5,24,51.65,"2024","10:39","64.39"
"358","8 7","8",7,17,"y",5,0,45.58,"2024","10:35","45.58"
"359","8 7","8",7,17,"y",5,6,45.58,"2024","16:45","55.51"
"360","8 7","8",7,17,"y",5,24,45.58,"2024","10:46","81.99"
"361","8 8","8",8,17,"y",5,0,63.07,"2024","10:36","63.07"
"362","8 8","8",8,17,"y",5,6,63.07,"2024","16:46","75"
"363","8 8","8",8,17,"y",5,24,63.07,"2024","10:47","108.06"
"364","8 9","8",9,17,"y",5,0,60.69,"2024","10:37","60.69"
"365","8 9","8",9,17,"y",5,6,60.69,"2024","16:47","69.01"
"366","8 9","8",9,17,"y",5,24,60.69,"2024","10:48","98.6"
"367","8 10","8",10,17,"y",5,0,48.59,"2024","10:38","48.59"
"368","8 10","8",10,17,"y",5,6,48.59,"2024","16:48","60.6"
"369","8 10","8",10,17,"y",5,24,48.59,"2024","10:50","95.22"
"370","8 11","8",11,17,"y",5,0,41.81,"2024","10:39","41.81"
"371","8 11","8",11,17,"y",5,6,41.81,"2024","16:48","48.03"
"372","8 11","8",11,17,"y",5,24,41.81,"2024","10:51","79.67"
"373","8 12","8",12,17,"y",5,0,72.77,"2024","10:40","72.77"
"374","8 12","8",12,17,"y",5,6,72.77,"2024","16:49","79.95"
"375","8 12","8",12,17,"y",5,24,72.77,"2024","10:49","125.32"
"376","8 13","8",13,35,"y",4,0,12.22,"2024","10:43","12.22"
"377","8 13","8",13,35,"y",4,6,12.22,"2024","16:51","23.18"
"378","8 13","8",13,35,"y",4,24,12.22,"2024","10:52","49.75"
"379","8 14","8",14,35,"y",4,0,11.95,"2024","10:44","11.95"
"380","8 14","8",14,35,"y",4,6,11.95,"2024","16:52","19.04"
"381","8 14","8",14,35,"y",4,24,11.95,"2024","10:53","46.76"
"382","8 15","8",15,35,"y",4,0,18.48,"2024","10:45","18.48"
"383","8 15","8",15,35,"y",4,6,18.48,"2024","16:53","27.45"
"384","8 15","8",15,35,"y",4,24,18.48,"2024","10:54","58.85"
"385","8 16","8",16,35,"y",4,0,11.63,"2024","10:48","11.63"
"386","8 16","8",16,35,"y",4,6,11.63,"2024","16:54","20.67"
"387","8 16","8",16,35,"y",4,24,11.63,"2024","10:55","45.01"
"388","8 17","8",17,35,"y",4,0,14.47,"2024","10:49","14.47"
"389","8 17","8",17,35,"y",4,6,14.47,"2024","16:54","22.95"
"390","8 17","8",17,35,"y",4,24,14.47,"2024","10:56","45.3"
"391","8 18","8",18,35,"y",4,0,13.87,"2024","10:50","13.87"
"392","8 18","8",18,35,"y",4,6,13.87,"2024","16:55","22.28"
"393","8 18","8",18,35,"y",4,24,13.87,"2024","10:57","52.18"
"394","8 19","8",19,35,"y",5,0,80.58,"2024","10:52","80.58"
"395","8 19","8",19,35,"y",5,6,80.58,"2024","16:58","123.97"
"396","8 19","8",19,35,"y",5,24,80.58,"2024","10:59","185.99"
"397","8 20","8",20,35,"y",5,0,50.58,"2024","10:53","50.58"
"398","8 20","8",20,35,"y",5,6,50.58,"2024","16:59","89.51"
"399","8 20","8",20,35,"y",5,24,50.58,"2024","11:00","156.11"
"400","8 21","8",21,35,"y",5,0,48.56,"2024","10:54","48.56"
"401","8 21","8",21,35,"y",5,6,48.56,"2024","17:00","85.12"
"402","8 21","8",21,35,"y",5,24,48.56,"2024","11:00","183.6"
"403","8 22","8",22,35,"y",5,0,66.56,"2024","10:55","66.56"
"404","8 22","8",22,35,"y",5,6,66.56,"2024","17:01","97.36"
"405","8 22","8",22,35,"y",5,24,66.56,"2024","11:02","157.34"
"406","8 23","8",23,35,"y",5,0,64.28,"2024","10:57","64.28"
"407","8 23","8",23,35,"y",5,6,64.28,"2024","17:01","92.63"
"408","8 23","8",23,35,"y",5,24,64.28,"2024","11:03","159"
"409","8 24","8",24,35,"y",5,0,86.78,"2024","10:58","86.78"
"410","8 24","8",24,35,"y",5,6,86.78,"2024","17:02","126.39"
"411","8 24","8",24,35,"y",5,24,86.78,"2024","11:04","192.06"
"412","8 25","8",25,23,"y",5,0,39.61,"2024","12:22","39.61"
"413","8 25","8",25,23,"y",5,6,39.61,"2024","18:39","53.81"
"414","8 25","8",25,23,"y",5,24,39.61,"2024","","141.45"
"415","8 26","8",26,23,"y",5,0,42.6,"2024","12:24","42.6"
"416","8 26","8",26,23,"y",5,6,42.6,"2024","18:41","53.49"
"417","8 26","8",26,23,"y",5,24,42.6,"2024","","117.83"
"418","8 27","8",27,23,"y",5,0,38.75,"2024","12:26","38.75"
"419","8 27","8",27,23,"y",5,6,38.75,"2024","18:42","56.42"
"420","8 27","8",27,23,"y",5,24,38.75,"2024","","114.74"
"421","8 29","8",29,23,"y",5,0,41.32,"2024","12:28","41.32"
"422","8 29","8",29,23,"y",5,6,41.32,"2024","18:44","59.72"
"423","8 29","8",29,23,"y",5,24,41.32,"2024","","129.46"
"424","8 30","8",30,23,"y",5,0,35.42,"2024","12:29","35.42"
"425","8 30","8",30,23,"y",5,6,35.42,"2024","18:46","53.79"
"426","8 30","8",30,23,"y",5,24,35.42,"2024","","126.53"
"427","8 32","8",32,23,"y",4,0,10.05,"2024","12:31","10.05"
"428","8 32","8",32,23,"y",4,6,10.05,"2024","18:48","14.63"
"429","8 32","8",32,23,"y",4,24,10.05,"2024","","36.12"
"430","8 33","8",33,23,"y",4,0,10.57,"2024","12:33","10.57"
"431","8 33","8",33,23,"y",4,6,10.57,"2024","18:51","13.45"
"432","8 33","8",33,23,"y",4,24,10.57,"2024","","29.76"
"433","8 34","8",34,23,"y",4,0,19.93,"2024","12:35","19.93"
"434","8 34","8",34,23,"y",4,6,19.93,"2024","18:53","28.43"
"435","8 34","8",34,23,"y",4,24,19.93,"2024","","48.93"
"436","8 35","8",35,23,"y",4,0,8.57,"2024","12:36","8.57"
"437","8 35","8",35,23,"y",4,6,8.57,"2024","18:55","14.37"
"438","8 35","8",35,23,"y",4,24,8.57,"2024","","29.1"
"439","8 36","8",36,40,"y",5,0,38.4,"2024","14:55","38.4"
"440","8 36","8",36,40,"y",5,6,38.4,"2024","21:12","54.8"
"441","8 36","8",36,40,"y",5,24,38.4,"2024","15:12","52.41"
"442","8 37","8",37,40,"y",5,0,52.63,"2024","14:57","52.63"
"443","8 37","8",37,40,"y",5,6,52.63,"2024","21:13","62.7"
"444","8 37","8",37,40,"y",5,24,52.63,"2024","15:13","62"
"445","8 38","8",38,40,"y",5,0,36.89,"2024","14:59","36.89"
"446","8 38","8",38,40,"y",5,6,36.89,"2024","21:14","64.42"
"447","8 38","8",38,40,"y",5,24,36.89,"2024","15:15","63.85"
"448","8 39","8",39,40,"y",5,0,49.04,"2024","15:00","49.04"
"449","8 39","8",39,40,"y",5,6,49.04,"2024","21:16","71.25"
"450","8 39","8",39,40,"y",5,24,49.04,"2024","15:16","68.82"
"451","8 40","8",40,40,"y",5,0,64.09,"2024","15:02","64.09"
"452","8 40","8",40,40,"y",5,6,64.09,"2024","21:17","74.38"
"453","8 40","8",40,40,"y",5,24,64.09,"2024","15:18","71.03"
"454","8 41","8",41,40,"y",5,0,59.52,"2024","15:04","59.52"
"455","8 41","8",41,40,"y",5,6,59.52,"2024","21:18","71.58"
"456","8 41","8",41,40,"y",5,24,59.52,"2024","15:19","69.47"
"457","8 42","8",42,40,"y",5,0,36.75,"2024","15:05","36.75"
"458","8 42","8",42,40,"y",5,6,36.75,"2024","21:20","51.17"
"459","8 42","8",42,40,"y",5,24,36.75,"2024","15:21","43.85"
"460","8 43","8",43,40,"y",5,0,53.46,"2024","15:06","53.46"
"461","8 43","8",43,40,"y",5,6,53.46,"2024","21:21","85.43"
"462","8 43","8",43,40,"y",5,24,53.46,"2024","15:22","90.73"
"463","8 44","8",44,40,"y",5,0,57.86,"2024","15:07","57.86"
"464","8 44","8",44,40,"y",5,6,57.86,"2024","21:23","70.37"
"465","8 44","8",44,40,"y",5,24,57.86,"2024","15:23","63.25"
"466","8 45","8",45,40,"y",5,0,41.2,"2024","15:08","41.2"
"467","8 45","8",45,40,"y",5,6,41.2,"2024","21:24","53.84"
"468","8 45","8",45,40,"y",5,24,41.2,"2024","15:24","59.61"
"469","8 46","8",46,40,"y",5,0,32.27,"2024","15:09","32.27"
"470","8 46","8",46,40,"y",5,6,32.27,"2024","21:25","41.33"
"471","8 46","8",46,40,"y",5,24,32.27,"2024","15:25","38.97"
"472","8 47","8",47,40,"y",5,0,31.35,"2024","15:11","31.35"
"473","8 47","8",47,40,"y",5,6,31.35,"2024","21:26","42.08"
"474","8 47","8",47,40,"y",5,24,31.35,"2024","15:27","38.26"
"475","8 48","8",48,41,"y",5,0,60.33,"2024","15:12","60.33"
"476","8 48","8",48,41,"n",5,6,60.33,"2024","21:28","58.19"
"477","8 48","8",48,41,"n",5,24,60.33,"2024","15:28","44.51"
"478","8 49","8",49,41,"y",5,0,57.28,"2024","15:14","57.28"
"479","8 49","8",49,41,"y",5,6,57.28,"2024","21:29","57.62"
"480","8 49","8",49,41,"y",5,24,57.28,"2024","15:30","38.88"
"481","8 50","8",50,41,"y",5,0,52.43,"2024","15:15","52.43"
"482","8 50","8",50,41,"y",5,6,52.43,"2024","21:30","59.64"
"483","8 50","8",50,41,"y",5,24,52.43,"2024","15:31","51.21"
"484","8 51","8",51,41,"y",5,0,50.88,"2024","15:16","50.88"
"485","8 51","8",51,41,"y",5,6,50.88,"2024","21:32","51.2"
"486","8 51","8",51,41,"y",5,24,50.88,"2024","15:33","28.85"
"487","8 52","8",52,41,"y",5,0,56.7,"2024","15:17","56.7"
"488","8 52","8",52,41,"y",5,6,56.7,"2024","21:33","63.37"
"489","8 52","8",52,41,"y",5,24,56.7,"2024","15:34","44.35"
"490","8 53","8",53,41,"y",5,0,63.56,"2024","15:18","63.56"
"491","8 53","8",53,41,"y",5,6,63.56,"2024","21:34","66.2"
"492","8 53","8",53,41,"y",5,24,63.56,"2024","15:35","57.53"
"493","8 54","8",54,41,"y",5,0,62.21,"2024","15:19","62.21"
"494","8 54","8",54,41,"n",5,6,62.21,"2024","21:35","60.12"
"495","8 54","8",54,41,"n",5,24,62.21,"2024","15:36","55.91"
"496","8 55","8",55,41,"y",5,0,35.81,"2024","15:21","35.81"
"497","8 55","8",55,41,"y",5,6,35.81,"2024","21:36","46.21"
"498","8 55","8",55,41,"y",5,24,35.81,"2024","15:38","35.46"
"499","8 56","8",56,41,"y",5,0,56.86,"2024","15:22","56.86"
"500","8 56","8",56,41,"y",5,6,56.86,"2024","21:38","63.46"
"501","8 56","8",56,41,"y",5,24,56.86,"2024","15:39","51.96"
"502","8 57","8",57,41,"y",5,0,35.23,"2024","15:23","35.23"
"503","8 57","8",57,41,"y",5,6,35.23,"2024","21:39","36.52"
"504","8 57","8",57,41,"n",5,24,35.23,"2024","15:40","33.24"
"505","8 58","8",58,41,"y",5,0,42.01,"2024","15:24","42.01"
"506","8 58","8",58,41,"y",5,6,42.01,"2024","21:40","53.18"
"507","8 58","8",58,41,"y",5,24,42.01,"2024","15:42","39.5"
"508","8 59","8",59,41,"y",5,0,63.94,"2024","15:26","63.94"
"509","8 59","8",59,41,"n",5,6,63.94,"2024","21:41","61.47"
"510","8 59","8",59,41,"y",5,24,63.94,"2024","15:43","52.31"
"511","64 1","64",1,11,"y",4,0,11.94,"2024","10:09","11.94"
"512","64 1","64",1,11,"y",4,6,11.94,"2024","16:25","24.58"
"513","64 1","64",1,11,"y",4,24,11.94,"2024","10:24","16.8"
"514","64 2","64",2,11,"y",4,0,10.27,"2024","10:10","10.27"
"515","64 2","64",2,11,"y",4,6,10.27,"2024","16:26","11.27"
"516","64 2","64",2,11,"y",4,24,10.27,"2024","10:25","13.37"
"517","64 3","64",3,11,"y",4,0,14.86,"2024","10:12","14.86"
"518","64 3","64",3,11,"y",4,6,14.86,"2024","16:29","15.17"
"519","64 3","64",3,11,"y",4,24,14.86,"2024","10:25","17.79"
"520","64 4","64",4,11,"y",4,0,9.03,"2024","10:14","9.03"
"521","64 4","64",4,11,"y",4,6,9.03,"2024","16:30","10.79"
"522","64 4","64",4,11,"y",4,24,9.03,"2024","10:27","12.4"
"523","64 5","64",5,11,"y",4,0,11.26,"2024","10:16","11.26"
"524","64 5","64",5,11,"y",4,6,11.26,"2024","16:31","12.59"
"525","64 5","64",5,11,"y",4,24,11.26,"2024","10:28","14:51"
"526","64 6","64",6,11,"y",4,0,10.31,"2024","10:17","10.31"
"527","64 6","64",6,11,"y",4,6,10.31,"2024","16:31","13.23"
"528","64 6","64",6,11,"y",4,24,10.31,"2024","10:29","16.71"
"529","65 1","65",1,11,"y",4,0,9.28,"2024","10:18","9.28"
"530","65 1","65",1,11,"y",4,6,9.28,"2024","16:32","10.16"
"531","65 1","65",1,11,"y",4,24,9.28,"2024","10:30","12.01"
"532","65 2","65",2,11,"y",4,0,12.81,"2024","10:19","12.81"
"533","65 2","65",2,11,"y",4,6,12.81,"2024","16:33","14.78"
"534","65 2","65",2,11,"y",4,24,12.81,"2024","10:31","20.03"
"535","65 3","65",3,11,"y",4,0,16.61,"2024","10:20","16.61"
"536","65 3","65",3,11,"y",4,6,16.61,"2024","16:34","19.13"
"537","65 3","65",3,11,"y",4,24,16.61,"2024","10:32","24.02"
"538","65 4","65",4,11,"y",4,0,13.87,"2024","10:21","13.87"
"539","65 4","65",4,11,"y",4,6,13.87,"2024","16:35","17.74"
"540","65 4","65",4,11,"y",4,24,13.87,"2024","10:32","20.42"
"541","66 1","66",1,11,"y",4,0,10.95,"2024","10:21","10.95"
"542","66 1","66",1,11,"n",4,6,10.95,"2024","16:35","10.89"
"543","66 1","66",1,11,"y",4,24,10.95,"2024","10:33","14.13"
"544","66 2","66",2,11,"y",4,0,11.08,"2024","10:22","11.08"
"545","66 2","66",2,11,"y",4,6,11.08,"2024","16:36","13.54"
"546","66 2","66",2,11,"y",4,24,11.08,"2024","10:34","17.08"
"547","64 7","64",7,17,"y",4,0,12.67,"2024","10:24","12.67"
"548","64 7","64",7,17,"y",4,6,12.67,"2024","16:38","15.8"
"549","64 7","64",7,17,"y",4,24,12.67,"2024","10:36","21.05"
"550","64 8","64",8,17,"y",4,0,9.99,"2024","10:24","9.99"
"551","64 8","64",8,17,"y",4,6,9.99,"2024","16:38","13.82"
"552","64 8","64",8,17,"y",4,24,9.99,"2024","10:37","24.2"
"553","64 9","64",9,17,"y",4,0,11.06,"2024","10:25","11.06"
"554","64 9","64",9,17,"y",4,6,11.06,"2024","16:39","15.93"
"555","64 9","64",9,17,"y",4,24,11.06,"2024","10:38","24.54"
"556","64 10","64",10,17,"y",4,0,8.05,"2024","10:26","8.05"
"557","64 10","64",10,17,"y",4,6,8.05,"2024","16:40","10.26"
"558","64 10","64",10,17,"y",4,24,8.05,"2024","10:38","19.32"
"559","64 11","64",11,17,"y",4,0,16.57,"2024","10:27","16.57"
"560","64 11","64",11,17,"y",4,6,16.57,"2024","16:41","23.29"
"561","64 11","64",11,17,"y",4,24,16.57,"2024","10:39","35.08"
"562","66 3","66",3,17,"y",4,0,15.4,"2024","10:28","15.4"
"563","66 3","66",3,17,"y",4,6,15.4,"2024","16:41","23.07"
"564","66 3","66",3,17,"y",4,24,15.4,"2024","10:40","32.06"
"565","66 4","66",4,17,"y",4,0,10.4,"2024","10:29","10.4"
"566","66 4","66",4,17,"y",4,6,10.4,"2024","16:42","14.8"
"567","66 4","66",4,17,"y",4,24,10.4,"2024","10:42","23.31"
"568","66 5","66",5,17,"y",4,0,8.91,"2024","10:30","8.91"
"569","66 5","66",5,17,"y",4,6,8.91,"2024","16:43","13.73"
"570","66 5","66",5,17,"y",4,24,8.91,"2024","10:43","21.59"
"571","66 6","66",6,17,"y",4,0,15.47,"2024","10:31","15.47"
"572","66 6","66",6,17,"y",4,6,15.47,"2024","16:43","18.29"
"573","66 6","66",6,17,"y",4,24,15.47,"2024","10:44","26.97"
"574","66 7","66",7,17,"y",4,0,14.41,"2024","10:32","14.41"
"575","66 7","66",7,17,"y",4,6,14.41,"2024","16:44","18.2"
"576","66 7","66",7,17,"y",4,24,14.41,"2024","10:45","25.86"
"577","67 1","67",1,17,"y",4,0,9.17,"2024","10:33","9.17"
"578","67 1","67",1,17,"y",4,6,9.17,"2024","16:45","11.88"
"579","67 1","67",1,17,"y",4,24,9.17,"2024","10:46","20.73"
"580","67 2","67",2,17,"y",4,0,11.2,"2024","10:34","11.2"
"581","67 2","67",2,17,"y",4,6,11.2,"2024","16:45","14.27"
"582","67 2","67",2,17,"y",4,24,11.2,"2024","10:47","22.25"
"583","64 12","64",12,23,"y",4,0,9.85,"2024","10:35","9.85"
"584","64 12","64",12,23,"y",4,6,9.85,"2024","16:47","13.01"
"585","64 12","64",12,23,"y",4,24,9.85,"2024","10:48","36.94"
"586","64 13","64",13,23,"y",4,0,15.2,"2024","10:36","15.2"
"587","64 13","64",13,23,"y",4,6,15.2,"2024","16:47","20.88"
"588","64 13","64",13,23,"y",4,24,15.2,"2024","10:49","47.67"
"589","64 14","64",14,23,"y",4,0,10.71,"2024","10:36","10.71"
"590","64 14","64",14,23,"y",4,6,10.71,"2024","16:48","14.2"
"591","64 14","64",14,23,"y",4,24,10.71,"2024","10:50","30.59"
"592","64 15","64",15,23,"y",4,0,13.51,"2024","10:37","13.51"
"593","64 15","64",15,23,"y",4,6,13.51,"2024","16:49","17.81"
"594","64 15","64",15,23,"y",4,24,13.51,"2024","10:51","41.09"
"595","64 16","64",16,23,"y",4,0,11.49,"2024","10:39","11.49"
"596","64 16","64",16,23,"y",4,6,11.49,"2024","16:50","14.39"
"597","64 16","64",16,23,"y",4,24,11.49,"2024","10:53","32.59"
"598","69 1","69",1,23,"y",4,0,15.17,"2024","10:40","15.17"
"599","69 1","69",1,23,"y",4,6,15.17,"2024","16:50","25.13"
"600","69 1","69",1,23,"y",4,24,15.17,"2024","10:54","48"
"601","69 2","69",2,23,"y",4,0,14.12,"2024","10:40","14.12"
"602","69 2","69",2,23,"y",4,6,14.12,"2024","16:51","20.89"
"603","69 2","69",2,23,"y",4,24,14.12,"2024","10:54","43.23"
"604","69 3","69",3,23,"y",4,0,8.87,"2024","10:41","8.87"
"605","69 3","69",3,23,"y",4,6,8.87,"2024","16:52","13.59"
"606","69 3","69",3,23,"y",4,24,8.87,"2024","10:55","31.41"
"607","69 4","69",4,23,"y",4,0,12.98,"2024","10:42","12.98"
"608","69 4","69",4,23,"y",4,6,12.98,"2024","16:53","18.75"
"609","69 4","69",4,23,"y",4,24,12.98,"2024","10:56","41.59"
"610","69 5","69",5,23,"y",4,0,9.63,"2024","10:43","9.63"
"611","69 5","69",5,23,"y",4,6,9.63,"2024","16:53","16.5"
"612","69 5","69",5,23,"y",4,24,9.63,"2024","10:57","33.78"
"613","69 6","69",6,23,"y",4,0,10.46,"2024","10:45","10.46"
"614","69 6","69",6,23,"y",4,6,10.46,"2024","16:54","17.87"
"615","69 6","69",6,23,"y",4,24,10.46,"2024","10:58","39.94"
"616","69 7","69",7,23,"y",4,0,12.27,"2024","10:45","12.27"
"617","69 7","69",7,23,"y",4,6,12.27,"2024","16:54","18.91"
"618","69 7","69",7,23,"y",4,24,12.27,"2024","10:59","39.75"
"619","66 8","66",8,29,"y",4,0,9.68,"2024","10:46","9.68"
"620","66 8","66",8,29,"y",4,6,9.68,"2024","16:58","15.35"
"621","66 8","66",8,29,"y",4,24,9.68,"2024","11:01","49.33"
"622","66 9","66",9,29,"y",4,0,12.81,"2024","10:47","12.81"
"623","66 9","66",9,29,"y",4,6,12.81,"2024","16:59","21.25"
"624","66 9","66",9,29,"y",4,24,12.81,"2024","11:02","38.52"
"625","66 10","66",10,29,"y",4,0,17.27,"2024","10:49","17.27"
"626","66 10","66",10,29,"y",4,6,17.27,"2024","16:59","33.02"
"627","66 10","66",10,29,"y",5,24,17.27,"2024","11:03","39.09"
"628","66 11","66",11,29,"y",4,0,14.25,"2024","10:49","14.25"
"629","66 11","66",11,29,"y",4,6,14.25,"2024","17:00","19.81"
"630","66 11","66",11,29,"y",4,24,14.25,"2024","11:04","38.89"
"631","66 12","66",12,29,"y",4,0,11.82,"2024","10:51","11.82"
"632","66 12","66",12,29,"y",4,6,11.82,"2024","17:01","20.64"
"633","66 12","66",12,29,"y",4,24,11.82,"2024","11:05","47.11"
"634","69 8","69",8,29,"y",4,0,10.98,"2024","10:52","10.98"
"635","69 8","69",8,29,"y",4,6,10.98,"2024","17:02","18.04"
"636","69 8","69",8,29,"y",4,24,10.98,"2024","11:06","53.42"
"637","69 9","69",9,29,"y",4,0,13.71,"2024","10:52","13.71"
"638","69 9","69",9,29,"y",4,6,13.71,"2024","17:03","25.7"
"639","69 9","69",9,29,"y",4,24,13.71,"2024","11:07","48.26"
"640","69 10","69",10,29,"y",4,0,11.45,"2024","10:53","11.45"
"641","69 10","69",10,29,"y",4,6,11.45,"2024","17:03","16.47"
"642","69 10","69",10,29,"y",4,24,11.45,"2024","11:08","49.55"
"643","69 11","69",11,29,"y",4,0,11.84,"2024","10:54","11.84"
"644","69 11","69",11,29,"y",4,6,11.84,"2024","17:04","16.04"
"645","69 11","69",11,29,"y",4,24,11.84,"2024","11:09","55.77"
"646","69 12","69",12,29,"y",4,0,11.82,"2024","10:54","11.82"
"647","69 12","69",12,29,"y",4,6,11.82,"2024","17:05","17.04"
"648","69 12","69",12,29,"y",4,24,11.82,"2024","11:10","51.33"
"649","72 1","72",1,29,"y",4,0,12.02,"2024","10:55","12.02"
"650","72 1","72",1,29,"y",4,6,12.02,"2024","17:05","18.13"
"651","72 1","72",1,29,"y",4,24,12.02,"2024","11:11","45.14"
"652","72 2","72",2,29,"y",4,0,12.58,"2024","10:56","12.58"
"653","72 2","72",2,29,"y",4,6,12.58,"2024","17:06","21.28"
"654","72 2","72",2,29,"y",4,24,12.58,"2024","11:12","49.37"
"655","66 13","66",13,11,"y",4,0,14.55,"2024","10:58","14.55"
"656","66 13","66",13,11,"y",4,6,14.55,"2024","17:10","15.89"
"657","66 13","66",13,11,"y",4,24,14.55,"2024","11:14","19.51"
"658","66 14","66",14,11,"y",4,0,18.31,"2024","10:58","18.31"
"659","66 14","66",14,11,"y",4,6,18.31,"2024","17:11","21.03"
"660","66 14","66",14,11,"y",4,24,18.31,"2024","11:14","27.34"
"661","72 3","72",3,11,"y",4,0,10.74,"2024","11:00","10.74"
"662","72 3","72",3,11,"y",4,6,10.74,"2024","17:12","12.38"
"663","72 3","72",3,11,"y",4,24,10.74,"2024","11:15","13.92"
"664","72 4","72",4,11,"y",4,0,6.11,"2024","11:00","6.11"
"665","72 4","72",4,11,"y",4,6,6.11,"2024","17:13","7.77"
"666","72 4","72",4,11,"y",4,24,6.11,"2024","11:16","11.59"
"667","72 5","72",5,11,"y",4,0,16.99,"2024","11:01","16.99"
"668","72 5","72",5,11,"y",4,6,16.99,"2024","17:14","18.7"
"669","72 5","72",5,11,"y",4,24,16.99,"2024","11:17","21.77"
"670","72 6","72",6,11,"y",4,0,11.4,"2024","11:04","11.4"
"671","72 6","72",6,11,"y",4,6,11.4,"2024","17:14","14.41"
"672","72 6","72",6,11,"y",4,24,11.4,"2024","11:18","15.67"
"673","72 7","72",7,11,"y",4,0,10,"2024","11:03","10"
"674","72 7","72",7,11,"y",4,6,10,"2024","17:15","12.92"
"675","72 7","72",7,11,"y",4,24,10,"2024","11:19","16.39"
"676","73 1","73",1,11,"y",4,0,9.21,"2024","","9.21"
"677","73 1","73",1,11,"y",4,6,9.21,"2024","17:16","10.11"
"678","73 1","73",1,11,"y",4,24,9.21,"2024","11:20","12.34"
"679","73 2","73",2,11,"y",4,0,9.28,"2024","11:06","9.28"
"680","73 2","73",2,11,"y",4,6,9.28,"2024","17:17","9.82"
"681","73 2","73",2,11,"y",4,24,9.28,"2024","11:21","13.59"
"682","74 1","74",1,11,"y",4,0,12.49,"2024","11:08","12.49"
"683","74 1","74",1,11,"y",4,6,12.49,"2024","17:17","15.2"
"684","74 1","74",1,11,"y",4,24,12.49,"2024","11:22","17.01"
"685","74 2","74",2,11,"y",4,0,8.97,"2024","11:09","8.97"
"686","74 2","74",2,11,"y",4,6,8.97,"2024","17:18","10.49"
"687","74 2","74",2,11,"y",4,24,8.97,"2024","11:23","12.42"
"688","74 3","74",3,11,"y",4,0,10.96,"2024","11:09","10.96"
"689","74 3","74",3,11,"y",4,6,10.96,"2024","17:19","12.89"
"690","74 3","74",3,11,"y",4,24,10.96,"2024","11:24","14.94"
"691","72 8","72",8,17,"y",4,0,16.19,"2024","11:10","16.19"
"692","72 8","72",8,17,"y",4,6,16.19,"2024","17:20","21.97"
"693","72 8","72",8,17,"y",4,24,16.19,"2024","11:25","30.95"
"694","72 9","72",9,17,"y",4,0,13.52,"2024","11:11","13.52"
"695","72 9","72",9,17,"y",4,6,13.52,"2024","17:21","20.81"
"696","72 9","72",9,17,"y",4,24,13.52,"2024","11:26","30.13"
"697","72 10","72",10,17,"y",4,0,15.46,"2024","11:12","15.46"
"698","72 10","72",10,17,"y",4,6,15.46,"2024","17:22","22.94"
"699","72 10","72",10,17,"y",4,24,15.46,"2024","11:27","33.23"
"700","72 11","72",11,17,"y",4,0,13.55,"2024","11:13","13.55"
"701","72 11","72",11,17,"y",4,6,13.55,"2024","17:23","17.17"
"702","72 11","72",11,17,"y",4,24,13.55,"2024","11:28","23.82"
"703","72 12","72",12,17,"y",4,0,11.11,"2024","11:14","11.11"
"704","72 12","72",12,17,"y",4,6,11.11,"2024","17:23","14.68"
"705","72 12","72",12,17,"y",4,24,11.11,"2024","11:29","23.15"
"706","72 13","72",13,17,"y",4,0,16.97,"2024","11:15","16.97"
"707","72 13","72",13,17,"y",4,6,16.97,"2024","17:24","20.93"
"708","72 13","72",13,17,"y",4,24,16.97,"2024","11:30","29.79"
"709","72 14","72",14,17,"y",4,0,12.92,"2024","11:16","12.92"
"710","72 14","72",14,17,"y",4,6,12.92,"2024","17:24","16.54"
"711","72 14","72",14,17,"y",4,24,12.92,"2024","11:31","26.34"
"712","74 4","74",4,17,"y",4,0,14.39,"2024","11:17","14.39"
"713","74 4","74",4,17,"y",4,6,14.39,"2024","17:25","18.13"
"714","74 4","74",4,17,"y",4,24,14.39,"2024","11:32","29.59"
"715","74 5","74",5,17,"y",4,0,8.92,"2024","11:18","8.92"
"716","74 5","74",5,17,"y",4,6,8.92,"2024","17:26","10.55"
"717","74 5","74",5,17,"y",4,24,8.92,"2024","11:33","17.04"
"718","74 6","74",6,17,"y",4,0,10.58,"2024","11:18","10.58"
"719","74 6","74",6,17,"y",4,6,10.58,"2024","17:26","15.17"
"720","74 6","74",6,17,"y",4,24,10.58,"2024","11:34","22.55"
"721","74 7","74",7,17,"y",4,0,11.66,"2024","11:19","11.66"
"722","74 7","74",7,17,"y",4,6,11.66,"2024","17:27","15.71"
"723","74 7","74",7,17,"y",4,24,11.66,"2024","11:35","23.07"
"724","74 8","74",8,17,"y",4,0,10.79,"2024","11:20","10.79"
"725","74 8","74",8,17,"y",4,6,10.79,"2024","17:28","13.72"
"726","74 8","74",8,17,"y",4,24,10.79,"2024","11:36","19.7"
"727","72 15","72",15,23,"y",4,0,8.86,"2024","11:21","8.86"
"728","72 15","72",15,23,"y",4,6,8.86,"2024","17:29","16.73"
"729","72 15","72",15,23,"y",4,24,8.86,"2024","11:37","32.7"
"730","72 16","72",16,23,"y",4,0,13.22,"2024","11:21","13.22"
"731","72 16","72",16,23,"y",4,6,13.22,"2024","17:30","19.21"
"732","72 16","72",16,23,"y",4,24,13.22,"2024","11:38","44.38"
"733","72 17","72",17,23,"y",4,0,12.24,"2024","11:22","12.24"
"734","72 17","72",17,23,"y",4,6,12.24,"2024","17:31","17.7"
"735","72 17","72",17,23,"y",4,24,12.24,"2024","11:39","45.09"
"736","72 18","72",18,23,"y",4,0,12.12,"2024","11:23","12.12"
"737","72 18","72",18,23,"y",4,6,12.12,"2024","17:31","20.24"
"738","72 18","72",18,23,"y",4,24,12.12,"2024","11:40","41.94"
"739","72 19","72",19,23,"y",4,0,12.2,"2024","11:24","12.2"
"740","72 19","72",19,23,"y",4,6,12.2,"2024","17:31","17.7"
"741","72 19","72",19,23,"y",4,24,12.2,"2024","11:41","37.02"
"742","72 20","72",20,23,"y",4,0,12.53,"2024","11:24","12.53"
"743","72 20","72",20,23,"y",4,6,12.53,"2024","17:33","17.68"
"744","72 20","72",20,23,"y",4,24,12.53,"2024","11:42","38.11"
"745","72 21","72",21,23,"y",4,0,11.29,"2024","11:25","11.29"
"746","72 21","72",21,23,"y",4,6,11.29,"2024","17:34","15.8"
"747","72 21","72",21,23,"y",4,24,11.29,"2024","11:43","38.27"
"748","74 9","74",9,23,"y",4,0,12.16,"2024","11:26","12.16"
"749","74 9","74",9,23,"y",4,6,12.16,"2024","17:35","16.04"
"750","74 9","74",9,23,"y",4,24,12.16,"2024","11:44","31.93"
"751","74 10","74",10,23,"y",4,0,10.17,"2024","11:26","10.17"
"752","74 10","74",10,23,"y",4,6,10.17,"2024","17:36","16.91"
"753","74 10","74",10,23,"y",4,24,10.17,"2024","11:46","37.15"
"754","78 1","78",1,23,"y",4,0,10.78,"2024","11:27","10.78"
"755","78 1","78",1,23,"y",4,6,10.78,"2024","17:36","15.46"
"756","78 1","78",1,23,"y",4,24,10.78,"2024","11:47","38.35"
"757","78 2","78",2,23,"y",4,0,9.79,"2024","11:27","9.79"
"758","78 2","78",2,23,"y",4,6,9.79,"2024","17:37","15.36"
"759","78 2","78",2,23,"y",4,24,9.79,"2024","11:48","33.08"
"760","78 3","78",3,23,"y",4,0,12.73,"2024","11:28","12.73"
"761","78 3","78",3,23,"y",4,6,12.73,"2024","17:38","18.86"
"762","78 3","78",3,23,"y",4,24,12.73,"2024","11:49","46.5"
"763","72 22","72",22,29,"y",4,0,6.27,"2024","11:30","6.27"
"764","72 22","72",22,29,"y",4,6,6.27,"2024","17:41","14.08"
"765","72 22","72",22,29,"y",4,24,6.27,"2024","11:51","38.62"
"766","72 23","72",23,29,"y",4,0,17.16,"2024","11:31","17.16"
"767","72 23","72",23,29,"y",4,6,17.16,"2024","17:41","26.86"
"768","72 23","72",23,29,"y",4,24,17.16,"2024","11:52","41.67"
"769","72 24","72",24,29,"y",4,0,12.21,"2024","11:32","12.21"
"770","72 24","72",24,29,"y",4,6,12.21,"2024","17:42","19.54"
"771","72 24","72",24,29,"y",4,24,12.21,"2024","11:53","46.86"
"772","72 25","72",25,29,"y",4,0,11.44,"2024","11:33","11.44"
"773","72 25","72",25,29,"y",4,6,11.44,"2024","17:43","19.83"
"774","72 25","72",25,29,"y",4,24,11.44,"2024","11:54","48.73"
"775","72 26","72",26,29,"y",4,0,10.75,"2024","11:34","10.75"
"776","72 26","72",26,29,"y",4,6,10.75,"2024","17:44","19.07"
"777","72 26","72",26,29,"y",4,24,10.75,"2024","11:55","43.44"
"778","78 4","78",4,29,"y",4,0,12.02,"2024","11:35","12.02"
"779","78 4","78",4,29,"y",4,6,12.02,"2024","17:45","17.7"
"780","78 4","78",4,29,"y",4,24,12.02,"2024","11:56","49.94"
"781","78 5","78",5,29,"y",4,0,12.17,"2024","11:35","12.17"
"782","78 5","78",5,29,"y",4,6,12.17,"2024","17:46","18.78"
"783","78 5","78",5,29,"y",4,24,12.17,"2024","11:57","54.32"
"784","78 6","78",6,29,"y",4,0,10.2,"2024","11:36","10.2"
"785","78 6","78",6,29,"y",4,6,10.2,"2024","17:47","17.2"
"786","78 6","78",6,29,"y",4,24,10.2,"2024","11:57","43.42"
"787","78 7","78",7,29,"y",4,0,11.5,"2024","11:37","11.5"
"788","78 7","78",7,29,"y",4,6,11.5,"2024","17:47","19.9"
"789","78 7","78",7,29,"y",4,24,11.5,"2024","11:58","55.33"
"790","78 8","78",8,29,"y",4,0,13.51,"2024","11:38","13.51"
"791","78 8","78",8,29,"y",4,6,13.51,"2024","17:48","22.61"
"792","78 8","78",8,29,"y",4,24,13.51,"2024","11:59","45.06"
"793","82 1","82",1,29,"y",4,0,7.88,"2024","11:38","7.88"
"794","82 1","82",1,29,"y",4,6,7.88,"2024","17:49","15.22"
"795","82 1","82",1,29,"y",4,24,7.88,"2024","12:00","39.78"
"796","82 2","82",2,29,"y",4,0,9.01,"2024","11:39","9.01"
"797","82 2","82",2,29,"y",4,6,9.01,"2024","17:49","17.43"
"798","82 2","82",2,29,"y",4,24,9.01,"2024","12:01","48.4"
"799","74 11","74",11,11,"y",4,0,10.08,"2024","11:40","10.08"
"800","74 11","74",11,11,"y",4,6,10.08,"2024","17:51","10.5"
"801","74 11","74",11,11,"y",4,24,10.08,"2024","12:03","12.07"
"802","74 12","74",12,11,"y",4,0,9.98,"2024","11:41","9.98"
"803","74 12","74",12,11,"y",4,6,9.98,"2024","17:51","10.78"
"804","74 12","74",12,11,"y",4,24,9.98,"2024","12:04","12.98"
"805","74 13","74",13,11,"y",4,0,10.29,"2024","11:42","10.29"
"806","74 13","74",13,11,"y",4,6,10.29,"2024","17:52","12.7"
"807","74 13","74",13,11,"y",4,24,10.29,"2024","12:05","14.39"
"808","75 1","75",1,11,"y",4,0,9.84,"2024","11:43","9.84"
"809","75 1","75",1,11,"y",4,6,9.84,"2024","17:53","11.48"
"810","75 1","75",1,11,"y",4,24,9.84,"2024","12:06","12.55"
"811","75 2","75",2,11,"y",4,0,8.79,"2024","11:43","8.79"
"812","75 2","75",2,11,"y",4,6,8.79,"2024","17:54","11.23"
"813","75 2","75",2,11,"y",4,24,8.79,"2024","12:07","13.09"
"814","77 1","77",1,11,"y",4,0,10.08,"2024","11:45","10.08"
"815","77 1","77",1,11,"y",4,6,10.08,"2024","17:55","10.94"
"816","77 1","77",1,11,"y",4,24,10.08,"2024","12:07","12.94"
"817","77 2","77",2,11,"y",4,0,13.63,"2024","11:45","13.63"
"818","77 2","77",2,11,"y",4,6,13.63,"2024","17:55","14.69"
"819","77 2","77",2,11,"y",4,24,13.63,"2024","12:08","17.94"
"820","77 3","77",3,11,"y",4,0,14.44,"2024","11:46","14.44"
"821","77 3","77",3,11,"y",4,6,14.44,"2024","17:56","15.89"
"822","77 3","77",3,11,"y",4,24,14.44,"2024","12:09","17.33"
"823","77 4","77",4,11,"y",4,0,14.06,"2024","11:47","14.06"
"824","77 4","77",4,11,"y",4,6,14.06,"2024","17:57","15.58"
"825","77 4","77",4,11,"y",4,24,14.06,"2024","12:10","17.35"
"826","79 1","79",1,11,"y",4,0,11.4,"2024","11:48","11.4"
"827","79 1","79",1,11,"y",4,6,11.4,"2024","17:57","12.97"
"828","79 1","79",1,11,"y",4,24,11.4,"2024","12:11","15.59"
"829","79 2","79",2,11,"y",4,0,9.79,"2024","11:48","9.79"
"830","79 2","79",2,11,"y",4,6,9.79,"2024","17:58","11.9"
"831","79 2","79",2,11,"y",4,24,9.79,"2024","12:12","14.08"
"832","79 3","79",3,11,"y",4,0,11.25,"2024","11:49","11.25"
"833","79 3","79",3,11,"y",4,6,11.25,"2024","17:58","13.56"
"834","79 3","79",3,11,"y",4,24,11.25,"2024","12:13","16.61"
"835","78 9","78",9,17,"y",4,0,13.96,"2024","11:51","13.96"
"836","78 9","78",9,17,"y",4,6,13.96,"2024","18:05","19.78"
"837","78 9","78",9,17,"y",4,24,13.96,"2024","12:15","26.95"
"838","78 10","78",10,17,"y",4,0,11.72,"2024","11:52","11.72"
"839","78 10","78",10,17,"y",4,6,11.72,"2024","18:05","15.64"
"840","78 10","78",10,17,"y",4,24,11.72,"2024","12:16","23.69"
"841","78 11","78",11,17,"y",4,0,15.84,"2024","11:53","15.84"
"842","78 11","78",11,17,"y",4,6,15.84,"2024","18:06","21.69"
"843","78 11","78",11,17,"y",4,24,15.84,"2024","12:17","36.06"
"844","78 12","78",12,17,"y",4,0,13.27,"2024","11:53","13.27"
"845","78 12","78",12,17,"y",4,6,13.27,"2024","18:07","16.11"
"846","78 12","78",12,17,"y",4,24,13.27,"2024","12:18","24.44"
"847","78 13","78",13,17,"y",4,0,14.19,"2024","11:55","14.19"
"848","78 13","78",13,17,"y",4,6,14.19,"2024","18:07","18.17"
"849","78 13","78",13,17,"y",4,24,14.19,"2024","12:19","28.16"
"850","79 4","79",4,17,"y",4,0,11.96,"2024","11:56","11.96"
"851","79 4","79",4,17,"y",4,6,11.96,"2024","18:08","13.76"
"852","79 4","79",4,17,"y",4,24,11.96,"2024","12:20","21.47"
"853","79 5","79",5,17,"y",4,0,10.35,"2024","11:57","10.35"
"854","79 5","79",5,17,"y",4,6,10.35,"2024","18:09","12"
"855","79 5","79",5,17,"y",4,24,10.35,"2024","12:21","19.24"
"856","79 6","79",6,17,"y",4,0,13.64,"2024","11:59","13.64"
"857","79 6","79",6,17,"y",4,6,13.64,"2024","18:10","17.53"
"858","79 6","79",6,17,"y",4,24,13.64,"2024","12:22","27.74"
"859","79 7","79",7,17,"y",4,0,14.54,"2024","12:01","14.54"
"860","79 7","79",7,17,"y",4,6,14.54,"2024","18:11","17.46"
"861","79 7","79",7,17,"y",4,24,14.54,"2024","12:23","24.91"
"862","79 8","79",8,17,"y",4,0,13.97,"2024","12:01","13.97"
"863","79 8","79",8,17,"y",4,6,13.97,"2024","18:12","17.26"
"864","79 8","79",8,17,"y",4,24,13.97,"2024","12:24","26.71"
"865","81 1","81",1,17,"y",4,0,9.29,"2024","12:02","9.29"
"866","81 1","81",1,17,"y",4,6,9.29,"2024","18:12","11.02"
"867","81 1","81",1,17,"y",4,24,9.29,"2024","12:25","17.75"
"868","81 2","81",2,17,"y",4,0,8.11,"2024","12:03","8.11"
"869","81 2","81",2,17,"y",4,6,8.11,"2024","18:13","11.16"
"870","81 2","81",2,17,"y",4,24,8.11,"2024","12:26","14:34"
"871","78 14","78",14,23,"y",4,0,10.01,"2024","12:05","10.01"
"872","78 14","78",14,23,"y",4,6,10.01,"2024","18:17","14.91"
"873","78 14","78",14,23,"y",4,24,10.01,"2024","12:27","36.81"
"874","78 15","78",15,23,"y",4,0,10.87,"2024","12:06","10.87"
"875","78 15","78",15,23,"y",4,6,10.87,"2024","18:18","17.92"
"876","78 15","78",15,23,"y",4,24,10.87,"2024","12:28","39.5"
"877","78 16","78",16,23,"y",4,0,13.36,"2024","12:06","13.36"
"878","78 16","78",16,23,"y",4,6,13.36,"2024","18:18","21.25"
"879","78 16","78",16,23,"y",4,24,13.36,"2024","12:29","47.33"
"880","79 9","79",9,23,"y",4,0,14,"2024","12:07","14"
"881","79 9","79",9,23,"y",4,6,14,"2024","18:19","24.89"
"882","79 9","79",9,23,"y",4,24,14,"2024","12:30","50.99"
"883","79 10","79",10,23,"y",4,0,17.03,"2024","12:08","17.03"
"884","79 10","79",10,23,"y",4,6,17.03,"2024","18:20","26.83"
"885","79 10","79",10,23,"y",4,24,17.03,"2024","12:31","51.66"
"886","79 11","79",11,23,"y",4,0,18.89,"2024","12:09","18.89"
"887","79 11","79",11,23,"y",4,6,18.89,"2024","18:21","33.26"
"888","79 11","79",11,23,"y",4,24,18.89,"2024","12:32","49.48"
"889","79 12","79",12,23,"y",4,0,7.08,"2024","12:11","7.08"
"890","79 12","79",12,23,"y",4,6,7.08,"2024","18:21","6.67"
"891","79 12","79",12,23,"n",4,24,7.08,"2024","",""
"892","81 3","81",3,23,"y",4,0,10.67,"2024","12:12","10.67"
"893","81 3","81",3,23,"y",4,6,10.67,"2024","18:22","17.26"
"894","81 3","81",3,23,"y",4,24,10.67,"2024","12:33","35.2"
"895","81 4","81",4,23,"y",4,0,9.98,"2024","12:12","9.98"
"896","81 4","81",4,23,"y",4,6,9.98,"2024","18:23","13.74"
"897","81 4","81",4,23,"y",4,24,9.98,"2024","12:34","30.44"
"898","81 5","81",5,23,"y",4,0,13.64,"2024","12:13","13.64"
"899","81 5","81",5,23,"y",4,6,13.64,"2024","18:24","17.21"
"900","81 5","81",5,23,"y",4,24,13.64,"2024","12:35","34.13"
"901","82 3","82",3,23,"y",4,0,10.2,"2024","12:14","10.2"
"902","82 3","82",3,23,"y",4,6,10.2,"2024","18:24","15.44"
"903","82 3","82",3,23,"y",4,24,10.2,"2024","12:36","41.42"
"904","82 4","82",4,23,"y",4,0,12.32,"2024","12:15","12.32"
"905","82 4","82",4,23,"y",4,6,12.32,"2024","18:25","16.99"
"906","82 4","82",4,23,"y",4,24,12.32,"2024","12:37","43.46"
"907","82 5","82",5,29,"y",4,0,9.88,"2024","12:21","9.88"
"908","82 5","82",5,29,"y",4,6,9.88,"2024","18:37","19.81"
"909","82 5","82",5,29,"y",4,24,9.88,"2024","12:39","45.51"
"910","82 6","82",6,29,"y",4,0,10.73,"2024","12:24","10.73"
"911","82 6","82",6,29,"y",4,6,10.73,"2024","18:38","15.94"
"912","82 6","82",6,29,"y",4,24,10.73,"2024","12:40","49.6"
"913","82 7","82",7,29,"y",4,0,10.16,"2024","12:25","10.16"
"914","82 7","82",7,29,"y",4,6,10.16,"2024","18:38","16.03"
"915","82 7","82",7,29,"y",4,24,10.16,"2024","12:41","43.11"
"916","83 1","83",1,29,"y",4,0,16.34,"2024","12:25","16.34"
"917","83 1","83",1,29,"y",4,6,16.34,"2024","18:39","30.83"
"918","83 1","83",1,29,"y",4,24,16.34,"2024","12:42","56.58"
"919","83 2","83",2,29,"y",4,0,12.09,"2024","12:27","12.09"
"920","83 2","83",2,29,"y",4,6,12.09,"2024","18:39","19.84"
"921","83 2","83",2,29,"y",4,24,12.09,"2024","12:42","55.45"
"922","83 3","83",3,29,"y",4,0,9,"2024","12:28","9"
"923","83 3","83",3,29,"y",4,6,9,"2024","18:40","17.5"
"924","83 3","83",3,29,"y",4,24,9,"2024","12:43","46.42"
"925","83 4","83",4,29,"y",4,0,13.04,"2024","12:30","13.04"
"926","83 4","83",4,29,"y",4,6,13.04,"2024","18:40","24.68"
"927","83 4","83",4,29,"y",4,24,13.04,"2024","12:44","49.85"
"928","83 5","83",5,29,"y",4,0,9.67,"2024","12:31","9.67"
"929","83 5","83",5,29,"y",4,6,9.67,"2024","18:41","19.78"
"930","83 5","83",5,29,"y",4,24,9.67,"2024","12:45","49.84"
"931","83 6","83",6,29,"y",4,0,15.95,"2024","12:31","15.95"
"932","83 6","83",6,29,"y",4,6,15.95,"2024","18:42","21.56"
"933","83 6","83",6,29,"y",4,24,15.95,"2024","12:46","48.39"
"934","83 7","83",7,29,"y",4,0,11.19,"2024","12:32","11.19"
"935","83 7","83",7,29,"y",4,6,11.19,"2024","18:42","21.12"
"936","83 7","83",7,29,"y",4,24,11.19,"2024","12:47","47.43"
"937","83 8","83",8,29,"y",4,0,9.98,"2024","12:34","9.98"
"938","83 8","83",8,29,"y",4,6,9.98,"2024","18:43","15.25"
"939","83 8","83",8,29,"y",4,24,9.98,"2024","12:48","50.41"
"940","83 9","83",9,29,"y",4,0,13.82,"2024","12:35","13.82"
"941","83 9","83",9,29,"y",4,6,13.82,"2024","18:44","23.43"
"942","83 9","83",9,29,"y",4,24,13.82,"2024","12:49","48.22"
"943","79 13","79",13,11,"y",4,0,17.48,"2024","12:38","17.48"
"944","79 13","79",13,11,"y",4,6,17.48,"2024","18:49","19.12"
"945","79 13","79",13,11,"y",4,24,17.48,"2024","12:51","23.62"
"946","79 14","79",14,11,"y",4,0,15.76,"2024","12:39","15.76"
"947","79 14","79",14,11,"y",4,6,15.76,"2024","18:50","17.76"
"948","79 14","79",14,11,"y",4,24,15.76,"2024","12:52","21.47"
"949","79 15","79",15,11,"y",4,0,12.61,"2024","12:39","12.61"
"950","79 15","79",15,11,"y",4,6,12.61,"2024","18:51","15.44"
"951","79 15","79",15,11,"y",4,24,12.61,"2024","12:53","20.44"
"952","80 1","80",1,11,"y",4,0,11.03,"2024","12:40","11.03"
"953","80 1","80",1,11,"y",4,6,11.03,"2024","18:51","13.6"
"954","80 1","80",1,11,"y",4,24,11.03,"2024","12:54","16.79"
"955","80 2","80",2,11,"y",4,0,10.22,"2024","12:41","10.22"
"956","80 2","80",2,11,"y",4,6,10.22,"2024","18:52","12.34"
"957","80 2","80",2,11,"y",4,24,10.22,"2024","12:55","14.57"
"958","81 6","81",6,11,"y",4,0,9.13,"2024","12:42","9.13"
"959","81 6","81",6,11,"y",4,6,9.13,"2024","18:53","10.1"
"960","81 6","81",6,11,"y",4,24,9.13,"2024","12:56","11.86"
"961","81 7","81",7,11,"y",4,0,9.26,"2024","12:43","9.26"
"962","81 7","81",7,11,"y",4,6,9.26,"2024","18:53","11.48"
"963","81 7","81",7,11,"y",4,24,9.26,"2024","12:56","13.32"
"964","81 8","81",8,11,"y",4,0,13.61,"2024","12:44","13.61"
"965","81 8","81",8,11,"y",4,6,13.61,"2024","18:54","13.49"
"966","81 8","81",8,11,"y",4,24,13.61,"2024","12:58","18.2"
"967","81 9","81",9,11,"y",4,0,9.19,"2024","12:45","9.19"
"968","81 9","81",9,11,"y",4,6,9.19,"2024","18:54","10.18"
"969","81 9","81",9,11,"y",4,24,9.19,"2024","12:58","10.58"
"970","81 10","81",10,11,"y",4,0,14.18,"2024","12:46","14.18"
"971","81 10","81",10,11,"y",4,6,14.18,"2024","18:55","16.93"
"972","81 10","81",10,11,"y",4,24,14.18,"2024","12:59","21.38"
"973","83 10","83",10,11,"y",4,0,12.89,"2024","12:48","12.89"
"974","83 10","83",10,11,"y",4,6,12.89,"2024","18:56","14.56"
"975","83 10","83",10,11,"y",4,24,12.89,"2024","13:00","19.82"
"976","83 11","83",11,11,"y",4,0,11.84,"2024","12:47","11.84"
"977","83 11","83",11,11,"y",4,6,11.84,"2024","18:58","12.66"
"978","83 11","83",11,11,"y",4,24,11.84,"2024","13:01","15.8"
"979","81 11","81",11,17,"y",4,0,10.23,"2024","12:50","10.23"
"980","81 11","81",11,17,"y",4,6,10.23,"2024","19:00","11.87"
"981","81 11","81",11,17,"y",4,24,10.23,"2024","13:02","20.13"
"982","81 12","81",12,17,"y",4,0,12.01,"2024","12:51","12.01"
"983","81 12","81",12,17,"y",4,6,12.01,"2024","19:00","14.86"
"984","81 12","81",12,17,"y",4,24,12.01,"2024","13:04","22.04"
"985","81 13","81",13,17,"y",4,0,9.24,"2024","12:52","9.24"
"986","81 13","81",13,17,"y",4,6,9.24,"2024","19:01","11.92"
"987","81 13","81",13,17,"y",4,24,9.24,"2024","13:04","19.57"
"988","83 12","83",12,17,"",4,0,NA,"2024","12:53",""
"989","83 12","83",12,17,"",4,6,NA,"2024","",""
"990","83 12","83",12,17,"",4,24,NA,"2024","",""
"991","83 13","83",13,17,"y",4,0,12.09,"2024","12:54","12.09"
"992","83 13","83",13,17,"y",4,6,12.09,"2024","19:02","15.25"
"993","83 13","83",13,17,"y",4,24,12.09,"2024","13:05","26.09"
"994","83 14","83",14,17,"y",4,0,12.32,"2024","12:54","12.32"
"995","83 14","83",14,17,"y",4,6,12.32,"2024","19:03","16.36"
"996","83 14","83",14,17,"y",4,24,12.32,"2024","13:06","25.39"
"997","83 15","83",15,17,"y",4,0,11.23,"2024","12:55","11.23"
"998","83 15","83",15,17,"y",4,6,11.23,"2024","19:04","17.05"
"999","83 15","83",15,17,"y",4,24,11.23,"2024","13:07","27.01"
"1000","83 16","83",16,17,"y",4,0,7.6,"2024","12:57","7.6"
"1001","83 16","83",16,17,"y",4,6,7.6,"2024","19:05","11.06"
"1002","83 16","83",16,17,"y",4,24,7.6,"2024","13:08","18.99"
"1003","83 17","83",17,17,"y",4,0,8.98,"2024","12:58","8.98"
"1004","83 17","83",17,17,"y",4,6,8.98,"2024","19:06","11.66"
"1005","83 17","83",17,17,"y",4,24,8.98,"2024","13:09","19.89"
"1006","83 18","83",18,17,"y",4,0,10.9,"2024","12:58","10.9"
"1007","83 18","83",18,17,"y",4,6,10.9,"2024","19:07","14.2"
"1008","83 18","83",18,17,"y",4,24,10.9,"2024","13:10","24.98"
"1009","83 19","83",19,23,"y",4,0,19.5,"2024","13:00","19.5"
"1010","83 19","83",19,23,"y",4,6,19.5,"2024","19:09","30.38"
"1011","83 19","83",19,23,"y",4,24,19.5,"2024","13:11","37.37"
"1012","83 20","83",20,23,"y",4,0,15.12,"2024","13:02","15.12"
"1013","83 20","83",20,23,"y",4,6,15.12,"2024","19:09","28.39"
"1014","83 20","83",20,23,"y",4,24,15.12,"2024","13:12","46.52"
"1015","83 21","83",21,23,"y",4,0,14.09,"2024","13:03","14.09"
"1016","83 21","83",21,23,"y",4,6,14.09,"2024","19:10","24.37"
"1017","83 21","83",21,23,"y",4,24,14.09,"2024","13:12","52.4"
"1018","83 22","83",22,23,"y",4,0,13.52,"2024","13:04","13.52"
"1019","83 22","83",22,23,"y",4,6,13.52,"2024","19:11","20.4"
"1020","83 22","83",22,23,"y",4,24,13.52,"2024","13:13","45.17"
"1021","83 23","83",23,23,"y",4,0,11.93,"2024","13:06","11.93"
"1022","83 23","83",23,23,"y",4,6,11.93,"2024","19:11","16.84"
"1023","83 23","83",23,23,"y",4,24,11.93,"2024","13:14","41.5"
"1024","83 24","83",24,23,"y",4,0,11.55,"2024","13:06","11.55"
"1025","83 24","83",24,23,"y",4,6,11.55,"2024","19:12","18.16"
"1026","83 24","83",24,23,"y",4,24,11.55,"2024","13:16","39.4"
"1027","83 25","83",25,11,"y",4,0,11.29,"2024","13:08","11.29"
"1028","83 25","83",25,11,"y",4,6,11.29,"2024","19:13","12.88"
"1029","83 25","83",25,11,"y",4,24,11.29,"2024","13:18","16.97"
"1030","83 26","83",26,11,"y",4,0,11.62,"2024","13:09","11.62"
"1031","83 26","83",26,11,"y",4,6,11.62,"2024","19:14","13.97"
"1032","83 26","83",26,11,"y",4,24,11.62,"2024","13:19","17.25"
"1033","83 27","83",27,11,"y",4,0,10.58,"2024","13:10","10.58"
"1034","83 27","83",27,11,"y",4,6,10.58,"2024","19:15","13.6"
"1035","83 27","83",27,11,"y",4,24,10.58,"2024","13:20","16.68"
"1036","65 5","65",5,11,"",4,0,8.32,"2024","9:34","8.32"
"1037","65 5","65",5,11,"y",4,6,8.32,"2024","15:45","9.97"
"1038","65 5","65",5,11,"y",4,24,8.32,"2024","9:45","13.37"
"1039","66 15","66",15,11,"",4,0,18.15,"2024","9:35","18.15"
"1040","66 15","66",15,11,"y",4,6,18.15,"2024","15:46","23.27"
"1041","66 15","66",15,11,"y",4,24,18.15,"2024","9:46","32.48"
"1042","72 27","72",27,11,"",4,0,17.94,"2024","9:36","17.94"
"1043","72 27","72",27,11,"y",4,6,17.94,"2024","15:47","22.33"
"1044","72 27","72",27,11,"y",4,24,17.94,"2024","9:48","25.65"
"1045","73 3","73",3,11,"",4,0,17.15,"2024","9:37","17.15"
"1046","73 3","73",3,11,"y",4,6,17.15,"2024","15:48","18.95"
"1047","73 3","73",3,11,"y",4,24,17.15,"2024","9:49","21.59"
"1048","73 4","73",4,11,"",4,0,11.39,"2024","9:38","11.39"
"1049","73 4","73",4,11,"y",4,6,11.39,"2024","15:48","12.28"
"1050","73 4","73",4,11,"y",4,24,11.39,"2024","9:50","14.34"
"1051","73 5","73",5,11,"",4,0,8.77,"2024","9:38","8.77"
"1052","73 5","73",5,11,"y",4,6,8.77,"2024","15:49","10.32"
"1053","73 5","73",5,11,"y",4,24,8.77,"2024","9:51","12.32"
"1054","75 3","75",3,11,"",4,0,9.62,"2024","9:39","9.62"
"1055","75 3","75",3,11,"y",4,6,9.62,"2024","15:50","11.94"
"1056","75 3","75",3,11,"y",4,24,9.62,"2024","9:52","16.19"
"1057","75 4","75",4,11,"",4,0,9.18,"2024","9:40","9.18"
"1058","75 4","75",4,11,"y",4,6,9.18,"2024","15:50","10.93"
"1059","75 4","75",4,11,"y",4,24,9.18,"2024","9:53","12.81"
"1060","75 5","75",5,11,"",4,0,13.06,"2024","9:40","13.06"
"1061","75 5","75",5,11,"y",4,6,13.06,"2024","15:51","15.84"
"1062","75 5","75",5,11,"y",4,24,13.06,"2024","9:54","19.99"
"1063","77 5","77",5,11,"",4,0,15.3,"2024","9:41","15.3"
"1064","77 5","77",5,11,"y",4,6,15.3,"2024","15:52","15.44"
"1065","77 5","77",5,11,"y",4,24,15.3,"2024","9:55","15.84"
"1066","80 3","80",3,11,"",4,0,14.09,"2024","9:43","14.09"
"1067","80 3","80",3,11,"n",4,6,14.09,"2024","15:54","14.19"
"1068","80 3","80",3,11,"y",4,24,14.09,"2024","9:56","17.58"
"1069","80 4","80",4,11,"",4,0,10.01,"2024","9:43","10.01"
"1070","80 4","80",4,11,"y",4,6,10.01,"2024","15:55","11.45"
"1071","80 4","80",4,11,"y",4,24,10.01,"2024","9:57","14.42"
"1072","64 17","64",17,17,"",4,0,14.52,"2024","9:46","14.52"
"1073","64 17","64",17,17,"y",4,6,14.52,"2024","15:56","20.4"
"1074","64 17","64",17,17,"y",4,24,14.52,"2024","9:59","34.08"
"1075","66 16","66",16,17,"",4,0,12.33,"2024","9:47","12.33"
"1076","66 16","66",16,17,"y",4,6,12.33,"2024","15:57","16.96"
"1077","66 16","66",16,17,"y",4,24,12.33,"2024","10:00","27.51"
"1078","67 3","67",3,17,"",4,0,10.31,"2024","9:48","10.31"
"1079","67 3","67",3,17,"y",4,6,10.31,"2024","15:58","15.15"
"1080","67 3","67",3,17,"y",4,24,10.31,"2024","10:01","27.48"
"1081","67 4","67",4,17,"",4,0,13.89,"2024","9:49","13.89"
"1082","67 4","67",4,17,"y",4,6,13.89,"2024","15:59","21.05"
"1083","67 4","67",4,17,"y",4,24,13.89,"2024","10:02","33.13"
"1084","67 5","67",5,17,"",4,0,14.54,"2024","9:49","14.54"
"1085","67 5","67",5,17,"y",4,6,14.54,"2024","16:00","17.77"
"1086","67 5","67",5,17,"y",4,24,14.54,"2024","10:03","25.52"
"1087","69 13","69",13,17,"",4,0,11.16,"2024","9:50","11.16"
"1088","69 13","69",13,17,"y",4,6,11.16,"2024","16:00","12.13"
"1089","69 13","69",13,17,"y",4,24,11.16,"2024","10:04","16.23"
"1090","69 14","69",14,17,"",4,0,12.52,"2024","9:50","12.52"
"1091","69 14","69",14,17,"y",4,6,12.52,"2024","16:01","15.48"
"1092","69 14","69",14,17,"y",4,24,12.52,"2024","10:05","23.34"
"1093","69 15","69",15,17,"",4,0,11.99,"2024","9:51","11.99"
"1094","69 15","69",15,17,"y",4,6,11.99,"2024","16:03","13.18"
"1095","69 15","69",15,17,"y",4,24,11.99,"2024","10:06","21.24"
"1096","69 16","69",16,17,"",4,0,15.59,"2024","9:52","15.59"
"1097","69 16","69",16,17,"y",4,6,15.59,"2024","16:03","17.98"
"1098","69 16","69",16,17,"y",4,24,15.59,"2024","10:07","26.11"
"1099","74 14","74",14,17,"",4,0,16.74,"2024","9:53","16.74"
"1100","74 14","74",14,17,"y",4,6,16.74,"2024","16:04","20.18"
"1101","74 14","74",14,17,"y",4,24,16.74,"2024","10:08","33.19"
"1102","78 17","78",17,17,"",4,0,17.96,"2024","9:54","17.96"
"1103","78 17","78",17,17,"y",4,6,17.96,"2024","16:05","20.89"
"1104","78 17","78",17,17,"y",4,24,17.96,"2024","10:09","31.2"
"1105","79 16","79",16,17,"",4,0,12.02,"2024","9:55","12.02"
"1106","79 16","79",16,17,"y",4,6,12.02,"2024","16:05","16.11"
"1107","79 16","79",16,17,"y",4,24,12.02,"2024","10:10","24.99"
"1108","64 18","64",18,23,"",4,0,8.67,"2024","9:57","8.67"
"1109","64 18","64",18,23,"y",4,6,8.67,"2024","16:08","12.18"
"1110","64 18","64",18,23,"y",4,24,8.67,"2024","10:12","26.45"
"1111","66 17","66",17,23,"",4,0,14.84,"2024","9:59","14.84"
"1112","66 17","66",17,23,"y",4,6,14.84,"2024","16:08","24.08"
"1113","66 17","66",17,23,"y",4,24,14.84,"2024","10:13","59"
"1114","66 18","66",18,23,"",4,0,11.52,"2024","10:00","11.52"
"1115","66 18","66",18,23,"y",4,6,11.52,"2024","16:09","14.6"
"1116","66 18","66",18,23,"y",4,24,11.52,"2024","10:14","35.2"
"1117","66 19","66",19,23,"",4,0,14.79,"2024","10:01","14.79"
"1118","66 19","66",19,23,"y",4,6,14.79,"2024","16:10","23.15"
"1119","66 19","66",19,23,"y",4,24,14.79,"2024","10:14","47.78"
"1120","66 20","66",20,23,"",4,0,17.9,"2024","10:02","17.9"
"1121","66 20","66",20,23,"y",4,6,17.9,"2024","16:11","20.37"
"1122","66 20","66",20,23,"y",4,24,17.9,"2024","10:16","51.4"
"1123","66 21","66",21,23,"",4,0,13.41,"2024","10:02","13.41"
"1124","66 21","66",21,23,"y",4,6,13.41,"2024","16:11","23.17"
"1125","66 21","66",21,23,"y",4,24,13.41,"2024","10:17","52.97"
"1126","67 6","67",6,23,"",4,0,10.14,"2024","10:03","10.14"
"1127","67 6","67",6,23,"y",4,6,10.14,"2024","16:12","11.36"
"1128","67 6","67",6,23,"y",4,24,10.14,"2024","10:17","23.73"
"1129","67 7","67",7,23,"",4,0,10.1,"2024","10:03","10.1"
"1130","67 7","67",7,23,"y",4,6,10.1,"2024","16:13","12.46"
"1131","67 7","67",7,23,"y",4,24,10.1,"2024","10:18","25.68"
"1132","67 8","67",8,23,"",4,0,13.08,"2024","10:04","13.08"
"1133","67 8","67",8,23,"y",4,6,13.08,"2024","16:14","14.65"
"1134","67 8","67",8,23,"y",4,24,13.08,"2024","10:19","32.1"
"1135","67 9","67",9,23,"",4,0,12.75,"2024","10:05","12.75"
"1136","67 9","67",9,23,"y",4,6,12.75,"2024","16:14","13.94"
"1137","67 9","67",9,23,"y",4,24,12.75,"2024","10:20","21.62"
"1138","67 10","67",10,23,"",4,0,13.05,"2024","10:06","13.05"
"1139","67 10","67",10,23,"y",4,6,13.05,"2024","16:16","15.74"
"1140","67 10","67",10,23,"y",4,24,13.05,"2024","10:21","28.21"
"1141","74 15","74",15,23,"",4,0,11.31,"2024","10:06","11.31"
"1142","74 15","74",15,23,"y",4,6,11.31,"2024","16:16","17.54"
"1143","74 15","74",15,23,"y",4,24,11.31,"2024","10:22","42.45"
"1144","63 1","63",1,29,"",4,0,9.61,"2024","10:09","9.61"
"1145","63 1","63",1,29,"y",4,6,9.61,"2024","16:21","18.51"
"1146","63 1","63",1,29,"y",4,24,9.61,"2024","10:24","44.81"
"1147","63 2","63",2,29,"",4,0,18.24,"2024","10:10","18.24"
"1148","63 2","63",2,29,"y",4,6,18.24,"2024","16:22","27.97"
"1149","63 2","63",2,29,"y",4,24,18.24,"2024","10:25","60.67"
"1150","63 3","63",3,29,"",4,0,12.47,"2024","10:10","12.47"
"1151","63 3","63",3,29,"y",4,6,12.47,"2024","16:23","17.95"
"1152","63 3","63",3,29,"y",4,24,12.47,"2024","10:26","53.53"
"1153","63 4","63",4,29,"",4,0,11.14,"2024","10:11","11.14"
"1154","63 4","63",4,29,"y",4,6,11.14,"2024","16:23","19.41"
"1155","63 4","63",4,29,"y",4,24,11.14,"2024","10:27","44.59"
"1156","63 5","63",5,29,"",4,0,9.68,"2024","10:12","9.68"
"1157","63 5","63",5,29,"y",4,6,9.68,"2024","16:24","19.63"
"1158","63 5","63",5,29,"y",4,24,9.68,"2024","10:28","45.24"
"1159","64 19","64",19,29,"",4,0,17.72,"2024","10:12","17.72"
"1160","64 19","64",19,29,"y",4,6,17.72,"2024","16:25","25.75"
"1161","64 19","64",19,29,"y",4,24,17.72,"2024","10:29","35.65"
"1162","64 20","64",20,29,"",4,0,12.66,"2024","10:13","12.66"
"1163","64 20","64",20,29,"y",4,6,12.66,"2024","16:25","20.61"
"1164","64 20","64",20,29,"y",4,24,12.66,"2024","10:30","37.88"
"1165","64 21","64",21,29,"",4,0,14.28,"2024","10:15","14.28"
"1166","64 21","64",21,29,"y",4,6,14.28,"2024","16:26","26.4"
"1167","64 21","64",21,29,"y",4,24,14.28,"2024","10:31","40.62"
"1168","64 22","64",22,29,"",4,0,11.73,"2024","10:16","11.73"
"1169","64 22","64",22,29,"y",4,6,11.73,"2024","16:27","15.56"
"1170","64 22","64",22,29,"y",4,24,11.73,"2024","10:32","40.52"
"1171","65 6","65",6,29,"",4,0,11.3,"2024","10:17","11.3"
"1172","65 6","65",6,29,"y",4,6,11.3,"2024","16:28","18.59"
"1173","65 6","65",6,29,"y",4,24,11.3,"2024","10:33","39.44"
"1174","65 7","65",7,29,"",4,0,10.56,"2024","10:18","10.56"
"1175","65 7","65",7,29,"y",4,6,10.56,"2024","16:28","17.45"
"1176","65 7","65",7,29,"y",4,24,10.56,"2024","10:33","36.19"
"1177","65 8","65",8,29,"",4,0,15.4,"2024","10:19","15.4"
"1178","65 8","65",8,29,"y",4,6,15.4,"2024","16:29","20.31"
"1179","65 8","65",8,29,"y",4,24,15.4,"2024","10:35","39.37"
"1180","67 11","67",11,11,"",4,0,15.75,"2024","10:22","15.75"
"1181","67 11","67",11,11,"y",4,6,15.75,"2024","16:33","17.78"
"1182","67 11","67",11,11,"y",4,24,15.75,"2024","10:36","21.02"
"1183","67 12","67",12,11,"",4,0,11.96,"2024","10:23","11.96"
"1184","67 12","67",12,11,"y",4,6,11.96,"2024","16:34","13.47"
"1185","67 12","67",12,11,"y",4,24,11.96,"2024","10:38","15.61"
"1186","67 13","67",13,11,"",4,0,11.69,"2024","10:24","11.69"
"1187","67 13","67",13,11,"y",4,6,11.69,"2024","16:35","13.42"
"1188","67 13","67",13,11,"y",4,24,11.69,"2024","10:38","15.59"
"1189","67 14","67",14,11,"",4,0,9.67,"2024","10:25","9.67"
"1190","67 14","67",14,11,"y",4,6,9.67,"2024","16:35","10.31"
"1191","67 14","67",14,11,"y",4,24,9.67,"2024","10:40","12.78"
"1192","67 15","67",15,11,"",4,0,13.09,"2024","10:26","13.09"
"1193","67 15","67",15,11,"y",4,6,13.09,"2024","16:36","13.57"
"1194","67 15","67",15,11,"y",4,24,13.09,"2024","10:40","17.06"
"1195","69 17","69",17,11,"",4,0,9.63,"2024","10:27","9.63"
"1196","69 17","69",17,11,"y",4,6,9.63,"2024","16:37","12.27"
"1197","69 17","69",17,11,"y",4,24,9.63,"2024","10:41","13.92"
"1198","69 18","69",18,11,"",4,0,19.87,"2024","10:27","19.87"
"1199","69 18","69",18,11,"y",4,6,19.87,"2024","16:37","24.66"
"1200","69 18","69",18,11,"y",4,24,19.87,"2024","10:42","31.67"
"1201","69 19","69",19,11,"",4,0,18.17,"2024","10:29","18.17"
"1202","69 19","69",19,11,"y",4,6,18.17,"2024","16:38","20.25"
"1203","69 19","69",19,11,"y",4,24,18.17,"2024","10:43","23.4"
"1204","69 20","69",20,11,"",4,0,16.62,"2024","10:31","16.62"
"1205","69 20","69",20,11,"y",4,6,16.62,"2024","16:39","19.59"
"1206","69 20","69",20,11,"y",4,24,16.62,"2024","10:44","24.94"
"1207","69 21","69",21,11,"",4,0,10.92,"2024","10:32","10.92"
"1208","69 21","69",21,11,"y",4,6,10.92,"2024","16:39","11.81"
"1209","69 21","69",21,11,"y",4,24,10.92,"2024","10:45","14.83"
"1210","80 5","80",5,11,"",4,0,10.62,"2024","10:32","10.62"
"1211","80 5","80",5,11,"y",4,6,10.62,"2024","16:40","12.44"
"1212","80 5","80",5,11,"y",4,24,10.62,"2024","10:47","15.21"
"1213","81 14","81",14,11,"",4,0,12.2,"2024","10:33","12.2"
"1214","81 14","81",14,11,"y",4,6,12.2,"2024","16:41","12.17"
"1215","81 14","81",14,11,"n",4,24,12.2,"2024","10:48","12.05"
"1216","63 6","63",6,17,"",4,0,11.4,"2024","10:35","11.4"
"1217","63 6","63",6,17,"y",4,6,11.4,"2024","16:45","17.69"
"1218","63 6","63",6,17,"y",4,24,11.4,"2024","10:49","28.83"
"1219","63 7","63",7,17,"",4,0,8.68,"2024","10:36","8.68"
"1220","63 7","63",7,17,"y",4,6,8.68,"2024","16:45","12.32"
"1221","63 7","63",7,17,"y",4,24,8.68,"2024","10:50","19.02"
"1222","63 8","63",8,17,"",4,0,8.62,"2024","10:36","8.62"
"1223","63 8","63",8,17,"y",4,6,8.62,"2024","16:46","11.49"
"1224","63 8","63",8,17,"y",4,24,8.62,"2024","10:52","20.91"
"1225","69 22","69",22,17,"",4,0,15.19,"2024","10:37","15.19"
"1226","69 22","69",22,17,"y",4,6,15.19,"2024","16:47","16.73"
"1227","69 22","69",22,17,"y",4,24,15.19,"2024","10:52","26.59"
"1228","75 6","75",6,17,"",4,0,17.48,"2024","10:38","17.48"
"1229","75 6","75",6,17,"y",4,6,17.48,"2024","16:47","20.69"
"1230","75 6","75",6,17,"y",4,24,17.48,"2024","10:53","28.87"
"1231","75 7","75",7,17,"",4,0,9.22,"2024","10:39","9.22"
"1232","75 7","75",7,17,"y",4,6,9.22,"2024","16:48","10.05"
"1233","75 7","75",7,17,"y",4,24,9.22,"2024","10:54","14.15"
"1234","80 6","80",6,17,"",4,0,7.68,"2024","10:40","7.68"
"1235","80 6","80",6,17,"y",4,6,7.68,"2024","16:49","8.85"
"1236","80 6","80",6,17,"y",4,24,7.68,"2024","10:55","13.63"
"1237","80 7","80",7,17,"",4,0,14.4,"2024","10:40","14.4"
"1238","80 7","80",7,17,"y",4,6,14.4,"2024","16:50","23.32"
"1239","80 7","80",7,17,"y",4,24,14.4,"2024","10:56","34.35"
"1240","80 8","80",8,17,"",4,0,8.08,"2024","10:41","8.08"
"1241","80 8","80",8,17,"y",4,6,8.08,"2024","16:51","12.57"
"1242","80 8","80",8,17,"y",4,24,8.08,"2024","10:57","20.64"
"1243","80 9","80",9,17,"",4,0,9.61,"2024","10:42","9.61"
"1244","80 9","80",9,17,"y",4,6,9.61,"2024","16:52","10.9"
"1245","80 9","80",9,17,"y",4,24,9.61,"2024","10:58","16.88"
"1246","80 10","80",10,17,"",4,0,10.71,"2024","10:43","10.71"
"1247","80 10","80",10,17,"y",4,6,10.71,"2024","16:52","14.02"
"1248","80 10","80",10,17,"y",4,24,10.71,"2024","11:00","20.29"
"1249","81 15","81",15,17,"",4,0,9.4,"2024","10:44","9.4"
"1250","81 15","81",15,17,"y",4,6,9.4,"2024","16:53","10.36"
"1251","81 15","81",15,17,"y",4,24,9.4,"2024","11:01","18.45"
"1252","76 1","76",1,23,"",4,0,11.88,"2024","10:46","11.88"
"1253","76 1","76",1,23,"y",4,6,11.88,"2024","16:55","16.2"
"1254","76 1","76",1,23,"y",4,24,11.88,"2024","11:02","40"
"1255","76 2","76",2,23,"",4,0,10.43,"2024","10:47","10.43"
"1256","76 2","76",2,23,"y",4,6,10.43,"2024","16:57","14.52"
"1257","76 2","76",2,23,"y",4,24,10.43,"2024","11:03","39.31"
"1258","76 3","76",3,23,"",4,0,15.58,"2024","10:47","15.58"
"1259","76 3","76",3,23,"y",4,6,15.58,"2024","16:58","23.1"
"1260","76 3","76",3,23,"y",4,24,15.58,"2024","11:04","37.36"
"1261","76 4","76",4,23,"",4,0,17.25,"2024","10:48","17.25"
"1262","76 4","76",4,23,"y",4,6,17.25,"2024","16:59","23.71"
"1263","76 4","76",4,23,"y",4,24,17.25,"2024","11:05","49.18"
"1264","76 5","76",5,23,"",4,0,8.71,"2024","10:48","8.71"
"1265","76 5","76",5,23,"y",4,6,8.71,"2024","16:59","14.97"
"1266","76 5","76",5,23,"y",4,24,8.71,"2024","11:06","36.54"
"1267","80 11","80",11,23,"",4,0,18.21,"2024","10:50","18.21"
"1268","80 11","80",11,23,"y",4,6,18.21,"2024","17:00","22.36"
"1269","80 11","80",11,23,"y",4,24,18.21,"2024","11:07","39.08"
"1270","81 16","81",16,23,"",4,0,9.29,"2024","10:51","9.29"
"1271","81 16","81",16,23,"y",4,6,9.29,"2024","15:01","12.82"
"1272","81 16","81",16,23,"y",4,24,9.29,"2024","11:08","26.75"
"1273","81 17","81",17,23,"",4,0,8.17,"2024","10:52","8.17"
"1274","81 17","81",17,23,"y",4,6,8.17,"2024","17:02","10.68"
"1275","81 17","81",17,23,"y",4,24,8.17,"2024","11:09","25.52"
"1276","81 18","81",18,23,"",4,0,8.59,"2024","10:53","8.59"
"1277","81 18","81",18,23,"y",4,6,8.59,"2024","17:03","10.68"
"1278","81 18","81",18,23,"y",4,24,8.59,"2024","11:10","25.31"
"1279","82 8","82",8,23,"",4,0,9.34,"2024","10:54","9.34"
"1280","82 8","82",8,23,"y",4,6,9.34,"2024","17:05","14.76"
"1281","82 8","82",8,23,"y",4,24,9.34,"2024","11:11","36.32"
"1282","82 9","82",9,23,"",4,0,13.48,"2024","10:54","13.48"
"1283","82 9","82",9,23,"y",4,6,13.48,"2024","17:06","21.69"
"1284","82 9","82",9,23,"y",4,24,13.48,"2024","11:12","39.48"
"1285","82 10","82",10,23,"",4,0,8.27,"2024","10:55","8.27"
"1286","82 10","82",10,23,"y",4,6,8.27,"2024","17:07","13.81"
"1287","82 10","82",10,23,"y",4,24,8.27,"2024","11:13","34.08"
"1288","66 22","66",22,29,"",4,0,14.92,"2024","11:00","14.92"
"1289","66 22","66",22,29,"y",4,6,14.92,"2024","17:10","25.27"
"1290","66 22","66",22,29,"y",4,24,14.92,"2024","11:14","45.27"
"1291","69 23","69",23,29,"",4,0,11.35,"2024","11:01","11.35"
"1292","69 23","69",23,29,"y",4,6,11.35,"2024","17:11","22.7"
"1293","69 23","69",23,29,"y",4,24,11.35,"2024","11:15","42.55"
"1294","70 1","70",1,29,"",4,0,12.59,"2024","11:01","12.59"
"1295","70 1","70",1,29,"y",4,6,12.59,"2024","17:12","21.98"
"1296","70 1","70",1,29,"y",4,24,12.59,"2024","11:16","51.71"
"1297","70 2","70",2,29,"",4,0,10.37,"2024","11:02","10.37"
"1298","70 2","70",2,29,"y",4,6,10.37,"2024","17:13","16.33"
"1299","70 2","70",2,29,"y",4,24,10.37,"2024","11:17","43.68"
"1300","70 3","70",3,29,"",4,0,10.13,"2024","11:03","10.13"
"1301","70 3","70",3,29,"y",4,6,10.13,"2024","17:14","15.74"
"1302","70 3","70",3,29,"y",4,24,10.13,"2024","11:18","44.03"
"1303","70 4","70",4,29,"",4,0,11.9,"2024","11:04","11.9"
"1304","70 4","70",4,29,"y",4,6,11.9,"2024","17:14","18.01"
"1305","70 4","70",4,29,"y",4,24,11.9,"2024","11:19","45.35"
"1306","74 16","74",16,29,"",4,0,13.24,"2024","11:07","13.24"
"1307","74 16","74",16,29,"y",4,6,13.24,"2024","17:15","19.22"
"1308","74 16","74",16,29,"y",4,24,13.24,"2024","11:20","45.25"
"1309","74 17","74",17,29,"",4,0,11.05,"2024","11:08","11.05"
"1310","74 17","74",17,29,"y",4,6,11.05,"2024","17:16","15.97"
"1311","74 17","74",17,29,"y",4,24,11.05,"2024","11:21","44.02"
"1312","74 18","74",18,29,"",4,0,11.6,"2024","11:08","11.6"
"1313","74 18","74",18,29,"y",4,6,11.6,"2024","17:17","18.82"
"1314","74 18","74",18,29,"y",4,24,11.6,"2024","11:23","35.72"
"1315","74 19","74",19,29,"",4,0,11.97,"2024","11:09","11.97"
"1316","74 19","74",19,29,"y",4,6,11.97,"2024","17:18","21.09"
"1317","74 19","74",19,29,"y",4,24,11.97,"2024","11:30","35.75"
"1318","74 20","74",20,29,"",4,0,15.77,"2024","11:10","15.77"
"1319","74 20","74",20,29,"y",4,6,15.77,"2024","17:19","29.59"
"1320","74 20","74",20,29,"y",4,24,15.77,"2024","11:31","36.99"
"1321","74 21","74",21,29,"",4,0,14.04,"2024","11:10","14.04"
"1322","74 21","74",21,29,"y",4,6,14.04,"2024","17:20","23.51"
"1323","74 21","74",21,29,"y",4,24,14.04,"2024","11:31","43.99"
"1324","69 24","69",24,11,"",4,0,15.98,"2024","11:13","15.98"
"1325","69 24","69",24,11,"y",4,6,15.98,"2024","17:22","17.22"
"1326","69 24","69",24,11,"y",4,24,15.98,"2024","11:37","19.99"
"1327","69 25","69",25,11,"",4,0,13.84,"2024","11:14","13.84"
"1328","69 25","69",25,11,"y",4,6,13.84,"2024","17:23","16.74"
"1329","69 25","69",25,11,"y",4,24,13.84,"2024","11:38","18.96"
"1330","69 26","69",26,11,"",4,0,11.12,"2024","11:14","11.12"
"1331","69 26","69",26,11,"y",4,6,11.12,"2024","17:24","12.99"
"1332","69 26","69",26,11,"y",4,24,11.12,"2024","11:39","15.19"
"1333","69 27","69",27,11,"",4,0,8.8,"2024","11:15","8.8"
"1334","69 27","69",27,11,"y",4,6,8.8,"2024","17:25","10.17"
"1335","69 27","69",27,11,"y",4,24,8.8,"2024","11:40","12.81"
"1336","69 28","69",28,11,"",4,0,13.21,"2024","11:16","13.21"
"1337","69 28","69",28,11,"y",4,6,13.21,"2024","17:25","15.59"
"1338","69 28","69",28,11,"y",4,24,13.21,"2024","11:40","17.73"
"1339","72 28","72",28,11,"",4,0,12.09,"2024","11:17","12.09"
"1340","72 28","72",28,11,"y",4,6,12.09,"2024","17:26","13.83"
"1341","72 28","72",28,11,"y",4,24,12.09,"2024","11:42","16.07"
"1342","82 11","82",11,11,"",4,0,13.88,"2024","11:17","13.88"
"1343","82 11","82",11,11,"y",4,6,13.88,"2024","17:27","14.81"
"1344","82 11","82",11,11,"y",4,24,13.88,"2024","11:42","18.96"
"1345","82 12","82",12,11,"",4,0,10.39,"2024","11:19","10.39"
"1346","82 12","82",12,11,"y",4,6,10.39,"2024","17:28","11.43"
"1347","82 12","82",12,11,"y",4,24,10.39,"2024","11:43","15.03"
"1348","82 13","82",13,11,"",4,0,12.73,"2024","11:19","12.73"
"1349","82 13","82",13,11,"y",4,6,12.73,"2024","17:28","14.43"
"1350","82 13","82",13,11,"y",4,24,12.73,"2024","11:44","15.74"
"1351","82 14","82",14,11,"",4,0,8.87,"2024","11:20","8.87"
"1352","82 14","82",14,11,"y",4,6,8.87,"2024","17:30","10.33"
"1353","82 14","82",14,11,"y",4,24,8.87,"2024","11:46","13.5"
"1354","82 15","82",15,11,"",4,0,8.05,"2024","11:20","8.05"
"1355","82 15","82",15,11,"y",4,6,8.05,"2024","17:30","9.86"
"1356","82 15","82",15,11,"y",4,24,8.05,"2024","11:48","12.61"
"1357","83 26","83",26,11,"",4,0,11.55,"2024","11:21","11.55"
"1358","83 26","83",26,11,"y",4,6,11.55,"2024","17:31","13.78"
"1359","83 26","83",26,11,"y",4,24,11.55,"2024","11:49","16.89"
"1360","69 29","69",29,17,"",4,0,10.09,"2024","11:23","10.09"
"1361","69 29","69",29,17,"y",4,6,10.09,"2024","17:36","14.39"
"1362","69 29","69",29,17,"y",4,24,10.09,"2024","11:50","24.18"
"1363","69 30","69",30,17,"",4,0,12.75,"2024","11:24","12.75"
"1364","69 30","69",30,17,"y",4,6,12.75,"2024","17:37","15.71"
"1365","69 30","69",30,17,"y",4,24,12.75,"2024","11:52","21.47"
"1366","77 6","77",6,17,"",4,0,11.82,"2024","11:26","11.82"
"1367","77 6","77",6,17,"n",4,6,11.82,"2024","17:39","12.19"
"1368","77 6","77",6,17,"y",4,24,11.82,"2024","11:52","21.61"
"1369","77 7","77",7,17,"",4,0,10.56,"2024","11:26","10.56"
"1370","77 7","77",7,17,"y",4,6,10.56,"2024","17:39","12.77"
"1371","77 7","77",7,17,"y",4,24,10.56,"2024","11:53","19.14"
"1372","79 17","79",17,17,"",4,0,8.58,"2024","11:28","8.58"
"1373","79 17","79",17,17,"y",4,6,8.58,"2024","17:41","14.17"
"1374","79 17","79",17,17,"y",4,24,8.58,"2024","11:54","19.8"
"1375","79 18","79",18,17,"",4,0,14.72,"2024","11:28","14.72"
"1376","79 18","79",18,17,"y",4,6,14.72,"2024","17:42","20.37"
"1377","79 18","79",18,17,"y",4,24,14.72,"2024","11:55","35.3"
"1378","79 19","79",19,17,"",4,0,14.13,"2024","11:29","14.13"
"1379","79 19","79",19,17,"y",4,6,14.13,"2024","17:43","19.7"
"1380","79 19","79",19,17,"y",4,24,14.13,"2024","11:56","28.22"
"1381","81 19","81",19,17,"",4,0,18.38,"2024","11:30","18.38"
"1382","81 19","81",19,17,"y",4,6,18.38,"2024","17:44","23.39"
"1383","81 19","81",19,17,"y",4,24,18.38,"2024","11:57","35.48"
"1384","81 20","81",20,17,"",4,0,9.58,"2024","11:31","9.58"
"1385","81 20","81",20,17,"y",4,6,9.58,"2024","17:46","12.76"
"1386","81 20","81",20,17,"y",4,24,9.58,"2024","11:58","18.57"
"1387","81 21","81",21,17,"",4,0,14.24,"2024","11:32","14.24"
"1388","81 21","81",21,17,"y",4,6,14.24,"2024","17:47","16.14"
"1389","81 21","81",21,17,"y",4,24,14.24,"2024","11:59","27.98"
"1390","81 22","81",22,17,"",4,0,17.6,"2024","11:33","17.6"
"1391","81 22","81",22,17,"y",4,6,17.6,"2024","17:48","20.14"
"1392","81 22","81",22,17,"y",4,24,17.6,"2024","12:00","31.57"
"1393","81 23","81",23,17,"",4,0,10.61,"2024","11:34","10.61"
"1394","81 23","81",23,17,"y",4,6,10.61,"2024","17:50","13.05"
"1395","81 23","81",23,17,"y",4,24,10.61,"2024","12:01","17.81"
"1396","69 31","69",31,23,"",4,0,10.03,"2024","11:36","10.03"
"1397","69 31","69",31,23,"n",4,6,10.03,"2024","17:52","9.95"
"1398","69 31","69",31,23,"n",4,24,10.03,"2024","12:03","9.3"
"1399","69 32","69",32,23,"",4,0,14.23,"2024","11:38","14.23"
"1400","69 32","69",32,23,"y",4,6,14.23,"2024","17:53","25.64"
"1401","69 32","69",32,23,"y",4,24,14.23,"2024","12:04","50.94"
"1402","69 33","69",33,23,"",4,0,15,"2024","11:39","15"
"1403","69 33","69",33,23,"y",4,6,15,"2024","17:53","23.93"
"1404","69 33","69",33,23,"y",4,24,15,"2024","12:05","51.82"
"1405","72 29","72",29,23,"",4,0,9.77,"2024","11:40","9.77"
"1406","72 29","72",29,23,"y",4,6,9.77,"2024","17:54","13.71"
"1407","72 29","72",29,23,"y",4,24,9.77,"2024","12:06","31.6"
"1408","72 30","72",30,23,"",4,0,11.61,"2024","11:41","11.61"
"1409","72 30","72",30,23,"y",4,6,11.61,"2024","17:55","17.21"
"1410","72 30","72",30,23,"y",4,24,11.61,"2024","12:07","31.28"
"1411","72 31","72",31,23,"",4,0,13.43,"2024","11:43","13.43"
"1412","72 31","72",31,23,"y",4,6,13.43,"2024","17:55","19.77"
"1413","72 31","72",31,23,"y",4,24,13.43,"2024","12:08","43.53"
"1414","72 32","72",32,23,"",4,0,19.93,"2024","11:44","19.93"
"1415","72 32","72",32,23,"y",4,6,19.93,"2024","17:56","28.9"
"1416","72 32","72",32,23,"y",4,24,19.93,"2024","12:09","53.52"
"1417","72 33","72",33,23,"",4,0,11.77,"2024","11:46","11.77"
"1418","72 33","72",33,23,"y",4,6,11.77,"2024","17:57","19.33"
"1419","72 33","72",33,23,"y",4,24,11.77,"2024","12:10","41.94"
"1420","79 20","79",20,23,"",4,0,10.82,"2024","11:47","10.82"
"1421","79 20","79",20,23,"y",4,6,10.82,"2024","17:58","16.07"
"1422","79 20","79",20,23,"y",4,24,10.82,"2024","12:11","35.05"
"1423","79 21","79",21,23,"",4,0,14.3,"2024","11:47","14.3"
"1424","79 21","79",21,23,"y",4,6,14.3,"2024","17:58","18.65"
"1425","79 21","79",21,23,"y",4,24,14.3,"2024","12:12","41.29"
"1426","79 22","79",22,23,"",4,0,11.96,"2024","11:48","11.96"
"1427","79 22","79",22,23,"y",4,6,11.96,"2024","17:59","18.05"
"1428","79 22","79",22,23,"y",4,24,11.96,"2024","12:13","41.14"
"1429","79 23","79",23,23,"",4,0,18.39,"2024","11:49","18.39"
"1430","79 23","79",23,23,"y",4,6,18.39,"2024","18:00","23.93"
"1431","79 23","79",23,23,"y",4,24,18.39,"2024","12:14","48.78"
"1432","66 23","66",23,29,"",4,0,12.75,"2024","11:50","12.75"
"1433","66 23","66",23,29,"y",4,6,12.75,"2024","18:01","16.03"
"1434","66 23","66",23,29,"y",4,24,12.75,"2024","12:16","39.29"
"1435","66 24","66",24,29,"",4,0,17.83,"2024","11:51","17.83"
"1436","66 24","66",24,29,"y",4,6,17.83,"2024","18:03","27.16"
"1437","66 24","66",24,29,"y",4,24,17.83,"2024","12:17","43.22"
"1438","66 25","66",25,29,"",4,0,13.63,"2024","11:52","13.63"
"1439","66 25","66",25,29,"y",4,6,13.63,"2024","18:04","19.96"
"1440","66 25","66",25,29,"y",4,24,13.63,"2024","12:18","50.21"
"1441","66 26","66",26,29,"",4,0,17.68,"2024","11:53","17.68"
"1442","66 26","66",26,29,"y",4,6,17.68,"2024","18:05","26.3"
"1443","66 26","66",26,29,"y",4,24,17.68,"2024","12:19","47.92"
"1444","66 27","66",27,29,"",4,0,12.21,"2024","11:54","12.21"
"1445","66 27","66",27,29,"y",4,6,12.21,"2024","18:07","18.47"
"1446","66 27","66",27,29,"y",4,24,12.21,"2024","12:20","48.17"
"1447","72 34","72",34,29,"",4,0,14.04,"2024","11:55","14.04"
"1448","72 34","72",34,29,"y",4,6,14.04,"2024","18:08","23.62"
"1449","72 34","72",34,29,"y",4,24,14.04,"2024","12:21","44.86"
"1450","79 24","79",24,29,"",4,0,14.52,"2024","11:56","14.52"
"1451","79 24","79",24,29,"y",4,6,14.52,"2024","18:10","23.15"
"1452","79 24","79",24,29,"y",4,24,14.52,"2024","12:22","45.3"
"1453","79 25","79",25,29,"",4,0,15.31,"2024","11:56","15.31"
"1454","79 25","79",25,29,"y",4,6,15.31,"2024","18:12","23.59"
"1455","79 25","79",25,29,"y",4,24,15.31,"2024","12:23","41.21"
"1456","79 26","79",26,29,"",4,0,16.01,"2024","11:57","16.01"
"1457","79 26","79",26,29,"y",4,6,16.01,"2024","18:13","23.93"
"1458","79 26","79",26,29,"y",4,24,16.01,"2024","12:24","51.53"
"1459","79 27","79",27,29,"",4,0,17.39,"2024","11:58","17.39"
"1460","79 27","79",27,29,"y",4,6,17.39,"2024","18:14","28.65"
"1461","79 27","79",27,29,"y",4,24,17.39,"2024","12:25","51.64"
"1462","79 28","79",28,29,"",4,0,15.53,"2024","11:59","15.53"
"1463","79 28","79",28,29,"y",4,6,15.53,"2024","18:15","25.17"
"1464","79 28","79",28,29,"y",4,24,15.53,"2024","12:26","47.92"
"1465","79 29","79",29,29,"",4,0,13.8,"2024","12:00","13.8"
"1466","79 29","79",29,29,"y",4,6,13.8,"2024","18:17","20.22"
"1467","79 29","79",29,29,"y",4,24,13.8,"2024","12:27","50.76"
"1468","72 35","72",35,11,"",4,0,18.79,"2024","12:02","18.79"
"1469","72 35","72",35,11,"y",4,6,18.79,"2024","18:18","26.02"
"1470","72 35","72",35,11,"y",4,24,18.79,"2024","12:29","29.4"
"1471","72 36","72",36,11,"",4,0,12.02,"2024","12:04","12.02"
"1472","72 36","72",36,11,"y",4,6,12.02,"2024","18:20","15.67"
"1473","72 36","72",36,11,"y",4,24,12.02,"2024","12:31","18.57"
"1474","72 37","72",37,11,"",4,0,16.26,"2024","12:05","16.26"
"1475","72 37","72",37,11,"y",4,6,16.26,"2024","18:20","17.71"
"1476","72 37","72",37,11,"y",4,24,16.26,"2024","12:32","20.82"
"1477","76 6","76",6,11,"",4,0,9.88,"2024","12:05","9.88"
"1478","76 6","76",6,11,"y",4,6,9.88,"2024","18:21","10.54"
"1479","76 6","76",6,11,"y",4,24,9.88,"2024","12:33","12.76"
"1480","76 7","76",7,11,"",4,0,10.36,"2024","12:06","10.36"
"1481","76 7","76",7,11,"n",4,6,10.36,"2024","18:22","10.39"
"1482","76 7","76",7,11,"y",4,24,10.36,"2024","12:34","12.88"
"1483","81 24","81",24,11,"",4,0,8.71,"2024","12:07","8.71"
"1484","81 24","81",24,11,"n",4,6,8.71,"2024","18:23","8.67"
"1485","81 24","81",24,11,"y",4,24,8.71,"2024","12:35","10.6"
"1486","81 25","81",25,11,"",4,0,12.99,"2024","12:09","12.99"
"1487","81 25","81",25,11,"y",4,6,12.99,"2024","18:23","15.69"
"1488","81 25","81",25,11,"y",4,24,12.99,"2024","12:36","18.6"
"1489","81 26","81",26,11,"",4,0,13.5,"2024","12:10","13.5"
"1490","81 26","81",26,11,"y",4,6,13.5,"2024","18:24","17.66"
"1491","81 26","81",26,11,"y",4,24,13.5,"2024","12:37","21.66"
"1492","83 27","83",27,11,"",4,0,13.44,"2024","12:11","13.44"
"1493","83 27","83",27,11,"y",4,6,13.44,"2024","18:25","14.52"
"1494","83 27","83",27,11,"y",4,24,13.44,"2024","12:38","18.72"
"1495","83 28","83",28,11,"",4,0,13.15,"2024","12:12","13.15"
"1496","83 28","83",28,11,"y",4,6,13.15,"2024","18:25","14.49"
"1497","83 28","83",28,11,"y",4,24,13.15,"2024","12:39","15.83"
"1498","84 1","84",1,11,"",4,0,15.56,"2024","12:13","15.56"
"1499","84 1","84",1,11,"y",4,6,15.56,"2024","18:26","17.87"
"1500","84 1","84",1,11,"y",4,24,15.56,"2024","12:39","21.42"
"1501","84 2","84",2,11,"",4,0,12.62,"2024","12:14","12.62"
"1502","84 2","84",2,11,"y",4,6,12.62,"2024","18:27","13.72"
"1503","84 2","84",2,11,"y",4,24,12.62,"2024","12:40","15.39"
"1504","69 34","69",34,17,"",4,0,9.42,"2024","12:16","9.42"
"1505","69 34","69",34,17,"y",4,6,9.42,"2024","18:28","12.07"
"1506","69 34","69",34,17,"y",4,24,9.42,"2024","12:43","16.1"
"1507","69 35","69",35,17,"",4,0,11.08,"2024","12:18","11.08"
"1508","69 35","69",35,17,"y",4,6,11.08,"2024","18:29","15.87"
"1509","69 35","69",35,17,"y",4,24,11.08,"2024","12:44","28.79"
"1510","69 36","69",36,17,"",4,0,13.69,"2024","12:19","13.69"
"1511","69 36","69",36,17,"y",4,6,13.69,"2024","18:31","20.19"
"1512","69 36","69",36,17,"y",4,24,13.69,"2024","12:45","32.93"
"1513","69 37","69",37,17,"",4,0,14.6,"2024","12:20","14.6"
"1514","69 37","69",37,17,"y",4,6,14.6,"2024","18:32","18.72"
"1515","69 37","69",37,17,"y",4,24,14.6,"2024","12:45","30.32"
"1516","72 38","72",38,17,"",4,0,15.7,"2024","12:21","15.7"
"1517","72 38","72",38,17,"y",4,6,15.7,"2024","18:33","20.85"
"1518","72 38","72",38,17,"y",4,24,15.7,"2024","12:46","32.6"
"1519","72 39","72",39,17,"",4,0,13.5,"2024","12:21","13.5"
"1520","72 39","72",39,17,"y",4,6,13.5,"2024","18:34","18.23"
"1521","72 39","72",39,17,"y",4,24,13.5,"2024","12:47","31.29"
"1522","72 40","72",40,17,"",4,0,14.08,"2024","12:22","14.08"
"1523","72 40","72",40,17,"y",4,6,14.08,"2024","18:35","18.15"
"1524","72 40","72",40,17,"y",4,24,14.08,"2024","12:48","30.48"
"1525","75 8","75",8,17,"",4,0,6.25,"2024","12:23","6.25"
"1526","75 8","75",8,17,"y",4,6,6.25,"2024","18:37","8.27"
"1527","75 8","75",8,17,"y",4,24,6.25,"2024","12:49","13.31"
"1528","79 30","79",30,17,"",4,0,7.44,"2024","12:24","7.44"
"1529","79 30","79",30,17,"y",4,6,7.44,"2024","18:38","10.44"
"1530","79 30","79",30,17,"y",4,24,7.44,"2024","12:50","15.95"
"1531","82 16","82",16,17,"",4,0,9.77,"2024","12:25","9.77"
"1532","82 16","82",16,17,"y",4,6,9.77,"2024","18:39","13.84"
"1533","82 16","82",16,17,"y",4,24,9.77,"2024","12:51","19.71"
"1534","82 17","82",17,17,"",4,0,14.89,"2024","12:26","14.89"
"1535","82 17","82",17,17,"y",4,6,14.89,"2024","18:40","18.4"
"1536","82 17","82",17,17,"y",4,24,14.89,"2024","12:52","28.05"
"1537","83 29","83",29,17,"",4,0,16.23,"2024","12:27","16.23"
"1538","83 29","83",29,17,"y",4,6,16.23,"2024","18:41","19.29"
"1539","83 29","83",29,17,"y",4,24,16.23,"2024","12:53","33.32"
"1540","63 6","63",6,23,"",4,0,9.71,"2024","12:28","9.71"
"1541","63 6","63",6,23,"y",4,6,9.71,"2024","18:43","13.42"
"1542","63 6","63",6,23,"y",4,24,9.71,"2024","12:55","31.01"
"1543","63 7","63",7,23,"",4,0,8.69,"2024","12:29","8.69"
"1544","63 7","63",7,23,"y",4,6,8.69,"2024","18:44","13.91"
"1545","63 7","63",7,23,"y",4,24,8.69,"2024","12:56","32.02"
"1546","63 8","63",8,23,"",4,0,11.53,"2024","12:30","11.53"
"1547","63 8","63",8,23,"y",4,6,11.53,"2024","18:44","17.35"
"1548","63 8","63",8,23,"y",4,24,11.53,"2024","12:56","43.23"
"1549","63 9","63",9,23,"",4,0,10.89,"2024","12:30","10.89"
"1550","63 9","63",9,23,"y",4,6,10.89,"2024","18:45","18.66"
"1551","63 9","63",9,23,"y",4,24,10.89,"2024","12:57","44.41"
"1552","67 16","67",16,23,"",4,0,12.29,"2024","12:31","12.29"
"1553","67 16","67",16,23,"y",4,6,12.29,"2024","18:46","17.75"
"1554","67 16","67",16,23,"y",4,24,12.29,"2024","12:58","39.48"
"1555","73 6","73",6,23,"",5,0,36.91,"2024","12:32","36.91"
"1556","73 6","73",6,23,"y",5,6,36.91,"2024","18:47","49.98"
"1557","73 6","73",6,23,"y",5,24,36.91,"2024","13:00","105.55"
"1558","73 7","73",7,23,"",5,0,43.37,"2024","12:33","43.37"
"1559","73 7","73",7,23,"y",5,6,43.37,"2024","18:48","62.21"
"1560","73 7","73",7,23,"y",5,24,43.37,"2024","13:00","120.36"
"1561","74 22","74",22,23,"",4,0,14.29,"2024","12:34","14.29"
"1562","74 22","74",22,23,"y",4,6,14.29,"2024","18:49","26.55"
"1563","74 22","74",22,23,"y",4,24,14.29,"2024","13:01","41.2"
"1564","74 23","74",23,23,"",4,0,15.32,"2024","12:36","15.32"
"1565","74 23","74",23,23,"y",4,6,15.32,"2024","18:50","26.17"
"1566","74 23","74",23,23,"y",4,24,15.32,"2024","13:03","43.63"
"1567","81 27","81",27,23,"",4,0,8.22,"2024","12:37","8.22"
"1568","81 27","81",27,23,"y",4,6,8.22,"2024","18:51","11.25"
"1569","81 27","81",27,23,"y",4,24,8.22,"2024","13:04","27.76"
"1570","81 28","81",28,23,"",4,0,15.84,"2024","12:38","15.84"
"1571","81 28","81",28,23,"y",4,6,15.84,"2024","18:52","20.23"
"1572","81 28","81",28,23,"y",4,24,15.84,"2024","13:05","43.18"
"1573","73 8","73",8,23,"",5,0,37.06,"2024","12:51","37.06"
"1574","73 8","73",8,23,"y",5,6,37.06,"2024","19:02","48.97"
"1575","73 8","73",8,23,"y",5,24,37.06,"2024","13:05","116.62"
"1576","65 9","65",9,29,"",4,0,11.73,"2024","12:40","11.73"
"1577","65 9","65",9,29,"y",4,6,11.73,"2024","18:54","23.89"
"1578","65 9","65",9,29,"y",4,24,11.73,"2024","13:07","41.93"
"1579","67 17","67",17,29,"",4,0,14.25,"2024","12:41","14.25"
"1580","67 17","67",17,29,"y",4,6,14.25,"2024","18:55","25.9"
"1581","67 17","67",17,29,"y",4,24,14.25,"2024","13:08","41.18"
"1582","67 18","67",18,29,"",4,0,14.18,"2024","12:41","14.18"
"1583","67 18","67",18,29,"y",4,6,14.18,"2024","18:55","23.91"
"1584","67 18","67",18,29,"y",4,24,14.18,"2024","13:06","40.66"
"1585","67 19","67",19,29,"",4,0,9.93,"2024","12:42","9.93"
"1586","67 19","67",19,29,"y",4,6,9.93,"2024","18:56","19.61"
"1587","67 19","67",19,29,"y",4,24,9.93,"2024","13:10","44.38"
"1588","67 20","67",20,29,"",4,0,11.64,"2024","12:43","11.64"
"1589","67 20","67",20,29,"y",4,6,11.64,"2024","18:57","20.12"
"1590","67 20","67",20,29,"y",4,24,11.64,"2024","13:11","37.55"
"1591","67 21","67",21,29,"",4,0,16.4,"2024","12:43","16.4"
"1592","67 21","67",21,29,"y",4,6,16.4,"2024","18:57","24.16"
"1593","67 21","67",21,29,"y",4,24,16.4,"2024","13:12","44.43"
"1594","67 22","67",22,29,"",4,0,12.06,"2024","12:44","12.06"
"1595","67 22","67",22,29,"y",4,6,12.06,"2024","18:58","20.69"
"1596","67 22","67",22,29,"y",4,24,12.06,"2024","13:13","45.12"
"1597","79 30","79",30,29,"",4,0,6.88,"2024","12:45","6.88"
"1598","79 30","79",30,29,"y",4,6,6.88,"2024","18:59","17.76"
"1599","79 30","79",30,29,"y",4,24,6.88,"2024","13:14","43.94"
"1600","79 31","79",31,29,"",4,0,11.3,"2024","12:45","11.3"
"1601","79 31","79",31,29,"y",4,6,11.3,"2024","18:59","19.73"
"1602","79 31","79",31,29,"y",4,24,11.3,"2024","13:15","51.71"
"1603","79 32","79",32,29,"",4,0,10.93,"2024","12:46","10.93"
"1604","79 32","79",32,29,"y",4,6,10.93,"2024","19:00","20.02"
"1605","79 32","79",32,29,"y",4,24,10.93,"2024","13:16","46.12"
"1606","81 27","81",27,29,"",4,0,13.91,"2024","12:47","13.91"
"1607","81 27","81",27,29,"y",4,6,13.91,"2024","19:01","22.35"
"1608","81 27","81",27,29,"y",4,24,13.91,"2024","13:17","43.06"
"1609","81 28","81",28,29,"",4,0,11.34,"2024","12:48","11.34"
"1610","81 28","81",28,29,"y",4,6,11.34,"2024","19:01","16.27"
"1611","81 28","81",28,29,"y",4,24,11.34,"2024","13:18","41.86"
"1612","63 75","63",75,11,"y",4,0,12.68,"2024","10:09","12.68"
"1613","63 75","63",75,11,"y",4,6,12.68,"2024","16:19","15.54"
"1614","63 75","63",75,11,"y",4,24,12.68,"2024","10:21","19.22"
"1615","63 76","63",76,11,"y",4,0,13.54,"2024","10:10","13.54"
"1616","63 76","63",76,11,"y",4,6,13.54,"2024","16:20","14.3"
"1617","63 76","63",76,11,"y",4,24,13.54,"2024","10:22","18.93"
"1618","63 77","63",77,11,"y",4,0,10.12,"2024","10:10","10.12"
"1619","63 77","63",77,11,"y",4,6,10.12,"2024","16:21","13.63"
"1620","63 77","63",77,11,"y",4,24,10.12,"2024","10:23","16.78"
"1621","64 50","64",50,11,"y",5,0,41.81,"2024","10:11","41.81"
"1622","64 50","64",50,11,"y",5,6,41.81,"2024","16:21","45.87"
"1623","64 50","64",50,11,"y",5,24,41.81,"2024","10:24","50.59"
"1624","64 54","64",54,11,"y",5,0,52.67,"2024","10:12","52.67"
"1625","64 54","64",54,11,"y",5,6,52.67,"2024","16:22","56.93"
"1626","64 54","64",54,11,"y",5,24,52.67,"2024","10:25","73.35"
"1627","65 50","65",50,11,"y",5,0,58.42,"2024","10:12","58.42"
"1628","65 50","65",50,11,"y",5,6,58.42,"2024","16:23","70.71"
"1629","65 50","65",50,11,"y",5,24,58.42,"2024","10:26","84.49"
"1630","65 75","65",75,11,"y",4,0,15.26,"2024","10:13","15.26"
"1631","65 75","65",75,11,"y",4,6,15.26,"2024","16:23","15.05"
"1632","65 75","65",75,11,"y",4,24,15.26,"2024","10:27","17.56"
"1633","65 76","65",76,11,"y",4,0,11.44,"2024","10:14","11.44"
"1634","65 76","65",76,11,"y",4,6,11.44,"2024","16:24","12.97"
"1635","65 76","65",76,11,"y",4,24,11.44,"2024","10:28","19.27"
"1636","66 75","66",75,11,"y",4,0,11.05,"2024","10:14","11.05"
"1637","66 75","66",75,11,"y",4,6,11.05,"2024","16:25","12.75"
"1638","66 75","66",75,11,"y",4,24,11.05,"2024","10:29","18.93"
"1639","66 76","66",76,11,"y",4,0,11.72,"2024","10:15","11.72"
"1640","66 76","66",76,11,"y",4,6,11.72,"2024","16:25","15.05"
"1641","66 76","66",76,11,"y",4,24,11.72,"2024","10:29","19.53"
"1642","66 77","66",77,11,"y",4,0,11.97,"2024","10:17","11.97"
"1643","66 77","66",77,11,"y",4,6,11.97,"2024","16:26","14.96"
"1644","66 77","66",77,11,"y",4,24,11.97,"2024","10:30","18.99"
"1645","66 78","66",78,11,"y",4,0,10.51,"2024","10:18","10.51"
"1646","66 78","66",78,11,"y",4,6,10.51,"2024","16:27","13.75"
"1647","66 78","66",78,11,"y",4,24,10.51,"2024","10:31","16.54"
"1648","63 78","63",78,17,"y",4,0,18.15,"2024","10:19","18.15"
"1649","63 78","63",78,17,"y",4,6,18.15,"2024","16:28","20.81"
"1650","63 78","63",78,17,"y",4,24,18.15,"2024","10:31","33.56"
"1651","63 79","63",79,17,"y",4,0,12.73,"2024","10:20","12.73"
"1652","63 79","63",79,17,"y",4,6,12.73,"2024","16.29","15.11"
"1653","63 79","63",79,17,"y",4,24,12.73,"2024","10:33","22.8"
"1654","64 51","64",51,17,"y",5,0,51.75,"2024","10:20","51.75"
"1655","64 51","64",51,17,"y",5,6,51.75,"2024","16:30","59.16"
"1656","64 51","64",51,17,"y",5,24,51.75,"2024","10:34","89.84"
"1657","64 55","64",55,17,"y",5,0,40.74,"2024","10:21","40.74"
"1658","64 55","64",55,17,"y",5,6,40.74,"2024","16:31","45.78"
"1659","64 55","64",55,17,"y",5,24,40.74,"2024","10:35","70.12"
"1660","65 77","65",77,17,"y",4,0,10.04,"2024","10:21","10.04"
"1661","65 77","65",77,17,"y",4,6,10.04,"2024","16:32","15.39"
"1662","65 77","65",77,17,"y",4,24,10.04,"2024","10:36","23.51"
"1663","65 78","65",78,17,"y",4,0,13.2,"2024","10:22","13.2"
"1664","65 78","65",78,17,"y",4,6,13.2,"2024","16:33","14.59"
"1665","65 78","65",78,17,"y",4,24,13.2,"2024","10:37","23.22"
"1666","65 51","65",51,17,"y",5,0,59.66,"2024","10:23","59.66"
"1667","65 51","65",51,17,"y",5,6,59.66,"2024","16:34","69.53"
"1668","65 51","65",51,17,"y",5,24,59.66,"2024","","111"
"1669","66 79","66",79,17,"y",4,0,14.58,"2024","10:23","14.58"
"1670","66 79","66",79,17,"y",4,6,14.58,"2024","16:35","17.06"
"1671","66 79","66",79,17,"y",4,24,14.58,"2024","10:39","28.88"
"1672","66 80","66",80,17,"y",4,0,13.54,"2024","10:24","13.54"
"1673","66 80","66",80,17,"y",4,6,13.54,"2024","16:36","17.57"
"1674","66 80","66",80,17,"y",4,24,13.54,"2024","10:40","32.47"
"1675","67 75","67",75,17,"y",4,0,16.95,"2024","10:25","16.95"
"1676","67 75","67",75,17,"y",4,6,16.95,"2024","16:37","23.86"
"1677","67 75","67",75,17,"y",4,24,16.95,"2024","10:40","33.73"
"1678","67 76","67",76,17,"y",4,0,13.57,"2024","10:26","13.57"
"1679","67 76","67",76,17,"y",4,6,13.57,"2024","16:38","15.06"
"1680","67 76","67",76,17,"y",4,24,13.57,"2024","10:42","24.22"
"1681","67 77","67",77,17,"y",4,0,10.28,"2024","10:26","10.28"
"1682","67 77","67",77,17,"y",4,6,10.28,"2024","16:39","12.76"
"1683","67 77","67",77,17,"y",4,24,10.28,"2024","10:42","18.89"
"1684","63 80","63",80,23,"y",4,0,12.08,"2024","10:28","12.08"
"1685","63 80","63",80,23,"y",4,6,12.08,"2024","16:41","18.62"
"1686","63 80","63",80,23,"y",4,24,12.08,"2024","10:44","38.88"
"1687","64 52","64",52,23,"y",5,0,40.69,"2024","10:29","40.69"
"1688","64 52","64",52,23,"y",5,6,40.69,"2024","16:41","47.51"
"1689","64 52","64",52,23,"y",5,24,40.69,"2024","10:45","114.83"
"1690","65 79","65",79,23,"y",4,0,13.47,"2024","10:29","13.47"
"1691","65 79","65",79,23,"y",4,6,13.47,"2024","16:42","16.83"
"1692","65 79","65",79,23,"y",4,24,13.47,"2024","10:46","38.05"
"1693","65 80","65",80,23,"y",4,0,7.79,"2024","10:30","7.79"
"1694","65 80","65",80,23,"y",4,6,7.79,"2024","16:42","11.24"
"1695","65 80","65",80,23,"y",4,24,7.79,"2024","10:46","24.18"
"1696","65 52","65",52,23,"y",5,0,70.93,"2024","10:31","70.93"
"1697","65 52","65",52,23,"y",5,6,70.93,"2024","16:43","104.48"
"1698","65 52","65",52,23,"y",5,24,70.93,"2024","10:47","182.87"
"1699","66 81","66",81,23,"y",4,0,11.11,"2024","10:32","11.11"
"1700","66 81","66",81,23,"y",4,6,11.11,"2024","16:44","16.49"
"1701","66 81","66",81,23,"y",4,24,11.11,"2024","10:48","40.22"
"1702","66 82","66",82,23,"y",4,0,13.18,"2024","10:32","13.18"
"1703","66 82","66",82,23,"y",4,6,13.18,"2024","16:45","17.98"
"1704","66 82","66",82,23,"y",4,24,13.18,"2024","10:49","34.97"
"1705","66 83","66",83,23,"y",4,0,12.39,"2024","10:33","12.39"
"1706","66 83","66",83,23,"y",4,6,12.39,"2024","16:45","17.7"
"1707","66 83","66",83,23,"y",4,24,12.39,"2024","10:50","43.14"
"1708","67 78","67",78,23,"y",4,0,15.34,"2024","10:34","15.34"
"1709","67 78","67",78,23,"y",4,6,15.34,"2024","16:46","15.77"
"1710","67 78","67",78,23,"y",4,24,15.34,"2024","10:51","33.28"
"1711","67 79","67",79,23,"y",4,0,12.31,"2024","10:36","12.31"
"1712","67 79","67",79,23,"y",4,6,12.31,"2024","16:47","12.88"
"1713","67 79","67",79,23,"y",4,24,12.31,"2024","10:52","21.19"
"1714","67 80","67",80,23,"y",4,0,16.01,"2024","10:36","16.01"
"1715","67 80","67",80,23,"y",4,6,16.01,"2024","16:47","20.74"
"1716","67 80","67",80,23,"y",4,24,16.01,"2024","10:53","34.62"
"1717","67 81","67",81,23,"y",4,0,16.16,"2024","10:37","16.16"
"1718","67 81","67",81,23,"y",4,6,16.16,"2024","16:48","21.47"
"1719","67 81","67",81,23,"y",4,24,16.16,"2024","10:54","47.54"
"1720","64 75","64",75,29,"y",4,0,15.4,"2024","10:38","15.4"
"1721","64 75","64",75,29,"y",4,6,15.4,"2024","16:50","22.24"
"1722","64 75","64",75,29,"y",4,24,15.4,"2024","10:56","44.2"
"1723","64 76","64",76,29,"y",4,0,10.15,"2024","10:39","10.15"
"1724","64 76","64",76,29,"y",4,6,10.15,"2024","16:51","17.3"
"1725","64 76","64",76,29,"y",4,24,10.15,"2024","10:57","46.47"
"1726","64 77","64",77,29,"y",4,0,10.78,"2024","10:40","10.78"
"1727","64 77","64",77,29,"y",4,6,10.78,"2024","16:52","19.11"
"1728","64 77","64",77,29,"y",4,24,10.78,"2024","10:58","40.91"
"1729","64 53","64",53,29,"y",5,0,39.23,"2024","10:40","39.23"
"1730","64 53","64",53,29,"y",5,6,39.23,"2024","16:53","54.61"
"1731","64 53","64",53,29,"y",5,24,39.23,"2024","10:59","141.91"
"1732","65 53","65",53,29,"y",5,0,66.23,"2024","10:41","66.23"
"1733","65 53","65",53,29,"y",5,6,66.23,"2024","16:54","100.98"
"1734","65 53","65",53,29,"y",5,24,66.23,"2024","11:00","175.04"
"1735","65 81","65",81,29,"y",4,0,11.58,"2024","10:42","11.58"
"1736","65 81","65",81,29,"y",4,6,11.58,"2024","16:55","15.93"
"1737","65 81","65",81,29,"y",4,24,11.58,"2024","11:01","35.51"
"1738","67 82","67",82,29,"",4,0,16.85,"2024","10:43","16.85"
"1739","67 82","67",82,29,"n",4,6,16.85,"2024","16:56","14.75"
"1740","67 82","67",82,29,"n",4,24,16.85,"2024","11:02","13.63"
"1741","67 83","67",83,29,"y",4,0,14.62,"2024","10:44","14.62"
"1742","67 83","67",83,29,"y",4,6,14.62,"2024","16:57","18.84"
"1743","67 83","67",83,29,"y",4,24,14.62,"2024","11:03","38.54"
"1744","70 75","70",75,29,"y",4,0,9.08,"2024","10:46","9.08"
"1745","70 75","70",75,29,"y",4,6,9.08,"2024","16:58","13.38"
"1746","70 75","70",75,29,"y",4,24,9.08,"2024","11:04","40.1"
"1747","70 76","70",76,29,"y",4,0,10.4,"2024","10:47","10.4"
"1748","70 76","70",76,29,"y",4,6,10.4,"2024","16:59","15.11"
"1749","70 76","70",76,29,"y",4,24,10.4,"2024","11:05","42.89"
"1750","74 75","74",75,29,"y",4,0,14.69,"2024","10:48","14.69"
"1751","74 75","74",75,29,"y",4,6,14.69,"2024","17:01","25.54"
"1752","74 75","74",75,29,"y",4,24,14.69,"2024","11:06","35.63"
"1753","74 50","74",50,29,"y",5,0,57.97,"2024","10:49","57.97"
"1754","74 50","74",50,29,"y",5,6,57.97,"2024","17:01","85.19"
"1755","74 50","74",50,29,"y",5,24,57.97,"2024","11:07","173.84"
"1756","66 50","66",50,11,"y",5,0,57.88,"2024","10:50","57.88"
"1757","66 50","66",50,11,"y",5,6,57.88,"2024","17:03","68.43"
"1758","66 50","66",50,11,"y",5,24,57.88,"2024","11:07","76.87"
"1759","67 84","67",84,11,"y",4,0,12.86,"2024","10:51","12.86"
"1760","67 84","67",84,11,"y",4,6,12.86,"2024","17:04","14.66"
"1761","67 84","67",84,11,"y",4,24,12.86,"2024","11:09","17.3"
"1762","67 85","67",85,11,"y",4,0,13.34,"2024","10:52","13.34"
"1763","67 85","67",85,11,"y",4,6,13.34,"2024","17:05","14.33"
"1764","67 85","67",85,11,"y",4,24,13.34,"2024","11:10","17.94"
"1765","67 86","67",86,11,"y",4,0,13.71,"2024","10:53","13.71"
"1766","67 86","67",86,11,"y",4,6,13.71,"2024","17:06","16.3"
"1767","67 86","67",86,11,"y",4,24,13.71,"2024","11:10","18.7"
"1768","67 87","67",87,11,"y",4,0,9.83,"2024","10:54","9.83"
"1769","67 87","67",87,11,"y",4,6,9.83,"2024","17:06","10.62"
"1770","67 87","67",87,11,"y",4,24,9.83,"2024","11:11","12.87"
"1771","67 88","67",88,11,"y",4,0,8.34,"2024","10:54","8.34"
"1772","67 88","67",88,11,"y",4,6,8.34,"2024","17:07","9.44"
"1773","67 88","67",88,11,"y",4,24,8.34,"2024","11:12","10.92"
"1774","72 50","72",50,11,"y",5,0,48.11,"2024","10:55","48.11"
"1775","72 50","72",50,11,"y",5,6,48.11,"2024","17:08","60.56"
"1776","72 50","72",50,11,"y",5,24,48.11,"2024","11:14","72.41"
"1777","74 76","74",76,11,"y",4,0,17.31,"2024","10:56","17.31"
"1778","74 76","74",76,11,"y",4,6,17.31,"2024","17:09","19.45"
"1779","74 76","74",76,11,"y",4,24,17.31,"2024","11:15","23.77"
"1780","76 75","76",75,11,"y",4,0,12.31,"2024","10:57","12.31"
"1781","76 75","76",75,11,"y",4,6,12.31,"2024","17:10","13.98"
"1782","76 75","76",75,11,"y",4,24,12.31,"2024","11:16","18.07"
"1783","76 76","76",76,11,"y",4,0,14.41,"2024","10:57","14.41"
"1784","76 76","76",76,11,"y",4,6,14.41,"2024","17:10","15.58"
"1785","76 76","76",76,11,"y",4,24,14.41,"2024","11:17","18.36"
"1786","76 77","76",77,11,"y",4,0,13.39,"2024","10:58","13.39"
"1787","76 77","76",77,11,"y",4,6,13.39,"2024","17:11","15.37"
"1788","76 77","76",77,11,"y",4,24,13.39,"2024","11:18","17.16"
"1789","78 75","78",75,11,"y",4,0,9.85,"2024","10:58","9.85"
"1790","78 75","78",75,11,"y",4,6,9.85,"2024","17:12","11.11"
"1791","78 75","78",75,11,"y",4,24,9.85,"2024","11:18","13.44"
"1792","67 85","67",85,17,"y",4,0,8.71,"2024","11:00","8.71"
"1793","67 85","67",85,17,"y",4,6,8.71,"2024","17:13","10.91"
"1794","67 85","67",85,17,"y",4,24,8.71,"2024","11:20","15.82"
"1795","67 86","67",86,17,"y",4,0,15.58,"2024","11:00","15.58"
"1796","67 86","67",86,17,"y",4,6,15.58,"2024","17:15","17.58"
"1797","67 86","67",86,17,"y",4,24,15.58,"2024","11:21","29.82"
"1798","67 87","67",87,17,"y",4,0,16.37,"2024","11:01","16.37"
"1799","67 87","67",87,17,"y",4,6,16.37,"2024","17:16","17.78"
"1800","67 87","67",87,17,"y",4,24,16.37,"2024","11:22","24.75"
"1801","67 50","67",50,17,"y",5,0,44.35,"2024","11:01","44.35"
"1802","67 50","67",50,17,"y",5,6,44.35,"2024","17:17","48.72"
"1803","67 50","67",50,17,"y",5,24,44.35,"2024","11:23","87.51"
"1804","77 51","77",51,17,"y",5,0,66.13,"2024","11:02","66.13"
"1805","77 51","77",51,17,"y",5,6,66.13,"2024","17:18","84.35"
"1806","77 51","77",51,17,"y",5,24,66.13,"2024","11:24","124.92"
"1807","74 77","74",77,17,"y",4,0,10.09,"2024","11:02","10.09"
"1808","74 77","74",77,17,"y",4,6,10.09,"2024","17:19","11.66"
"1809","74 77","74",77,17,"y",4,24,10.09,"2024","11:25","16.49"
"1810","75 75","75",75,17,"y",4,0,14.56,"2024","11:03","14.56"
"1811","75 75","75",75,17,"y",4,6,14.56,"2024","17:21","15.72"
"1812","75 75","75",75,17,"y",4,24,14.56,"2024","11:26","21.65"
"1813","75 76","75",76,17,"y",4,0,11.43,"2024","11:04","11.43"
"1814","75 76","75",76,17,"y",4,6,11.43,"2024","17:22","14.13"
"1815","75 76","75",76,17,"y",4,24,11.43,"2024","11:27","16.6"
"1816","77 75","77",75,17,"y",4,0,12.98,"2024","11:05","12.98"
"1817","77 75","77",75,17,"y",4,6,12.98,"2024","17:24","13.36"
"1818","77 75","77",75,17,"y",4,24,12.98,"2024","11:28","18.47"
"1819","78 51","78",51,17,"y",5,0,53.13,"2024","11:06","53.13"
"1820","78 51","78",51,17,"y",5,6,53.13,"2024","17:25","65.98"
"1821","78 51","78",51,17,"y",5,24,53.13,"2024","11:29","100.65"
"1822","78 55","78",55,17,"y",5,0,65.04,"2024","11:06","65.04"
"1823","78 55","78",55,17,"y",5,6,65.04,"2024","17:27","82.13"
"1824","78 55","78",55,17,"y",5,24,65.04,"2024","11:30","123.14"
"1825","78 59","78",59,17,"y",5,0,57.57,"2024","11:07","57.57"
"1826","78 59","78",59,17,"y",5,6,57.57,"2024","17:27","67.07"
"1827","78 59","78",59,17,"y",5,24,57.57,"2024","11:31","111.27"
"1828","67 92","67",92,23,"y",4,0,10.2,"2024","11:09","10.2"
"1829","67 92","67",92,23,"y",4,6,10.2,"2024","17:29","12.78"
"1830","67 92","67",92,23,"y",4,24,10.2,"2024","11:32","26.09"
"1831","69 50","69",50,23,"y",5,0,42.73,"2024","11:10","42.73"
"1832","69 50","69",50,23,"y",5,6,42.73,"2024","17:29","60.33"
"1833","69 50","69",50,23,"y",5,24,42.73,"2024","11:33","129.81"
"1834","72 52","72",52,23,"y",5,0,46.36,"2024","11:10","46.36"
"1835","72 52","72",52,23,"y",5,6,46.36,"2024","17:30","67.3"
"1836","72 52","72",52,23,"y",5,24,46.36,"2024","11:34","135.49"
"1837","74 78","74",78,23,"y",4,0,14.08,"2024","11:11","14.08"
"1838","74 78","74",78,23,"y",4,6,14.08,"2024","17:31","18.3"
"1839","74 78","74",78,23,"y",4,24,14.08,"2024","11:35","36.45"
"1840","74 79","74",79,23,"y",4,0,15.39,"2024","11:11","15.39"
"1841","74 79","74",79,23,"y",4,6,15.39,"2024","17:31","21.83"
"1842","74 79","74",79,23,"y",4,24,15.39,"2024","11:36","44.88"
"1843","74 51","74",51,23,"y",5,0,36.97,"2024","11:12","36.97"
"1844","74 51","74",51,23,"y",5,6,36.97,"2024","17:32","56.34"
"1845","74 51","74",51,23,"y",5,24,36.97,"2024","11:36","129.5"
"1846","78 52","78",52,23,"y",5,0,62.24,"2024","11:13","62.24"
"1847","78 52","78",52,23,"y",5,6,62.24,"2024","17:33","87.66"
"1848","78 52","78",52,23,"y",5,24,62.24,"2024","11:38","166.89"
"1849","78 56","78",56,23,"y",5,0,66.9,"2024","11:13","66.9"
"1850","78 56","78",56,23,"y",5,6,66.9,"2024","17:34","92.98"
"1851","78 56","78",56,23,"y",5,24,66.9,"2024","11:38","159.99"
"1852","79 75","79",75,23,"y",4,0,14.1,"2024","11:14","14.1"
"1853","79 75","79",75,23,"y",4,6,14.1,"2024","17:34","17.02"
"1854","79 75","79",75,23,"y",4,24,14.1,"2024","11:39","39.68"
"1855","79 76","79",76,23,"y",4,0,13.22,"2024","11:15","13.22"
"1856","79 76","79",76,23,"y",4,6,13.22,"2024","17:35","18.76"
"1857","79 76","79",76,23,"y",4,24,13.22,"2024","11:40","41.95"
"1858","79 52","79",52,23,"y",5,0,81.03,"2024","11:15","81.03"
"1859","79 52","79",52,23,"y",5,6,81.03,"2024","17:36","106.73"
"1860","79 52","79",52,23,"y",5,24,81.03,"2024","11:41","181.79"
"1861","79 56","79",56,23,"y",5,0,44.76,"2024","11:16","44.76"
"1862","79 56","79",56,23,"y",5,6,44.76,"2024","17:37","57.6"
"1863","79 56","79",56,23,"y",5,24,44.76,"2024","11:42","126.11"
"1864","78 76","78",76,29,"y",4,0,8,"2024","11:17","8"
"1865","78 76","78",76,29,"y",4,6,8,"2024","17:38","9.02"
"1866","78 76","78",76,29,"y",4,24,8,"2024","11:43","32.28"
"1867","78 53","78",53,29,"y",5,0,53.99,"2024","11:18","53.99"
"1868","78 53","78",53,29,"y",5,6,53.99,"2024","17:39","77.5"
"1869","78 53","78",53,29,"y",5,24,53.99,"2024","11:44","179.92"
"1870","78 57","78",57,29,"y",5,0,58.62,"2024","11:18","58.62"
"1871","78 57","78",57,29,"y",5,6,58.62,"2024","17:40","85.86"
"1872","78 57","78",57,29,"y",5,24,58.62,"2024","11:45","186.71"
"1873","79 53","79",53,29,"y",5,0,47.34,"2024","11:19","47.34"
"1874","79 53","79",53,29,"y",5,6,47.34,"2024","17:41","67.59"
"1875","79 53","79",53,29,"y",5,24,47.34,"2024","11:46","163.13"
"1876","81 75","81",75,29,"y",4,0,9.14,"2024","11:20","9.14"
"1877","81 75","81",75,29,"y",4,6,9.14,"2024","17:42","13.09"
"1878","81 75","81",75,29,"y",4,24,9.14,"2024","11:47","40.17"
"1879","81 76","81",76,29,"y",4,0,9.78,"2024","11:21","9.78"
"1880","81 76","81",76,29,"y",4,6,9.78,"2024","17:43","13.18"
"1881","81 76","81",76,29,"y",4,24,9.78,"2024","11:47","33.89"
"1882","81 77","81",77,29,"y",4,0,7.61,"2024","11:22","7.61"
"1883","81 77","81",77,29,"y",4,6,7.61,"2024","17:44","11.21"
"1884","81 77","81",77,29,"y",4,24,7.61,"2024","11:49","35.13"
"1885","81 78","81",78,29,"y",4,0,12.05,"2024","11:22","12.05"
"1886","81 78","81",78,29,"y",4,6,12.05,"2024","17:45","17.81"
"1887","81 78","81",78,29,"y",4,24,12.05,"2024","11:49","40.8"
"1888","81 79","81",79,29,"y",4,0,8.91,"2024","11:23","8.91"
"1889","81 79","81",79,29,"y",4,6,8.91,"2024","17:45","12.4"
"1890","81 79","81",79,29,"y",4,24,8.91,"2024","11:50","36.07"
"1891","81 80","81",80,29,"y",4,0,15.7,"2024","11:24","15.7"
"1892","81 80","81",80,29,"y",4,6,15.7,"2024","17:45","22.41"
"1893","81 80","81",80,29,"y",4,24,15.7,"2024","11:51","45.19"
"1894","81 81","81",81,29,"y",4,0,11.6,"2024","11:24","11.6"
"1895","81 81","81",81,29,"y",4,6,11.6,"2024","17:47","15.28"
"1896","81 81","81",81,29,"y",4,24,11.6,"2024","11:52","45.7"
"1897","81 82","81",82,29,"y",4,0,12.64,"2024","11:25","12.64"
"1898","81 82","81",82,29,"y",4,6,12.64,"2024","17:48","18.88"
"1899","81 82","81",82,29,"y",4,24,12.64,"2024","11:53","40.02"
"1900","78 77","78",77,11,"y",4,0,11.4,"2024","11:27","11.4"
"1901","78 77","78",77,11,"y",4,6,11.4,"2024","17:49","12.8"
"1902","78 77","78",77,11,"y",4,24,11.4,"2024","11:54","14.91"
"1903","78 78","78",78,11,"y",4,0,9.08,"2024","11:27","9.08"
"1904","78 78","78",78,11,"y",4,6,9.08,"2024","17:50","11.31"
"1905","78 78","78",78,11,"y",4,24,9.08,"2024","11:55","13.94"
"1906","78 79","78",79,11,"y",4,0,12.18,"2024","11:28","12.18"
"1907","78 79","78",79,11,"y",4,6,12.18,"2024","17:50","14.27"
"1908","78 79","78",79,11,"y",4,24,12.18,"2024","11:56","19.58"
"1909","78 80","78",80,11,"y",4,0,12.98,"2024","11:28","12.98"
"1910","78 80","78",80,11,"y",4,6,12.98,"2024","17:51","14.64"
"1911","78 80","78",80,11,"y",4,24,12.98,"2024","11:57","15.89"
"1912","78 81","78",81,11,"y",4,0,18.06,"2024","11:29","18.06"
"1913","78 81","78",81,11,"y",4,6,18.06,"2024","17:52","19.64"
"1914","78 81","78",81,11,"y",4,24,18.06,"2024","11:58","24.12"
"1915","78 82","78",82,11,"y",4,0,10.62,"2024","11:30","10.62"
"1916","78 82","78",82,11,"y",4,6,10.62,"2024","17:52","10.42"
"1917","78 82","78",82,11,"y",4,24,10.62,"2024","11:59","12.59"
"1918","78 50","78",50,11,"y",5,0,66.01,"2024","11:30","66.01"
"1919","78 50","78",50,11,"y",5,6,66.01,"2024","17:53","77.71"
"1920","78 50","78",50,11,"y",5,24,66.01,"2024","12:00","91.45"
"1921","78 54","78",54,11,"y",5,0,46.79,"2024","11:31","46.79"
"1922","78 54","78",54,11,"y",5,6,46.79,"2024","17:54","50.8"
"1923","78 54","78",54,11,"y",5,24,46.79,"2024","12:01","62.5"
"1924","78 58","78",58,11,"y",5,0,82.61,"2024","11:31","82.61"
"1925","78 58","78",58,11,"y",5,6,82.61,"2024","17:54","96.87"
"1926","78 58","78",58,11,"y",5,24,82.61,"2024","12:01","115.94"
"1927","79 77","79",77,11,"y",4,0,17.96,"2024","11:32","17.96"
"1928","79 77","79",77,11,"y",4,6,17.96,"2024","17:55","19.91"
"1929","79 77","79",77,11,"y",4,24,17.96,"2024","","24.33"
"1930","79 78","79",78,11,"y",4,0,16.84,"2024","11:33","16.84"
"1931","79 78","79",78,11,"y",4,6,16.84,"2024","17:55","18.42"
"1932","79 78","79",78,11,"y",4,24,16.84,"2024","12:04","19.16"
"1933","79 79","79",79,11,"y",4,0,9.11,"2024","11:34","9.11"
"1934","79 79","79",79,11,"y",4,6,9.11,"2024","17:56","10.31"
"1935","79 79","79",79,11,"y",4,24,9.11,"2024","12:05","14.03"
"1936","79 51","79",51,17,"y",5,0,71.43,"2024","11:36","71.43"
"1937","79 51","79",51,17,"y",5,6,71.43,"2024","17:58","82.05"
"1938","79 51","79",51,17,"y",5,24,71.43,"2024","12:06","121.12"
"1939","81 51","81",51,17,"y",5,0,46.2,"2024","11:37","46.2"
"1940","81 51","81",51,17,"y",5,6,46.2,"2024","17:58","55.32"
"1941","81 51","81",51,17,"y",5,24,46.2,"2024","12:07","90.68"
"1942","81 55","81",55,17,"y",5,0,52.17,"2024","11:38","52.17"
"1943","81 55","81",55,17,"y",5,6,52.17,"2024","17:59","59.15"
"1944","81 55","81",55,17,"y",5,24,52.17,"2024","12:08","94.48"
"1945","81 59","81",59,17,"y",5,0,62.27,"2024","11:39","62.27"
"1946","81 59","81",59,17,"y",5,6,62.27,"2024","18:00","73.95"
"1947","81 59","81",59,17,"y",5,24,62.27,"2024","12:09","110.48"
"1948","82 75","82",75,17,"y",4,0,8.95,"2024","11:40","8.95"
"1949","82 75","82",75,17,"y",4,6,8.95,"2024","18:01","11.35"
"1950","82 75","82",75,17,"y",4,24,8.95,"2024","12:10","16.48"
"1951","82 76","82",76,17,"y",4,0,14.52,"2024","11:40","14.52"
"1952","82 76","82",76,17,"y",4,6,14.52,"2024","18:02","17.02"
"1953","82 76","82",76,17,"y",4,24,14.52,"2024","12:10","29.57"
"1954","82 77","82",77,17,"y",4,0,13.46,"2024","11:41","13.46"
"1955","82 77","82",77,17,"y",4,6,13.46,"2024","18:03","14.74"
"1956","82 77","82",77,17,"y",4,24,13.46,"2024","12:11","24.72"
"1957","82 78","82",78,17,"y",4,0,11.03,"2024","11:42","11.03"
"1958","82 78","82",78,17,"y",4,6,11.03,"2024","18:04","13.83"
"1959","82 78","82",78,17,"y",4,24,11.03,"2024","12:12","21.97"
"1960","82 79","82",79,17,"y",4,0,8.28,"2024","11:42","8.28"
"1961","82 79","82",79,17,"y",4,6,8.28,"2024","18:05","11.15"
"1962","82 79","82",79,17,"y",4,24,8.28,"2024","12:13","17.07"
"1963","82 80","82",80,17,"y",4,0,10,"2024","11:43","10"
"1964","82 80","82",80,17,"y",4,6,10,"2024","18:06","12.77"
"1965","82 80","82",80,17,"y",4,24,10,"2024","12:14","23.44"
"1966","83 75","83",75,17,"y",4,0,17.29,"2024","11:44","17.29"
"1967","83 75","83",75,17,"y",4,6,17.29,"2024","18:06","19.43"
"1968","83 75","83",75,17,"y",4,24,17.29,"2024","12:15","31.08"
"1969","83 76","83",76,17,"y",4,0,12.99,"2024","11:45","12.99"
"1970","83 76","83",76,17,"y",4,6,12.99,"2024","18:07","15.23"
"1971","83 76","83",76,17,"y",4,24,12.99,"2024","12:15","25.5"
"1972","80 75","80",75,23,"y",4,0,8.65,"2024","11:48","8.65"
"1973","80 75","80",75,23,"y",4,6,8.65,"2024","18:09","11.07"
"1974","80 75","80",75,23,"y",4,24,8.65,"2024","12:17","23.74"
"1975","80 76","80",76,23,"y",4,0,6.24,"2024","11:48","6.24"
"1976","80 76","80",76,23,"y",4,6,6.24,"2024","18:09","8.15"
"1977","80 76","80",76,23,"y",4,24,6.24,"2024","12:18","16.3"
"1978","80 77","80",77,23,"y",4,0,8.68,"2024","11:49","8.68"
"1979","80 77","80",77,23,"y",4,6,8.68,"2024","18:10","11.43"
"1980","80 77","80",77,23,"y",4,24,8.68,"2024","12:19","24.3"
"1981","80 78","80",78,23,"y",4,0,14.38,"2024","11:50","14.38"
"1982","80 78","80",78,23,"y",4,6,14.38,"2024","18:11","18.28"
"1983","80 78","80",78,23,"y",4,24,14.38,"2024","12:20","40.39"
"1984","80 79","80",79,23,"y",4,0,10.05,"2024","11:50","10.05"
"1985","80 79","80",79,23,"y",4,6,10.05,"2024","18:11","13.21"
"1986","80 79","80",79,23,"y",4,24,10.05,"2024","12:21","30.08"
"1987","81 83","81",83,23,"y",4,0,19.19,"2024","11:51","19.19"
"1988","81 83","81",83,23,"y",4,6,19.19,"2024","18:12","23.74"
"1989","81 83","81",83,23,"y",4,24,19.19,"2024","12:22","37.61"
"1990","81 84","81",84,23,"y",4,0,7.09,"2024","11:52","7.09"
"1991","81 84","81",84,23,"y",4,6,7.09,"2024","18:12","11.29"
"1992","81 84","81",84,23,"y",4,24,7.09,"2024","12:22","24.09"
"1993","81 52","81",52,23,"y",5,0,52.95,"2024","11:53","52.95"
"1994","81 52","81",52,23,"y",5,6,52.95,"2024","18:13","72.42"
"1995","81 52","81",52,23,"y",5,24,52.95,"2024","12:23","147.34"
"1996","81 56","81",56,23,"y",5,0,40.66,"2024","11:53","40.66"
"1997","81 56","81",56,23,"y",5,6,40.66,"2024","18:14","48.64"
"1998","81 56","81",56,23,"y",5,24,40.66,"2024","12:24","99.87"
"1999","81 60","81",60,23,"y",5,0,36,"2024","11:54","36"
"2000","81 60","81",60,23,"y",5,6,36,"2024","18:14","46.7"
"2001","81 60","81",60,23,"y",5,24,36,"2024","12:25","99.49"
"2002","82 81","82",81,23,"y",4,0,12.75,"2024","11:54","12.75"
"2003","82 81","82",81,23,"y",4,6,12.75,"2024","18:15","18.1"
"2004","82 81","82",81,23,"y",4,24,12.75,"2024","12:25","38.36"
"2005","82 82","82",82,23,"",4,0,8.38,"2024","11:55","8.38"
"2006","82 82","82",82,23,"n",4,6,8.38,"2024","18:16","6.82"
"2007","82 82","82",82,23,"n",4,24,8.38,"2024","12:26",""
"2008","81 53","81",53,29,"y",5,0,57.08,"2024","11:58","57.08"
"2009","81 53","81",53,29,"y",5,6,57.08,"2024","18:19","83.62"
"2010","81 53","81",53,29,"y",5,24,57.08,"2024","12:28","185.57"
"2011","81 57","81",57,29,"y",5,0,62.25,"2024","11:58","62.25"
"2012","81 57","81",57,29,"y",5,6,62.25,"2024","18:20","87.01"
"2013","81 57","81",57,29,"y",5,24,62.25,"2024","12:28","184.94"
"2014","82 83","82",83,29,"y",4,0,11.82,"2024","12:00","11.82"
"2015","82 83","82",83,29,"y",4,6,11.82,"2024","18.21","20.77"
"2016","82 83","82",83,29,"y",4,24,11.82,"2024","12:29","46.98"
"2017","82 84","82",84,29,"y",4,0,15.92,"2024","12:01","15.92"
"2018","82 84","82",84,29,"y",4,6,15.92,"2024","18:21","24.41"
"2019","82 84","82",84,29,"y",4,24,15.92,"2024","12:29","46.83"
"2020","82 85","82",85,29,"y",4,0,11.59,"2024","12:02","11.59"
"2021","82 85","82",85,29,"y",4,6,11.59,"2024","18:22","18.81"
"2022","82 85","82",85,29,"y",4,24,11.59,"2024","12:30","49.64"
"2023","83 77","83",77,29,"y",4,0,16.52,"2024","12:03","16.52"
"2024","83 77","83",77,29,"y",4,6,16.52,"2024","18:23","23.38"
"2025","83 77","83",77,29,"y",4,24,16.52,"2024","12:31","51.27"
"2026","83 78","83",78,29,"y",4,0,11.4,"2024","12:03","11.4"
"2027","83 78","83",78,29,"y",4,6,11.4,"2024","18:24","17.34"
"2028","83 78","83",78,29,"y",4,24,11.4,"2024","12:31","42.01"
"2029","83 53","83",53,29,"y",5,0,52.56,"2024","12:04","52.56"
"2030","83 53","83",53,29,"y",5,6,52.56,"2024","18:26","77.05"
"2031","83 53","83",53,29,"y",5,24,52.56,"2024","12:32","183.88"
"2032","83 57","83",57,29,"y",5,0,57.51,"2024","12:04","57.51"
"2033","83 57","83",57,29,"y",5,6,57.51,"2024","18:27","81.66"
"2034","83 57","83",57,29,"y",5,24,57.51,"2024","12:32","210.72"
"2035","83 61","83",61,29,"y",5,0,47.95,"2024","12:05","47.95"
"2036","83 61","83",61,29,"y",5,6,47.95,"2024","18:28","72.44"
"2037","83 61","83",61,29,"y",5,24,47.95,"2024","12:34","165.94"
"2038","83 100","83",100,29,"y",5,0,44.92,"2024","12:06","44.92"
"2039","83 100","83",100,29,"y",5,6,44.92,"2024","18:29","61.27"
"2040","83 100","83",100,29,"y",5,24,44.92,"2024","12:34","152.96"
"2041","83 101","83",101,29,"y",5,0,48.07,"2024","12:06","48.07"
"2042","83 101","83",101,29,"y",5,6,48.07,"2024","18:30","66.53"
"2043","83 101","83",101,29,"y",5,24,48.07,"2024","12:35","171.02"
"2044","79 50","79",50,11,"y",5,0,53.77,"2024","12:08","53.77"
"2045","79 50","79",50,11,"y",5,6,53.77,"2024","18:32","62.43"
"2046","79 50","79",50,11,"y",5,24,53.77,"2024","12:36","71.2"
"2047","79 54","79",54,11,"y",5,0,34.69,"2024","12:09","34.69"
"2048","79 54","79",54,11,"y",5,6,34.69,"2024","18:32","37.71"
"2049","79 54","79",54,11,"y",5,24,34.69,"2024","12:36","43.03"
"2050","81 85","81",85,11,"y",4,0,6.11,"2024","12:10","6.11"
"2051","81 85","81",85,11,"y",4,6,6.11,"2024","18:33","7.3"
"2052","81 85","81",85,11,"y",4,24,6.11,"2024","12:37","10.42"
"2053","81 86","81",86,11,"y",4,0,14.25,"2024","12:10","14.25"
"2054","81 86","81",86,11,"y",4,6,14.25,"2024","18:34","15.28"
"2055","81 86","81",86,11,"y",4,24,14.25,"2024","12:37","19.84"
"2056","81 50","81",50,11,"y",5,0,45.36,"2024","12:11","45.36"
"2057","81 50","81",50,11,"y",5,6,45.36,"2024","18:34","52.76"
"2058","81 50","81",50,11,"y",5,24,45.36,"2024","12:38","61.12"
"2059","81 54","81",54,11,"y",5,0,42.83,"2024","12:11","42.83"
"2060","81 54","81",54,11,"y",5,6,42.83,"2024","18:35","48.03"
"2061","81 54","81",54,11,"y",5,24,42.83,"2024","12:39","57.56"
"2062","81 58","81",58,11,"y",5,0,47.29,"2024","12:12","47.29"
"2063","81 58","81",58,11,"y",5,6,47.29,"2024","18:35","54.77"
"2064","81 58","81",58,11,"y",5,24,47.29,"2024","12:39","60.82"
"2065","82 86","82",86,11,"y",4,0,11.77,"2024","12:13","11.77"
"2066","82 86","82",86,11,"y",4,6,11.77,"2024","18:36","13.5"
"2067","82 86","82",86,11,"y",4,24,11.77,"2024","12:40","15.97"
"2068","82 87","82",87,11,"y",4,0,10.28,"2024","12:13","10.28"
"2069","82 87","82",87,11,"y",4,6,10.28,"2024","18:36","12.58"
"2070","82 87","82",87,11,"y",4,24,10.28,"2024","12:41","15.32"
"2071","82 88","82",88,11,"y",4,0,11.01,"2024","12:14","11.01"
"2072","82 88","82",88,11,"y",4,6,11.01,"2024","18:37","13.01"
"2073","82 88","82",88,11,"y",4,24,11.01,"2024","12:41","16.29"
"2074","82 50","82",50,11,"y",5,0,41.85,"2024","12:15","41.85"
"2075","82 50","82",50,11,"y",5,6,41.85,"2024","18:38","46.53"
"2076","82 50","82",50,11,"y",5,24,41.85,"2024","12:42","56.99"
"2077","83 79","83",79,11,"y",4,0,12.2,"2024","12:15","12.2"
"2078","83 79","83",79,11,"y",4,6,12.2,"2024","18:38","14.49"
"2079","83 79","83",79,11,"y",4,24,12.2,"2024","12:42","17.88"
"2080","83 80","83",80,17,"y",4,0,17.14,"2024","12:20","17.14"
"2081","83 80","83",80,17,"y",4,6,17.14,"2024","18:40","23.03"
"2082","83 80","83",80,17,"y",4,24,17.14,"2024","12:43","36.44"
"2083","83 81","83",81,17,"y",4,0,13.75,"2024","12:21","13.75"
"2084","83 81","83",81,17,"y",4,6,13.75,"2024","18:40","16.48"
"2085","83 81","83",81,17,"y",4,24,13.75,"2024","12:44","21.49"
"2086","83 82","83",82,17,"y",4,0,17.03,"2024","12:21","17.03"
"2087","83 82","83",82,17,"y",4,6,17.03,"2024","18:41","17.27"
"2088","83 82","83",82,17,"y",4,24,17.03,"2024","12:45","25.16"
"2089","83 83","83",83,17,"y",4,0,9.05,"2024","12:23","9.05"
"2090","83 83","83",83,17,"y",4,6,9.05,"2024","18:43","9.35"
"2091","83 83","83",83,17,"y",4,24,9.05,"2024","12:45","13.47"
"2092","83 84","83",84,17,"y",4,0,13.96,"2024","12:23","13.96"
"2093","83 84","83",84,17,"y",4,6,13.96,"2024","18:44","16.23"
"2094","83 84","83",84,17,"y",4,24,13.96,"2024","12:47","24.88"
"2095","83 55","83",55,17,"y",5,0,66.35,"2024","12:24","66.35"
"2096","83 55","83",55,17,"y",5,6,66.35,"2024","18:45","78.84"
"2097","83 55","83",55,17,"y",5,24,66.35,"2024","12:47","126.53"
"2098","83 59","83",59,17,"y",5,0,66.92,"2024","12:25","66.92"
"2099","83 59","83",59,17,"y",5,6,66.92,"2024","18:46","75.37"
"2100","83 59","83",59,17,"y",5,24,66.92,"2024","12:48","113.31"
"2101","83 51","83",51,17,"y",5,0,67.35,"2024","12:25","67.35"
"2102","83 51","83",51,17,"y",5,6,67.35,"2024","18:47","76.81"
"2103","83 51","83",51,17,"y",5,24,67.35,"2024","12:49","124.02"
"2104","83 63","83",63,17,"y",5,0,61.23,"2024","12:26","61.23"
"2105","83 63","83",63,17,"y",5,6,61.23,"2024","18:48","70.96"
"2106","83 63","83",63,17,"y",5,24,61.23,"2024","12:49","109.66"
"2107","83 102","83",102,17,"y",5,0,35.78,"2024","12:27","35.78"
"2108","83 102","83",102,17,"y",5,6,35.78,"2024","18:49","38.49"
"2109","83 102","83",102,17,"y",5,24,35.78,"2024","12:50","64.52"
"2110","83 103","83",103,17,"y",5,0,42.33,"2024","12:28","42.33"
"2111","83 103","83",103,17,"y",5,6,42.33,"2024","18:50","47.78"
"2112","83 103","83",103,17,"y",5,24,42.33,"2024","12:50","74.61"
"2113","82 100","82",100,17,"y",5,0,36.37,"2024","12:29","36.37"
"2114","82 100","82",100,17,"n",5,6,36.37,"2024","18:51","36.19"
"2115","82 100","82",100,17,"y",5,24,36.37,"2024","12:51","58.27"
"2116","81 100","81",100,23,"y",5,0,34.87,"2024","12:33","34.87"
"2117","81 100","81",100,23,"y",5,6,34.87,"2024","18:52","42.67"
"2118","81 100","81",100,23,"y",5,24,34.87,"2024","12:52","95.6"
"2119","81 101","81",101,23,"y",5,0,36.86,"2024","12:34","36.86"
"2120","81 101","81",101,23,"y",5,6,36.86,"2024","18:53","42.98"
"2121","81 101","81",101,23,"y",5,24,36.86,"2024","12:52","113.12"
"2122","82 89","82",89,23,"y",4,0,9.48,"2024","12:35","9.48"
"2123","82 89","82",89,23,"y",4,6,9.48,"2024","18:53","13.2"
"2124","82 89","82",89,23,"y",4,24,9.48,"2024","12:53","30.66"
"2125","82 101","82",101,23,"y",5,0,35.38,"2024","12:35","35.38"
"2126","82 101","82",101,23,"y",5,6,35.38,"2024","18:54","49.46"
"2127","82 101","82",101,23,"y",5,24,35.38,"2024","12:54","107.33"
"2128","83 85","83",85,23,"y",4,0,15.95,"2024","12:36","15.95"
"2129","83 85","83",85,23,"y",4,6,15.95,"2024","18:55","22.11"
"2130","83 85","83",85,23,"y",4,24,15.95,"2024","12:54","45.3"
"2131","83 86","83",86,23,"y",4,0,14.65,"2024","12:37","14.65"
"2132","83 86","83",86,23,"y",4,6,14.65,"2024","18:56","19.43"
"2133","83 86","83",86,23,"y",4,24,14.65,"2024","12:55","49.09"
"2134","83 87","83",87,23,"y",4,0,12.28,"2024","12:38","12.28"
"2135","83 87","83",87,23,"y",4,6,12.28,"2024","18:56","15.18"
"2136","83 87","83",87,23,"y",4,24,12.28,"2024","12:55","37.32"
"2137","83 88","83",88,23,"y",4,0,15.9,"2024","12:38","15.9"
"2138","83 88","83",88,23,"y",4,6,15.9,"2024","18:57","21.86"
"2139","83 88","83",88,23,"y",4,24,15.9,"2024","12:56","52.26"
"2140","83 52","83",52,23,"y",5,0,61.83,"2024","12:39","61.83"
"2141","83 52","83",52,23,"y",5,6,61.83,"2024","18:58","81.89"
"2142","83 52","83",52,23,"y",5,24,61.83,"2024","12:56","153.07"
"2143","83 56","83",56,23,"y",5,0,50.54,"2024","12:40","50.54"
"2144","83 56","83",56,23,"y",5,6,50.54,"2024","18:58","67.31"
"2145","83 56","83",56,23,"y",5,24,50.54,"2024","12:57","150.51"
"2146","83 60","83",60,23,"y",5,0,44.38,"2024","12:40","44.38"
"2147","83 60","83",60,23,"y",5,6,44.38,"2024","18:59","56.23"
"2148","83 60","83",60,23,"y",5,24,44.38,"2024","12:58","127.51"
"2149","83 64","83",64,23,"y",5,0,64.82,"2024","12:41","64.82"
"2150","83 64","83",64,23,"y",5,6,64.82,"2024","18:59","83.33"
"2151","83 64","83",64,23,"y",5,24,64.82,"2024","12:58","158.9"
"2152","64 78","64",78,29,"y",4,0,9.03,"2024","12:52","9.03"
"2153","64 78","64",78,29,"y",4,6,9.03,"2024","19:01","14.85"
"2154","64 78","64",78,29,"y",4,24,9.03,"2024","12:59","41.98"
"2155","64 79","64",79,29,"y",4,0,7.96,"2024","12:53","7.96"
"2156","64 79","64",79,29,"y",4,6,7.96,"2024","19:02","9.33"
"2157","64 79","64",79,29,"y",4,24,7.96,"2024","13:00","34.46"
"2158","64 80","64",80,29,"y",4,0,7.54,"2024","12:54","7.54"
"2159","64 80","64",80,29,"y",4,6,7.54,"2024","19:04","11.38"
"2160","64 80","64",80,29,"y",4,24,7.54,"2024","13:01","32.68"
"2161","64 100","64",100,29,"y",5,0,25.31,"2024","12:54","25.31"
"2162","64 100","64",100,29,"y",5,6,25.31,"2024","19:05","46.26"
"2163","64 100","64",100,29,"y",5,24,25.31,"2024","13:01","117.36"
"2164","69 100","69",100,29,"y",5,0,46.71,"2024","12:55","46.71"
"2165","69 100","69",100,29,"y",5,6,46.71,"2024","19:05","72.72"
"2166","69 100","69",100,29,"y",5,24,46.71,"2024","13:02","188.55"
"2167","71 100","71",100,29,"y",5,0,51.94,"2024","12:56","51.94"
"2168","71 100","71",100,29,"y",5,6,51.94,"2024","19:08","81.02"
"2169","71 100","71",100,29,"y",5,24,51.94,"2024","13:02","184.02"
"2170","72 100","72",100,29,"y",5,0,43.22,"2024","12:58","43.22"
"2171","72 100","72",100,29,"y",5,6,43.22,"2024","19:09","64.44"
"2172","72 100","72",100,29,"y",5,24,43.22,"2024","13:03","156.38"
"2173","78 100","78",100,29,"y",5,0,44.22,"2024","12:58","44.22"
"2174","78 100","78",100,29,"y",5,6,44.22,"2024","19:11","62.4"
"2175","78 100","78",100,29,"y",5,24,44.22,"2024","13:04","170.24"
"2176","78 101","78",101,29,"y",5,0,53.2,"2024","13:00","53.2"
"2177","78 101","78",101,29,"y",5,6,53.2,"2024","19:13","75.66"
"2178","78 101","78",101,29,"y",5,24,53.2,"2024","13:04","200.39"
"2179","79 100","79",100,29,"y",5,0,50.1,"2024","13:01","50.1"
"2180","79 100","79",100,29,"y",5,6,50.1,"2024","19:14","70.89"
"2181","79 100","79",100,29,"y",5,24,50.1,"2024","13:05","193.16"
"2182","81 102","81",102,29,"y",5,0,29.27,"2024","13:02","29.27"
"2183","81 102","81",102,29,"y",5,6,29.27,"2024","19:15","35.63"
"2184","81 102","81",102,29,"y",5,24,29.27,"2024","13:06","105.85"
"2185","83 104","83",104,29,"y",5,0,45.21,"2024","13:03","45.21"
"2186","83 104","83",104,29,"y",5,6,45.21,"2024","19:16","57.28"
"2187","83 104","83",104,29,"y",5,24,45.21,"2024","13:07","151.07"
"2188","83 89","83",89,11,"y",4,0,12.51,"2024","13:14","12.51"
"2189","83 89","83",89,11,"y",4,6,12.51,"2024","19:24","13.15"
"2190","83 89","83",89,11,"y",4,24,12.51,"2024","13:24","17.38"
"2191","83 90","83",90,11,"y",4,0,13.27,"2024","13:15","13.27"
"2192","83 90","83",90,11,"y",4,6,13.27,"2024","19:24","14.84"
"2193","83 90","83",90,11,"y",4,24,13.27,"2024","13:25","19.15"
"2194","83 91","83",91,11,"y",4,0,11.6,"2024","13:16","11.6"
"2195","83 91","83",91,11,"y",4,6,11.6,"2024","19:25","12.1"
"2196","83 91","83",91,11,"y",4,24,11.6,"2024","13.26","14.85"
"2197","83 92","83",92,11,"y",4,0,10.56,"2024","13:16","10.56"
"2198","83 92","83",92,11,"y",4,6,10.56,"2024","19:26","12.06"
"2199","83 92","83",92,11,"y",4,24,10.56,"2024","13:26","15.03"
"2200","83 93","83",93,11,"y",4,0,8.65,"2024","13:17","8.65"
"2201","83 93","83",93,11,"y",4,6,8.65,"2024","19:26","10.79"
"2202","83 93","83",93,11,"y",4,24,8.65,"2024","13:27","13.44"
"2203","83 94","83",94,11,"y",4,0,9.36,"2024","13:20","9.36"
"2204","83 94","83",94,11,"y",4,6,9.36,"2024","19:27","10.59"
"2205","83 94","83",94,11,"y",4,24,9.36,"2024","13:28","13.47"
"2206","83 50","83",50,11,"y",5,0,44.35,"2024","13:18","44.35"
"2207","83 50","83",50,11,"y",5,6,44.35,"2024","19:28","53.84"
"2208","83 50","83",50,11,"y",5,24,44.35,"2024","13:29","68.74"
"2209","83 54","83",54,11,"y",5,0,63.17,"2024","13:19","63.17"
"2210","83 54","83",54,11,"y",5,6,63.17,"2024","19:28","73.6"
"2211","83 54","83",54,11,"y",5,24,63.17,"2024","13:31","84.28"
"2212","83 58","83",58,11,"y",5,0,53.47,"2024","13:21","53.47"
"2213","83 58","83",58,11,"y",5,6,53.47,"2024","19:29","59.73"
"2214","83 58","83",58,11,"y",5,24,53.47,"2024","13:31","69.35"
"2215","83 62","83",62,11,"y",5,0,40.32,"2024","13:21","40.32"
"2216","83 62","83",62,11,"y",5,6,40.32,"2024","19:29","46.24"
"2217","83 62","83",62,11,"y",5,24,40.32,"2024","13:32","55.61"
"2218","66 100","66",100,11,"y",5,0,43.64,"2024","13:22","43.64"
"2219","66 100","66",100,11,"n",5,6,43.64,"2024","19:30","43.62"
"2220","66 100","66",100,11,"y",5,24,43.64,"2024","13:33","57.03"
"2221","66 84","66",84,11,"y",4,0,17.75,"2024","13:23","17.75"
"2222","66 84","66",84,11,"y",4,6,17.75,"2024","19:31","18.24"
"2223","66 84","66",84,11,"y",4,24,17.75,"2024","13:33","20.93"
"2224","69 101","69",101,11,"y",5,0,44.21,"2024","13:24","44.21"
"2225","69 101","69",101,11,"n",5,6,44.21,"2024","19:32","43.08"
"2226","69 101","69",101,11,"y",5,24,44.21,"2024","13:34","50.41"
"2227","78 83","78",83,11,"y",4,0,10.29,"2024","13:25","10.29"
"2228","78 83","78",83,11,"y",4,6,10.29,"2024","19:34","11.42"
"2229","78 83","78",83,11,"y",4,24,10.29,"2024","13:35","14.45"
"2230","78 84","78",84,11,"y",4,0,10.23,"2024","13:26","10.23"
"2231","78 84","78",84,11,"n",4,6,10.23,"2024","19:35","10.27"
"2232","78 84","78",84,11,"y",4,24,10.23,"2024","13:36","13.79"
"2233","79 55","79",55,11,"y",5,0,32.7,"2024","13:27","32.7"
"2234","79 55","79",55,11,"n",5,6,32.7,"2024","19:36","32.62"
"2235","79 55","79",55,11,"y",5,24,32.7,"2024","13:36","43.7"
"2236","64 110","64",110,11,"",5,0,45.56,"2024","9:47","45.56"
"2237","64 110","64",110,11,"y",5,6,45.56,"2024","15:56","51.76"
"2238","64 110","64",110,11,"y",5,24,45.56,"2024","9:55","63.85"
"2239","64 111","64",111,11,"",5,0,69.69,"2024","9:47","69.69"
"2240","64 111","64",111,11,"y",5,6,69.69,"2024","15:57","72.89"
"2241","64 111","64",111,11,"y",5,24,69.69,"2024","9:56","88.7"
"2242","65 112","65",112,11,"",5,0,42.23,"2024","9:48","42.23"
"2243","65 112","65",112,11,"y",5,6,42.23,"2024","15:58","49.15"
"2244","65 112","65",112,11,"y",5,24,42.23,"2024","9:56","57"
"2245","66 113","66",113,11,"",5,0,42.59,"2024","9:48","42.59"
"2246","66 113","66",113,11,"y",5,6,42.59,"2024","15:58","48.69"
"2247","66 113","66",113,11,"y",5,24,42.59,"2024","9:57","59.84"
"2248","66 114","66",114,11,"",5,0,41.58,"2024","9:49","41.58"
"2249","66 114","66",114,11,"y",5,6,41.58,"2024","15:59","48.6"
"2250","66 114","66",114,11,"y",5,24,41.58,"2024","9:57","62.65"
"2251","66 115","66",115,11,"",5,0,44.01,"2024","9:49","44.01"
"2252","66 115","66",115,11,"y",5,6,44.01,"2024","16:00","44.39"
"2253","66 115","66",115,11,"y",5,24,44.01,"2024","9:58","49.49"
"2254","67 116","67",116,11,"",5,0,33.72,"2024","9:50","33.72"
"2255","67 116","67",116,11,"y",5,6,33.72,"2024","16:01","36.83"
"2256","67 116","67",116,11,"y",5,24,33.72,"2024","9:58","50.23"
"2257","67 117","67",117,11,"",5,0,51.49,"2024","9:51","51.49"
"2258","67 117","67",117,11,"y",5,6,51.49,"2024","16:01","56.91"
"2259","67 117","67",117,11,"y",5,24,51.49,"2024","9:59","68.77"
"2260","67 118","67",118,11,"",5,0,41.29,"2024","9:52","41.29"
"2261","67 118","67",118,11,"y",5,6,41.29,"2024","16:02","42.62"
"2262","67 118","67",118,11,"y",5,24,41.29,"2024","9:59","51.12"
"2263","67 119","67",119,11,"",5,0,57.63,"2024","9:52","57.63"
"2264","67 119","67",119,11,"y",5,6,57.63,"2024","16:03","68.36"
"2265","67 119","67",119,11,"y",5,24,57.63,"2024","10:00","79.31"
"2266","67 120","67",120,11,"",5,0,53.03,"2024","9:53","53.03"
"2267","67 120","67",120,11,"y",5,6,53.03,"2024","16:04","54.78"
"2268","67 120","67",120,11,"y",5,24,53.03,"2024","10:00","77.25"
"2269","67 121","67",121,11,"",5,0,52.03,"2024","9:54","52.03"
"2270","67 121","67",121,11,"y",5,6,52.03,"2024","16:04","60.29"
"2271","67 121","67",121,11,"y",5,24,52.03,"2024","10:01","75.19"
"2272","64 149","64",149,17,"",5,0,40.32,"2024","9:55","40.32"
"2273","64 149","64",149,17,"y",5,6,40.32,"2024","16:06","45.83"
"2274","64 149","64",149,17,"y",5,24,40.32,"2024","10:02","78.32"
"2275","64 150","64",150,17,"",5,0,32.04,"2024","9:56","32.04"
"2276","64 150","64",150,17,"y",5,6,32.04,"2024","16:06","41.01"
"2277","64 150","64",150,17,"y",5,24,32.04,"2024","10:03","60.42"
"2278","79 151","79",151,17,"",5,0,47.15,"2024","9:56","47.15"
"2279","79 151","79",151,17,"y",5,6,47.15,"2024","16:07","58.62"
"2280","79 151","79",151,17,"y",5,24,47.15,"2024","10:03","86.77"
"2281","79 152","79",152,17,"",5,0,38.88,"2024","9:57","38.88"
"2282","79 152","79",152,17,"y",5,6,38.88,"2024","16:08","49.5"
"2283","79 152","79",152,17,"y",5,24,38.88,"2024","10:04","77.8"
"2284","79 153","79",153,17,"",5,0,46.8,"2024","9:58","46.8"
"2285","79 153","79",153,17,"y",5,6,46.8,"2024","16:09","55.56"
"2286","79 153","79",153,17,"y",5,24,46.8,"2024","10:04","84.91"
"2287","79 154","79",154,17,"",5,0,45.22,"2024","9:58","45.22"
"2288","79 154","79",154,17,"y",5,6,45.22,"2024","16:10","51.23"
"2289","79 154","79",154,17,"y",5,24,45.22,"2024","10:05","79.69"
"2290","81 155","81",155,17,"",5,0,34.59,"2024","9:59","34.59"
"2291","81 155","81",155,17,"y",5,6,34.59,"2024","16:11","42.03"
"2292","81 155","81",155,17,"y",5,24,34.59,"2024","10:05","68.76"
"2293","81 156","81",156,17,"",5,0,51.37,"2024","9:59","51.37"
"2294","81 156","81",156,17,"y",5,6,51.37,"2024","16:11","70.84"
"2295","81 156","81",156,17,"y",5,24,51.37,"2024","10:06","101.34"
"2296","82 157","82",157,17,"",5,0,49.32,"2024","10:00","49.32"
"2297","82 157","82",157,17,"y",5,6,49.32,"2024","16:12","55.47"
"2298","82 157","82",157,17,"y",5,24,49.32,"2024","10:06","82.38"
"2299","83 158","83",158,17,"",5,0,49.81,"2024","10:00","49.81"
"2300","83 158","83",158,17,"y",5,6,49.81,"2024","16:13","63.42"
"2301","83 158","83",158,17,"y",5,24,49.81,"2024","10:07","98.38"
"2302","83 159","83",159,17,"",5,0,43.49,"2024","10:01","43.49"
"2303","83 159","83",159,17,"y",5,6,43.49,"2024","16:13","54.43"
"2304","83 159","83",159,17,"y",5,24,43.49,"2024","10:08","85.3"
"2305","83 160","83",160,17,"",5,0,47.65,"2024","10:02","47.65"
"2306","83 160","83",160,17,"y",5,6,47.65,"2024","16:14","51.41"
"2307","83 160","83",160,17,"y",5,24,47.65,"2024","10:08","83.27"
"2308","64 185","64",185,23,"",5,0,34.21,"2024","10:03","34.21"
"2309","64 185","64",185,23,"y",5,6,34.21,"2024","16:15","44.65"
"2310","64 185","64",185,23,"y",5,24,34.21,"2024","10:09","96.47"
"2311","66 186","66",186,23,"",5,0,47.05,"2024","10:03","47.05"
"2312","66 186","66",186,23,"y",5,6,47.05,"2024","16:16","59.74"
"2313","66 186","66",186,23,"y",5,24,47.05,"2024","10:10","142.94"
"2314","66 187","66",187,23,"",5,0,47.04,"2024","10:04","47.04"
"2315","66 187","66",187,23,"y",5,6,47.04,"2024","16:17","77.39"
"2316","66 187","66",187,23,"y",5,24,47.04,"2024","10:10","141.51"
"2317","66 188","66",188,23,"",5,0,56.32,"2024","10:04","56.32"
"2318","66 188","66",188,23,"y",5,6,56.32,"2024","16:18","77.28"
"2319","66 188","66",188,23,"y",5,24,56.32,"2024","10:11","172.57"
"2320","66 189","66",189,23,"",5,0,49.71,"2024","10:05","49.71"
"2321","66 189","66",189,23,"y",5,6,49.71,"2024","16:18","60"
"2322","66 189","66",189,23,"y",5,24,49.71,"2024","10:11","130.68"
"2323","66 190","66",190,23,"",5,0,40.87,"2024","10:05","40.87"
"2324","66 190","66",190,23,"y",5,6,40.87,"2024","16:20","59.64"
"2325","66 190","66",190,23,"y",5,24,40.87,"2024","10:12","123.37"
"2326","67 191","67",191,23,"",5,0,28.83,"2024","10:06","28.83"
"2327","67 191","67",191,23,"y",5,6,28.83,"2024","16:20","32.84"
"2328","67 191","67",191,23,"y",5,24,28.83,"2024","10:12","76.93"
"2329","69 192","69",192,23,"",5,0,70.33,"2024","10:07","70.33"
"2330","69 192","69",192,23,"y",5,6,70.33,"2024","16:22","96.44"
"2331","69 192","69",192,23,"y",5,24,70.33,"2024","10:13","173.68"
"2332","69 193","69",193,23,"",5,0,59.23,"2024","10:07","59.23"
"2333","69 193","69",193,23,"y",5,6,59.23,"2024","16:23","77.72"
"2334","69 193","69",193,23,"y",5,24,59.23,"2024","10:13","183.72"
"2335","69 194","69",194,23,"",5,0,41.04,"2024","10:08","41.04"
"2336","69 194","69",194,23,"y",5,6,41.04,"2024","16:24","59.12"
"2337","69 194","69",194,23,"y",5,24,41.04,"2024","10:14","122.12"
"2338","69 195","69",195,23,"",5,0,53.18,"2024","10:08","53.18"
"2339","69 195","69",195,23,"y",5,6,53.18,"2024","16:24","69.95"
"2340","69 195","69",195,23,"y",5,24,53.18,"2024","10:15","144.47"
"2341","72 196","72",196,23,"",5,0,41.41,"2024","10:09","41.41"
"2342","72 196","72",196,23,"y",5,6,41.41,"2024","16:25","66.82"
"2343","72 196","72",196,23,"y",5,24,41.41,"2024","10:15","120.78"
"2344","63 206","63",206,29,"",5,0,35.74,"2024","10:10","35.74"
"2345","63 206","63",206,29,"y",5,6,35.74,"2024","16:27","53.28"
"2346","63 206","63",206,29,"y",5,24,35.74,"2024","10:16","136.78"
"2347","66 207","66",207,29,"",5,0,41.58,"2024","10:10","41.58"
"2348","66 207","66",207,29,"y",5,6,41.58,"2024","16:27","63.08"
"2349","66 207","66",207,29,"y",5,24,41.58,"2024","10:17","139.04"
"2350","66 208","66",208,29,"",5,0,32.88,"2024","10:11","32.88"
"2351","66 208","66",208,29,"y",5,6,32.88,"2024","16:28","64.02"
"2352","66 208","66",208,29,"y",5,24,32.88,"2024","10:17","146.79"
"2353","66 209","66",209,29,"",5,0,37.78,"2024","10:11","37.78"
"2354","66 209","66",209,29,"y",5,6,37.78,"2024","16:29","53.03"
"2355","66 209","66",209,29,"y",5,24,37.78,"2024","10:18","128.2"
"2356","72 210","72",210,29,"",5,0,62.08,"2024","10:12","62.08"
"2357","72 210","72",210,29,"y",5,6,62.08,"2024","16:29","95.46"
"2358","72 210","72",210,29,"y",5,24,62.08,"2024","10:18","173.51"
"2359","72 211","72",211,29,"",5,0,49.82,"2024","10:12","49.82"
"2360","72 211","72",211,29,"y",5,6,49.82,"2024","16:30","72.99"
"2361","72 211","72",211,29,"y",5,24,49.82,"2024","10:19","180.47"
"2362","72 212","72",212,29,"",5,0,39.52,"2024","10:13","39.52"
"2363","72 212","72",212,29,"y",5,6,39.52,"2024","16:31","59.67"
"2364","72 212","72",212,29,"y",5,24,39.52,"2024","10:20","158.69"
"2365","72 213","72",213,29,"",5,0,37.58,"2024","10:13","37.58"
"2366","72 213","72",213,29,"y",5,6,37.58,"2024","16:32","56.83"
"2367","72 213","72",213,29,"y",5,24,37.58,"2024","10:20","162.67"
"2368","72 214","72",214,29,"",5,0,59.47,"2024","10:14","59.47"
"2369","72 214","72",214,29,"y",5,6,59.47,"2024","16:32","87"
"2370","72 214","72",214,29,"y",5,24,59.47,"2024","10:21","187.18"
"2371","73 215","73",215,29,"",5,0,55.99,"2024","10:14","55.99"
"2372","73 215","73",215,29,"y",5,6,55.99,"2024","16:33","83.36"
"2373","73 215","73",215,29,"y",5,24,55.99,"2024","10:21","210.17"
"2374","73 216","73",216,29,"",5,0,57.78,"2024","10:15","57.78"
"2375","73 216","73",216,29,"y",5,6,57.78,"2024","16:33","82.26"
"2376","73 216","73",216,29,"y",5,24,57.78,"2024","10:22","199.04"
"2377","73 217","73",217,29,"",5,0,48.71,"2024","10:16","48.71"
"2378","73 217","73",217,29,"y",5,6,48.71,"2024","16:34","76.11"
"2379","73 217","73",217,29,"y",5,24,48.71,"2024","10:23","181.26"
"2380","67 122","67",122,11,"",5,0,66.32,"2024","10:21","66.32"
"2381","67 122","67",122,11,"y",5,6,66.32,"2024","16:36","74.06"
"2382","67 122","67",122,11,"y",5,24,66.32,"2024","10:29","89.83"
"2383","67 123","67",123,11,"",5,0,60.55,"2024","10:22","60.55"
"2384","67 123","67",123,11,"y",5,6,60.55,"2024","16:36","63.74"
"2385","67 123","67",123,11,"y",5,24,60.55,"2024","10:29","80.75"
"2386","67 124","67",124,11,"",5,0,40.39,"2024","10:22","40.39"
"2387","67 124","67",124,11,"y",5,6,40.39,"2024","16:37","43.49"
"2388","67 124","67",124,11,"y",5,24,40.39,"2024","10:30","54.35"
"2389","67 125","67",125,11,"",5,0,49.4,"2024","10:23","49.4"
"2390","67 125","67",125,11,"n",5,6,49.4,"2024","16:38","46.64"
"2391","67 125","67",125,11,"y",5,24,49.4,"2024","10:30","64.29"
"2392","67 126","67",126,11,"",5,0,63.58,"2024","10:23","63.58"
"2393","67 126","67",126,11,"y",5,6,63.58,"2024","16:39","74.99"
"2394","67 126","67",126,11,"y",5,24,63.58,"2024","10:31","86.7"
"2395","69 127","69",127,11,"",5,0,41.33,"2024","10:24","41.33"
"2396","69 127","69",127,11,"y",5,6,41.33,"2024","16:40","45.55"
"2397","69 127","69",127,11,"y",5,24,41.33,"2024","10:31","62.69"
"2398","72 128","72",128,11,"",5,0,46.67,"2024","10:24","46.67"
"2399","72 128","72",128,11,"y",5,6,46.67,"2024","16:40","49.91"
"2400","72 128","72",128,11,"y",5,24,46.67,"2024","10:32","57.89"
"2401","72 129","72",129,11,"",5,0,53.01,"2024","10:25","53.01"
"2402","72 129","72",129,11,"y",5,6,53.01,"2024","16:41","55.93"
"2403","72 129","72",129,11,"y",5,24,53.01,"2024","10:32","76.91"
"2404","72 130","72",130,11,"",5,0,52.16,"2024","10:25","52.16"
"2405","72 130","72",130,11,"y",5,6,52.16,"2024","16:42","55.57"
"2406","72 130","72",130,11,"y",5,24,52.16,"2024","10:33","69.89"
"2407","72 131","72",131,11,"",5,0,38.49,"2024","10:26","38.49"
"2408","72 131","72",131,11,"y",5,6,38.49,"2024","16:43","41.44"
"2409","72 131","72",131,11,"y",5,24,38.49,"2024","10:33","54.25"
"2410","78 132","78",132,11,"",5,0,53.33,"2024","10:26","53.33"
"2411","78 132","78",132,11,"y",5,6,53.33,"2024","16:44","60.41"
"2412","78 132","78",132,11,"y",5,24,53.33,"2024","10:34","72.86"
"2413","78 133","78",133,11,"",5,0,51.29,"2024","10:27","51.29"
"2414","78 133","78",133,11,"y",5,6,51.29,"2024","16:44","56.76"
"2415","78 133","78",133,11,"y",5,24,51.29,"2024","10:35","65.56"
"2416","67 161","67",161,17,"",5,0,40.3,"2024","10:28","40.3"
"2417","67 161","67",161,17,"y",5,6,40.3,"2024","16:46","46.81"
"2418","67 161","67",161,17,"y",5,24,40.3,"2024","10:38","75.39"
"2419","67 162","67",162,17,"",5,0,34.84,"2024","10:29","34.84"
"2420","67 162","67",162,17,"y",5,6,34.84,"2024","16:47","41.32"
"2421","67 162","67",162,17,"y",5,24,34.84,"2024","10:39","68.01"
"2422","69 163","69",163,17,"",5,0,43.93,"2024","10:30","43.93"
"2423","69 163","69",163,17,"y",5,6,43.93,"2024","16:47","49.4"
"2424","69 163","69",163,17,"y",5,24,43.93,"2024","10:40","83.45"
"2425","69 164","69",164,17,"",5,0,54.8,"2024","10:31","54.8"
"2426","69 164","69",164,17,"y",5,6,54.8,"2024","16:48","67.73"
"2427","69 164","69",164,17,"y",5,24,54.8,"2024","10:40","105.93"
"2428","69 165","69",165,17,"",5,0,36.9,"2024","10:32","36.9"
"2429","69 165","69",165,17,"y",5,6,36.9,"2024","16:49","44"
"2430","69 165","69",165,17,"y",5,24,36.9,"2024","10:41","65.24"
"2431","69 166","69",166,17,"",5,0,66.53,"2024","10:33","66.53"
"2432","69 166","69",166,17,"y",5,6,66.53,"2024","16:49","76.29"
"2433","69 166","69",166,17,"y",5,24,66.53,"2024","10:41","112.48"
"2434","69 167","69",167,17,"",5,0,64.87,"2024","10:33","64.87"
"2435","69 167","69",167,17,"y",5,6,64.87,"2024","16:50","76.78"
"2436","69 167","69",167,17,"y",5,24,64.87,"2024","10:42","117.01"
"2437","72 168","72",168,17,"",5,0,49.88,"2024","10:34","49.88"
"2438","72 168","72",168,17,"y",5,6,49.88,"2024","10:51","62.67"
"2439","72 168","72",168,17,"y",5,24,49.88,"2024","10:42","99.19"
"2440","72 169","72",169,17,"",5,0,45.44,"2024","10:35","45.44"
"2441","72 169","72",169,17,"y",5,6,45.44,"2024","16:52","54.54"
"2442","72 169","72",169,17,"y",5,24,45.44,"2024","10:43","90.1"
"2443","72 170","72",170,17,"",5,0,50.31,"2024","10:36","50.31"
"2444","72 170","72",170,17,"y",5,6,50.31,"2024","16:52","61.97"
"2445","72 170","72",170,17,"y",5,24,50.31,"2024","10:44","90.33"
"2446","72 171","72",171,17,"",5,0,38.25,"2024","10:37","38.25"
"2447","72 171","72",171,17,"y",5,6,38.25,"2024","16:53","48.16"
"2448","72 171","72",171,17,"y",5,24,38.25,"2024","10:44","90.07"
"2449","78 172","78",172,17,"",5,0,56.36,"2024","10:38","56.36"
"2450","78 172","78",172,17,"y",5,6,56.36,"2024","16:54","69"
"2451","78 172","78",172,17,"y",5,24,56.36,"2024","10:45","125.76"
"2452","72 197","72",197,23,"",5,0,45.13,"2024","10:39","45.13"
"2453","72 197","72",197,23,"y",5,6,45.13,"2024","16:55","56.44"
"2454","72 197","72",197,23,"y",5,24,45.13,"2024","10:47","140.1"
"2455","72 198","72",198,23,"",5,0,43.6,"2024","10:39","43.6"
"2456","72 198","72",198,23,"y",5,6,43.6,"2024","16:55","67.99"
"2457","72 198","72",198,23,"y",5,24,43.6,"2024","10:48","146.07"
"2458","72 199","72",199,23,"",5,0,55.3,"2024","10:40","55.3"
"2459","72 199","72",199,23,"y",5,6,55.3,"2024","16:56","76.23"
"2460","72 199","72",199,23,"y",5,24,55.3,"2024","10:49","177.13"
"2461","72 200","72",200,23,"",5,0,44.6,"2024","10:41","44.6"
"2462","72 200","72",200,23,"y",5,6,44.6,"2024","16:57","59.31"
"2463","72 200","72",200,23,"y",5,24,44.6,"2024","10:49","135.69"
"2464","81 201","81",201,23,"",5,0,43.96,"2024","10:41","43.96"
"2465","81 201","81",201,23,"y",5,6,43.96,"2024","16:58","59.7"
"2466","81 201","81",201,23,"y",5,24,43.96,"2024","10:50","128.94"
"2467","83 202","83",202,23,"",5,0,44.16,"2024","10:42","44.16"
"2468","83 202","83",202,23,"y",5,6,44.16,"2024","16:59","55.65"
"2469","83 202","83",202,23,"y",5,24,44.16,"2024","10:51","120.75"
"2470","83 203","83",203,23,"",5,0,49.83,"2024","10:43","49.83"
"2471","83 203","83",203,23,"y",5,6,49.83,"2024","16:59","64.88"
"2472","83 203","83",203,23,"y",5,24,49.83,"2024","10:51","152.06"
"2473","83 204","83",204,23,"",5,0,49.62,"2024","10:44","49.62"
"2474","83 204","83",204,23,"y",5,6,49.62,"2024","17:00","75.06"
"2475","83 204","83",204,23,"y",5,24,49.62,"2024","10:52","131.37"
"2476","83 205","83",205,23,"",5,0,52.96,"2024","10:44","52.96"
"2477","83 205","83",205,23,"y",5,6,52.96,"2024","17:01","65.06"
"2478","83 205","83",205,23,"y",5,24,52.96,"2024","10:53","129.5"
"2479","69 240","69",240,23,"",5,0,42.43,"2024","10:45","42.43"
"2480","69 240","69",240,23,"y",5,6,42.43,"2024","17:01","56.04"
"2481","69 240","69",240,23,"y",5,24,42.43,"2024","10:53","122.49"
"2482","73 241","73",241,23,"",5,0,44.64,"2024","10:45","44.64"
"2483","73 241","73",241,23,"y",5,6,44.64,"2024","17:02","63.69"
"2484","73 241","73",241,23,"y",5,24,44.64,"2024","10:54","142.15"
"2485","73 242","73",242,23,"",5,0,43.1,"2024","10:46","43.1"
"2486","73 242","73",242,23,"y",5,6,43.1,"2024","17:03","58.93"
"2487","73 242","73",242,23,"y",5,24,43.1,"2024","10:55","135.13"
"2488","74 218","74",218,29,"",5,0,47.12,"2024","10:47","47.12"
"2489","74 218","74",218,29,"y",5,6,47.12,"2024","17:05","72.39"
"2490","74 218","74",218,29,"y",5,24,47.12,"2024","10:57","157.39"
"2491","74 219","74",219,29,"",5,0,35.36,"2024","10:48","35.36"
"2492","74 219","74",219,29,"y",5,6,35.36,"2024","17:07","48.12"
"2493","74 219","74",219,29,"y",5,24,35.36,"2024","10:57","137.03"
"2494","74 220","74",220,29,"",5,0,52.63,"2024","10:49","52.63"
"2495","74 220","74",220,29,"y",5,6,52.63,"2024","17:08","77.84"
"2496","74 220","74",220,29,"y",5,24,52.63,"2024","10:58","146.58"
"2497","74 221","74",221,29,"",5,0,29.87,"2024","10:50","29.87"
"2498","74 221","74",221,29,"y",5,6,29.87,"2024","17:09","53.95"
"2499","74 221","74",221,29,"y",5,24,29.87,"2024","10:59","134.6"
"2500","74 222","74",222,29,"",5,0,43.27,"2024","10:51","43.27"
"2501","74 222","74",222,29,"y",5,6,43.27,"2024","17:09","62.69"
"2502","74 222","74",222,29,"y",5,24,43.27,"2024","10:59","146.76"
"2503","75 223","75",223,29,"",5,0,31.27,"2024","10:51","31.27"
"2504","75 223","75",223,29,"y",5,6,31.27,"2024","17:11","47.73"
"2505","75 223","75",223,29,"y",5,24,31.27,"2024","11:00","107.93"
"2506","75 224","75",224,29,"",5,0,35.05,"2024","10:52","35.05"
"2507","75 224","75",224,29,"y",5,6,35.05,"2024","17:12","51.9"
"2508","75 224","75",224,29,"y",5,24,35.05,"2024","11:01","133.34"
"2509","77 225","77",225,29,"",5,0,45.89,"2024","10:52","45.89"
"2510","77 225","77",225,29,"y",5,6,45.89,"2024","17:13","64.86"
"2511","77 225","77",225,29,"y",5,24,45.89,"2024","11:02","153.33"
"2512","78 226","78",226,29,"",5,0,47.79,"2024","10:53","47.79"
"2513","78 226","78",226,29,"y",5,6,47.79,"2024","17:14","75.92"
"2514","78 226","78",226,29,"y",5,24,47.79,"2024","11:02","175.72"
"2515","79 227","79",227,29,"",5,0,41.76,"2024","10:54","41.76"
"2516","79 227","79",227,29,"y",5,6,41.76,"2024","17:15","62.23"
"2517","79 227","79",227,29,"y",5,24,41.76,"2024","11:03","167.88"
"2518","80 228","80",228,29,"",5,0,48.62,"2024","10:55","48.62"
"2519","80 228","80",228,29,"y",5,6,48.62,"2024","17:17","70.72"
"2520","80 228","80",228,29,"y",5,24,48.62,"2024","11:03","166.53"
"2521","80 229","80",229,29,"",5,0,50.08,"2024","10:55","50.08"
"2522","80 229","80",229,29,"y",5,6,50.08,"2024","17:18","81.17"
"2523","80 229","80",229,29,"y",5,24,50.08,"2024","11:04","160.8"
"2524","79 134","79",134,11,"",5,0,40.76,"2024","10:56","40.76"
"2525","79 134","79",134,11,"y",5,6,40.76,"2024","17:20","41.14"
"2526","79 134","79",134,11,"y",5,24,40.76,"2024","11:05","56.56"
"2527","79 135","79",135,11,"",5,0,45.65,"2024","10:57","45.65"
"2528","79 135","79",135,11,"y",5,6,45.65,"2024","17:22","48.65"
"2529","79 135","79",135,11,"y",5,24,45.65,"2024","11:05","57.51"
"2530","81 136","81",136,11,"",5,0,43.65,"2024","10:58","43.65"
"2531","81 136","81",136,11,"y",5,6,43.65,"2024","17:24","48.24"
"2532","81 136","81",136,11,"y",5,24,43.65,"2024","11:06","59.09"
"2533","81 137","81",137,11,"",5,0,38.36,"2024","10:58","38.36"
"2534","81 137","81",137,11,"n",5,6,38.36,"2024","17:25","38.27"
"2535","81 137","81",137,11,"y",5,24,38.36,"2024","11:07","44.24"
"2536","81 138","81",138,11,"",5,0,56.89,"2024","10:59","56.89"
"2537","81 138","81",138,11,"y",5,6,56.89,"2024","17:27","59.05"
"2538","81 138","81",138,11,"y",5,24,56.89,"2024","11:08","71.46"
"2539","82 139","82",139,11,"",5,0,45.45,"2024","11:00","45.45"
"2540","82 139","82",139,11,"y",5,6,45.45,"2024","17:28","48.13"
"2541","82 139","82",139,11,"y",5,24,45.45,"2024","11:08","60.72"
"2542","82 140","82",140,11,"",5,0,44.25,"2024","11:00","44.25"
"2543","82 140","82",140,11,"y",5,6,44.25,"2024","17:30","47.65"
"2544","82 140","82",140,11,"y",5,24,44.25,"2024","11:09","58.66"
"2545","82 141","82",141,11,"",5,0,56.77,"2024","11:01","56.77"
"2546","82 141","82",141,11,"n",5,6,56.77,"2024","17:31","54.93"
"2547","82 141","82",141,11,"y",5,24,56.77,"2024","11:09","64.32"
"2548","82 142","82",142,11,"",5,0,61.45,"2024","11:01","61.45"
"2549","82 142","82",142,11,"y",5,6,61.45,"2024","17:32","67.33"
"2550","82 142","82",142,11,"y",5,24,61.45,"2024","11:10","80.27"
"2551","83 143","83",143,11,"",5,0,39.51,"2024","11:02","39.51"
"2552","83 143","83",143,11,"y",5,6,39.51,"2024","17:34","47.54"
"2553","83 143","83",143,11,"y",5,24,39.51,"2024","11:10","55.42"
"2554","83 144","83",144,11,"",5,0,46.06,"2024","11:03","46.06"
"2555","83 144","83",144,11,"n",5,6,46.06,"2024","17:35","45.96"
"2556","83 144","83",144,11,"y",5,24,46.06,"2024","11:12","53.89"
"2557","83 145","83",145,11,"",5,0,51.37,"2024","11:03","51.37"
"2558","83 145","83",145,11,"y",5,6,51.37,"2024","17:36","61.29"
"2559","83 145","83",145,11,"y",5,24,51.37,"2024","11:13","69.07"
"2560","66 173","66",173,17,"",5,0,35.54,"2024","11:05","35.54"
"2561","66 173","66",173,17,"y",5,6,35.54,"2024","17:37","46.66"
"2562","66 173","66",173,17,"y",5,24,35.54,"2024","11:14","61.33"
"2563","66 174","66",174,17,"",5,0,37.81,"2024","11:05","37.81"
"2564","66 174","66",174,17,"y",5,6,37.81,"2024","17:39","52.98"
"2565","66 174","66",174,17,"y",5,24,37.81,"2024","11:15","75.75"
"2566","66 175","66",175,17,"",5,0,54.88,"2024","11:06","54.88"
"2567","66 175","66",175,17,"y",5,6,54.88,"2024","17:40","72.22"
"2568","66 175","66",175,17,"y",5,24,54.88,"2024","11:15","97.63"
"2569","66 176","66",176,17,"",5,0,46.92,"2024","11:06","46.92"
"2570","66 176","66",176,17,"y",5,6,46.92,"2024","17:41","68.45"
"2571","66 176","66",176,17,"y",5,24,46.92,"2024","11:16","98.54"
"2572","66 177","66",177,17,"",5,0,48.88,"2024","11:07","48.88"
"2573","66 177","66",177,17,"y",5,6,48.88,"2024","17:42","58.95"
"2574","66 177","66",177,17,"y",5,24,48.88,"2024","11:17","92.34"
"2575","67 178","67",178,17,"",5,0,54.02,"2024","11:08","54.02"
"2576","67 178","67",178,17,"y",5,6,54.02,"2024","17:43","62.42"
"2577","67 178","67",178,17,"y",5,24,54.02,"2024","11:18","88.52"
"2578","67 179","67",179,17,"",5,0,35.01,"2024","11:08","35.01"
"2579","67 179","67",179,17,"y",5,6,35.01,"2024","17:44","48.03"
"2580","67 179","67",179,17,"y",5,24,35.01,"2024","11:18","73.95"
"2581","67 180","67",180,17,"",5,0,56.7,"2024","11:09","56.7"
"2582","67 180","67",180,17,"y",5,6,56.7,"2024","17:45","67.76"
"2583","67 180","67",180,17,"y",5,24,56.7,"2024","11:19","100.42"
"2584","67 181","67",181,17,"",5,0,59.72,"2024","11:10","59.72"
"2585","67 181","67",181,17,"y",5,6,59.72,"2024","17:46","71.7"
"2586","67 181","67",181,17,"y",5,24,59.72,"2024","11:20","102.51"
"2587","67 182","67",182,17,"",5,0,51.35,"2024","11:11","51.35"
"2588","67 182","67",182,17,"y",5,6,51.35,"2024","17:47","64.44"
"2589","67 182","67",182,17,"y",5,24,51.35,"2024","11:20","93.43"
"2590","67 183","67",183,17,"",5,0,40.72,"2024","11:12","40.72"
"2591","67 183","67",183,17,"y",5,6,40.72,"2024","17:48","49.3"
"2592","67 183","67",183,17,"y",5,24,40.72,"2024","11:21","80.25"
"2593","67 184","67",184,17,"",5,0,39.95,"2024","11:13","39.95"
"2594","67 184","67",184,17,"y",5,6,39.95,"2024","17:49","45.53"
"2595","67 184","67",184,17,"y",5,24,39.95,"2024","11:21","71.08"
"2596","69 243","69",243,23,"",5,0,32.69,"2024","11:35","32.69"
"2597","69 243","69",243,23,"y",5,6,32.69,"2024","17:52","42"
"2598","69 243","69",243,23,"y",5,24,32.69,"2024","11:42","107.68"
"2599","72 244","72",244,23,"",5,0,38.31,"2024","11:35","38.31"
"2600","72 244","72",244,23,"y",5,6,38.31,"2024","17:53","55.13"
"2601","72 244","72",244,23,"y",5,24,38.31,"2024","11:43","128.71"
"2602","73 245","73",245,23,"",5,0,44.86,"2024","11:36","44.86"
"2603","73 245","73",245,23,"y",5,6,44.86,"2024","17:54","62.49"
"2604","73 245","73",245,23,"y",5,24,44.86,"2024","11:44","136.11"
"2605","63 264","63",264,23,"",5,0,50.1,"2024","11:37","50.1"
"2606","63 264","63",264,23,"y",5,6,50.1,"2024","17:56","62.87"
"2607","63 264","63",264,23,"y",5,24,50.1,"2024","11:45","135.89"
"2608","64 265","64",265,23,"",5,0,36.76,"2024","11:38","36.76"
"2609","64 265","64",265,23,"y",5,6,36.76,"2024","17:57","44.52"
"2610","64 265","64",265,23,"y",5,24,36.76,"2024","11:45","85.75"
"2611","66 266","66",266,23,"",5,0,38.28,"2024","11:38","38.28"
"2612","66 266","66",266,23,"y",5,6,38.28,"2024","17:58","49.46"
"2613","66 266","66",266,23,"y",5,24,38.28,"2024","11:46","106.99"
"2614","67 267","67",267,23,"",5,0,45.57,"2024","11:39","45.57"
"2615","67 267","67",267,23,"y",5,6,45.57,"2024","17:59","58.35"
"2616","67 267","67",267,23,"y",5,24,45.57,"2024","11:47","116.57"
"2617","72 268","72",268,23,"",5,0,29.92,"2024","11:40","29.92"
"2618","72 268","72",268,23,"y",5,6,29.92,"2024","17:59","42.39"
"2619","72 268","72",268,23,"y",5,24,29.92,"2024","11:48","92.97"
"2620","74 269","74",269,23,"",5,0,44.13,"2024","11:40","44.13"
"2621","74 269","74",269,23,"y",5,6,44.13,"2024","18:01","56.11"
"2622","74 269","74",269,23,"y",5,24,44.13,"2024","11:49","133.36"
"2623","82 270","82",270,23,"",5,0,40.71,"2024","11:41","40.71"
"2624","82 270","82",270,23,"y",5,6,40.71,"2024","18:03","50.51"
"2625","82 270","82",270,23,"y",5,24,40.71,"2024","11:49","108.72"
"2626","83 271","83",271,23,"",5,0,44.62,"2024","11:41","44.62"
"2627","83 271","83",271,23,"y",5,6,44.62,"2024","18:04","56.96"
"2628","83 271","83",271,23,"y",5,24,44.62,"2024","11:50","137.01"
"2629","83 272","83",272,23,"",5,0,40.48,"2024","11:42","40.48"
"2630","83 272","83",272,23,"y",5,6,40.48,"2024","18:05","49.65"
"2631","83 272","83",272,23,"y",5,24,40.48,"2024","11:51","115.4"
"2632","80 230","80",230,29,"",5,0,44.24,"2024","11:43","44.24"
"2633","80 230","80",230,29,"y",5,6,44.24,"2024","18:07","66.92"
"2634","80 230","80",230,29,"y",5,24,44.24,"2024","11:53","143.63"
"2635","80 231","80",231,29,"",5,0,44.49,"2024","11:44","44.49"
"2636","80 231","80",231,29,"y",5,6,44.49,"2024","18:08","61.12"
"2637","80 231","80",231,29,"y",5,24,44.49,"2024","11:54","141.54"
"2638","81 232","81",232,29,"",5,0,42.68,"2024","11:44","42.68"
"2639","81 232","81",232,29,"y",5,6,42.68,"2024","18:10","62.76"
"2640","81 232","81",232,29,"y",5,24,42.68,"2024","11:55","140.18"
"2641","81 233","81",233,29,"",5,0,48.96,"2024","11:45","48.96"
"2642","81 233","81",233,29,"y",5,6,48.96,"2024","18:11","58.67"
"2643","81 233","81",233,29,"y",5,24,48.96,"2024","11:55","143.53"
"2644","83 234","83",234,29,"",5,0,48.31,"2024","11:46","48.31"
"2645","83 234","83",234,29,"y",5,6,48.31,"2024","18:11","71.53"
"2646","83 234","83",234,29,"y",5,24,48.31,"2024","11:56","170.32"
"2647","83 235","83",235,29,"",5,0,49.77,"2024","11:47","49.77"
"2648","83 235","83",235,29,"y",5,6,49.77,"2024","18:12","70.58"
"2649","83 235","83",235,29,"y",5,24,49.77,"2024","11:57","157.6"
"2650","83 236","83",236,29,"",5,0,44.86,"2024","11:49","44.86"
"2651","83 236","83",236,29,"y",5,6,44.86,"2024","18:14","65.41"
"2652","83 236","83",236,29,"y",5,24,44.86,"2024","11:57","170.81"
"2653","83 237","83",237,29,"",5,0,51.91,"2024","11:50","51.91"
"2654","83 237","83",237,29,"y",5,6,51.91,"2024","18:15","79.49"
"2655","83 237","83",237,29,"y",5,24,51.91,"2024","11:58","190.52"
"2656","66 238","66",238,29,"",5,0,53.48,"2024","11:51","53.48"
"2657","66 238","66",238,29,"y",5,6,53.48,"2024","18:16","60.6"
"2658","66 238","66",238,29,"y",5,24,53.48,"2024","11:58","160.64"
"2659","74 239","74",239,29,"",5,0,37.33,"2024","11:51","37.33"
"2660","74 239","74",239,29,"y",5,6,37.33,"2024","18:17","55.01"
"2661","74 239","74",239,29,"y",5,24,37.33,"2024","11:59","143.43"
"2662","64 273","64",273,29,"",5,0,28.52,"2024","11:52","28.52"
"2663","64 273","64",273,29,"y",5,6,28.52,"2024","18:18","42.44"
"2664","64 273","64",273,29,"y",5,24,28.52,"2024","11:59","125.1"
"2665","83 274","83",274,29,"",5,0,44.06,"2024","11:53","44.06"
"2666","83 274","83",274,29,"y",5,6,44.06,"2024","18:19","61.18"
"2667","83 274","83",274,29,"y",5,24,44.06,"2024","12:00","151.72"
"2668","64 146","64",146,11,"",5,0,33.19,"2024","11:55","33.19"
"2669","64 146","64",146,11,"y",5,6,33.19,"2024","18:21","36.72"
"2670","64 146","64",146,11,"y",5,24,33.19,"2024","12:02","45.27"
"2671","66 147","66",147,11,"",5,0,46.36,"2024","11:56","46.36"
"2672","66 147","66",147,11,"n",5,6,46.36,"2024","18:22","49.8"
"2673","66 147","66",147,11,"y",5,24,46.36,"2024","12:03","53.54"
"2674","83 148","83",148,11,"",5,0,47.22,"2024","11:56","47.22"
"2675","83 148","83",148,11,"y",5,6,47.22,"2024","18:23","49.9"
"2676","83 148","83",148,11,"y",5,24,47.22,"2024","12:04","64.32"
"2677","64 246","64",246,11,"",5,0,31.36,"2024","11:57","31.36"
"2678","64 246","64",246,11,"n",5,6,31.36,"2024","18:23","31"
"2679","64 246","64",246,11,"y",5,24,31.36,"2024","12:04","32.27"
"2680","66 247","66",247,11,"",5,0,51,"2024","11:58","51"
"2681","66 247","66",247,11,"n",5,6,51,"2024","18:26","48.12"
"2682","66 247","66",247,11,"y",5,24,51,"2024","12:05","55.91"
"2683","69 248","69",248,11,"",5,0,34.7,"2024","11:58","34.7"
"2684","69 248","69",248,11,"n",5,6,34.7,"2024","18:27","34.24"
"2685","69 248","69",248,11,"y",5,24,34.7,"2024","12:05","42.09"
"2686","72 249","72",249,11,"",5,0,30.25,"2024","11:59","30.25"
"2687","72 249","72",249,11,"n",5,6,30.25,"2024","18:28","29.67"
"2688","72 249","72",249,11,"y",5,24,30.25,"2024","12:06","41.9"
"2689","74 250","74",250,11,"",5,0,40.25,"2024","11:59","40.25"
"2690","74 250","74",250,11,"n",5,6,40.25,"2024","18:29","40.14"
"2691","74 250","74",250,11,"y",5,24,40.25,"2024","12:07","43.16"
"2692","78 251","78",251,11,"",5,0,49.08,"2024","12:00","49.08"
"2693","78 251","78",251,11,"y",5,6,49.08,"2024","18:31","52.78"
"2694","78 251","78",251,11,"y",5,24,49.08,"2024","12:08","62.03"
"2695","78 252","78",252,11,"",5,0,38.44,"2024","12:01","38.44"
"2696","78 252","78",252,11,"n",5,6,38.44,"2024","18:32","40.17"
"2697","78 252","78",252,11,"y",5,24,38.44,"2024","12:08","42.95"
"2698","83 253","83",253,11,"",5,0,43.79,"2024","12:01","43.79"
"2699","83 253","83",253,11,"y",5,6,43.79,"2024","18:34","46.6"
"2700","83 253","83",253,11,"y",5,24,43.79,"2024","12:09","60.79"
"2701","83 254","83",254,11,"",5,0,49.37,"2024","12:02","49.37"
"2702","83 254","83",254,11,"n",5,6,49.37,"2024","18:35","49.32"
"2703","83 254","83",254,11,"y",5,24,49.37,"2024","12:10","57.97"
"2704","64 255","64",255,17,"",5,0,39.91,"2024","12:08","39.91"
"2705","64 255","64",255,17,"y",5,6,39.91,"2024","18:37","45.14"
"2706","64 255","64",255,17,"y",5,24,39.91,"2024","12:19","80.05"
"2707","66 256","66",256,17,"",5,0,47.19,"2024","12:09","47.19"
"2708","66 256","66",256,17,"y",5,6,47.19,"2024","18:37","52.61"
"2709","66 256","66",256,17,"y",5,24,47.19,"2024","12:20","83.3"
"2710","69 257","69",257,17,"",5,0,46.42,"2024","12:10","46.42"
"2711","69 257","69",257,17,"y",5,6,46.42,"2024","18:39","40.09"
"2712","69 257","69",257,17,"y",5,24,46.42,"2024","12:20","57.85"
"2713","83 258","83",258,17,"",5,0,38.67,"2024","12:11","38.67"
"2714","83 258","83",258,17,"y",5,6,38.67,"2024","18:39","42.85"
"2715","83 258","83",258,17,"y",5,24,38.67,"2024","12:21","77.61"
"2716","83 259","83",259,17,"",5,0,45.1,"2024","12:11","45.1"
"2717","83 259","83",259,17,"y",5,6,45.1,"2024","18:40","46.39"
"2718","83 259","83",259,17,"y",5,24,45.1,"2024","12:22","75.56"
"2719","83 260","83",260,17,"",5,0,39.93,"2024","12:12","39.93"
"2720","83 260","83",260,17,"y",5,6,39.93,"2024","18:41","43.17"
"2721","83 260","83",260,17,"y",5,24,39.93,"2024","12:23","70.47"
"2722","83 261","83",261,17,"",5,0,46.2,"2024","12:13","46.2"
"2723","83 261","83",261,17,"y",5,6,46.2,"2024","18:42","49.03"
"2724","83 261","83",261,17,"y",5,24,46.2,"2024","12:23","81.98"
"2725","83 263","83",263,17,"",5,0,40.22,"2024","12:14","40.22"
"2726","83 263","83",263,17,"y",5,6,40.22,"2024","18:43","47.35"
"2727","83 263","83",263,17,"y",5,24,40.22,"2024","12:24","72.6"
"2728","64 275","64",275,17,"",5,0,37.15,"2024","12:15","37.15"
"2729","64 275","64",275,17,"y",5,6,37.15,"2024","18:44","43.29"
"2730","64 275","64",275,17,"y",5,24,37.15,"2024","12:24","65.39"
"2731","67 276","67",276,17,"",5,0,44.23,"2024","12:16","44.23"
"2732","67 276","67",276,17,"y",5,6,44.23,"2024","18:45","47.22"
"2733","67 276","67",276,17,"y",5,24,44.23,"2024","12:25","77.22"
"2734","78 277","78",277,17,"",5,0,45.12,"2024","12:17","45.12"
"2735","78 277","78",277,17,"y",5,6,45.12,"2024","18:46","52.45"
"2736","78 277","78",277,17,"y",5,24,45.12,"2024","12:25","80.68"
"2737","73 278","73",278,17,"",5,0,33.51,"2024","12:18","33.51"
"2738","73 278","73",278,17,"y",5,6,33.51,"2024","18:48","40.32"
"2739","73 278","73",278,17,"y",5,24,33.51,"2024","12:26","61.32"
"2740","86 1","86",1,35,"y",4,0,7.79,"2024","9:35","7.79"
"2741","86 1","86",1,35,"y",4,6,7.79,"2024","15:43","17.9"
"2742","86 1","86",1,35,"y",4,24,7.79,"2024","9:43","43.53"
"2743","88 2","88",2,35,"y",4,0,8.77,"2024","9:36","8.77"
"2744","88 2","88",2,35,"y",4,6,8.77,"2024","15:45","15.14"
"2745","88 2","88",2,35,"y",4,24,8.77,"2024","9:44","39.02"
"2746","88 3","88",3,35,"y",4,0,12.03,"2024","9:37","12.03"
"2747","88 3","88",3,35,"y",4,6,12.03,"2024","15:46","20.75"
"2748","88 3","88",3,35,"y",4,24,12.03,"2024","9:45","46.65"
"2749","88 4","88",4,35,"y",4,0,10.1,"2024","9:37","10.1"
"2750","88 4","88",4,35,"y",4,6,10.1,"2024","15:47","17.77"
"2751","88 4","88",4,35,"y",4,24,10.1,"2024","9:46","38.92"
"2752","88 5","88",5,35,"y",4,0,8.35,"2024","9:38","8.35"
"2753","88 5","88",5,35,"y",4,6,8.35,"2024","15:47","16.98"
"2754","88 5","88",5,35,"y",4,24,8.35,"2024","9:46","39.04"
"2755","88 6","88",6,35,"y",4,0,12.73,"2024","9:39","12.73"
"2756","88 6","88",6,35,"y",4,6,12.73,"2024","15:48","23.25"
"2757","88 6","88",6,35,"y",4,24,12.73,"2024","9:47","47.38"
"2758","94 7","94",7,35,"y",4,0,14.06,"2024","9:39","14.06"
"2759","94 7","94",7,35,"y",4,6,14.06,"2024","15:49","26.98"
"2760","94 7","94",7,35,"y",4,24,14.06,"2024","9:48","50.76"
"2761","94 8","94",8,35,"y",4,0,13.26,"2024","9:40","13.26"
"2762","94 8","94",8,35,"y",4,6,13.26,"2024","15:50","29.46"
"2763","94 8","94",8,35,"y",4,24,13.26,"2024","9:48","61.52"
"2764","94 9","94",9,35,"y",4,0,17.73,"2024","9:40","17.73"
"2765","94 9","94",9,35,"y",4,6,17.73,"2024","15:51","35.75"
"2766","94 9","94",9,35,"y",4,24,17.73,"2024","9:49","53.06"
"2767","94 10","94",10,35,"y",4,0,8.26,"2024","9:41","8.26"
"2768","94 10","94",10,35,"y",4,6,8.26,"2024","15:52","17.52"
"2769","94 10","94",10,35,"y",4,24,8.26,"2024","9:50","43.93"
"2770","94 11","94",11,35,"y",4,0,13.71,"2024","9:42","13.71"
"2771","94 11","94",11,35,"y",4,6,13.71,"2024","15:53","24.48"
"2772","94 11","94",11,35,"y",4,24,13.71,"2024","9:51","51.97"
"2773","94 12","94",12,35,"y",4,0,13.93,"2024","9:42","13.93"
"2774","94 12","94",12,35,"y",4,6,13.93,"2024","15:54","26.57"
"2775","94 12","94",12,35,"y",4,24,13.93,"2024","9:51","50.84"
"2776","95 13","95",13,40,"y",4,0,9.01,"2024","9:44","9.01"
"2777","95 13","95",13,40,"y",4,6,9.01,"2024","15:56","10.82"
"2778","95 13","95",13,40,"",4,24,9.01,"2024","9:52","dead"
"2779","95 14","95",14,40,"y",4,0,13.17,"2024","9:45","13.17"
"2780","95 14","95",14,40,"y",4,6,13.17,"2024","15:57","20.94"
"2781","95 14","95",14,40,"y",4,24,13.17,"2024","9:52","23.29"
"2782","95 15","95",15,40,"y",4,0,10.91,"2024","9:45","10.91"
"2783","95 15","95",15,40,"y",4,6,10.91,"2024","15:58","13.31"
"2784","95 15","95",15,40,"y",4,24,10.91,"2024","9:53","dead"
"2785","95 16","95",16,40,"y",4,0,13.47,"2024","9:46","13.47"
"2786","95 16","95",16,40,"n",4,6,13.47,"2024","15:58","13.04"
"2787","95 16","95",16,40,"y",4,24,13.47,"2024","9:54","11.34"
"2788","95 17","95",17,40,"y",4,0,8.73,"2024","9:47","8.73"
"2789","95 17","95",17,40,"y",4,6,8.73,"2024","15:59","12.36"
"2790","95 17","95",17,40,"y",4,24,8.73,"2024","9:54","dead"
"2791","95 18","95",18,40,"y",4,0,9.57,"2024","9:47","9.57"
"2792","95 18","95",18,40,"y",4,6,9.57,"2024","16:00","13.29"
"2793","95 18","95",18,40,"",4,24,9.57,"2024","9:54","dead"
"2794","94 19","94",19,40,"y",4,0,11.39,"2024","9:48","11.39"
"2795","94 19","94",19,40,"y",4,6,11.39,"2024","16:01","14.56"
"2796","94 19","94",19,40,"y",4,24,11.39,"2024","9:55","15.12"
"2797","94 20","94",20,40,"y",4,0,10.34,"2024","9:48","10.34"
"2798","94 20","94",20,40,"y",4,6,10.34,"2024","16:02","11.93"
"2799","94 20","94",20,40,"y",4,24,10.34,"2024","9:55","dead"
"2800","94 21","94",21,40,"y",4,0,11.87,"2024","9:49","11.87"
"2801","94 21","94",21,40,"y",4,6,11.87,"2024","16:02","15.22"
"2802","94 21","94",21,40,"y",4,24,11.87,"2024","9:56","15.06"
"2803","94 22","94",22,40,"y",4,0,16.88,"2024","9:50","16.88"
"2804","94 22","94",22,40,"y",4,6,16.88,"2024","16:03","24.72"
"2805","94 22","94",22,40,"y",4,24,16.88,"2024","9:56","24.2"
"2806","97 23","97",23,40,"y",4,0,10.18,"2024","9:50","10.18"
"2807","97 23","97",23,40,"y",4,6,10.18,"2024","16:05","12.95"
"2808","97 23","97",23,40,"",4,24,10.18,"2024","9:57","dead"
"2809","97 24","97",24,40,"y",4,0,14.15,"2024","9:51","14.15"
"2810","97 24","97",24,40,"y",4,6,14.15,"2024","16:06","18.03"
"2811","97 24","97",24,40,"y",4,24,14.15,"2024","9:57","dead"
"2812","87 25","87",25,41,"y",4,0,11.67,"2024","9:53","11.67"
"2813","87 25","87",25,41,"n",4,6,11.67,"2024","","dead"
"2814","87 25","87",25,41,"",4,24,NA,"2024","",""
"2815","87 26","87",26,41,"y",4,0,11.37,"2024","9:53","11.37"
"2816","87 26","87",26,41,"n",4,6,11.37,"2024","","dead"
"2817","87 26","87",26,41,"",4,24,NA,"2024","",""
"2818","87 27","87",27,41,"y",4,0,7.9,"2024","9:54","7.9"
"2819","87 27","87",27,41,"n",4,6,7.9,"2024","16:07","7.8"
"2820","87 27","87",27,41,"",4,24,7.9,"2024","10:00","dead"
"2821","90 28","90",28,41,"y",4,0,12.22,"2024","9:54","12.22"
"2822","90 28","90",28,41,"n",4,6,12.22,"2024","","dead"
"2823","90 28","90",28,41,"",4,24,12.22,"2024","",""
"2824","90 29","90",29,41,"y",4,0,8.62,"2024","9:55","8.62"
"2825","90 29","90",29,41,"n",4,6,8.62,"2024","16:08","8.48"
"2826","90 29","90",29,41,"",4,24,8.62,"2024","10:00","dead"
"2827","87 30","87",30,41,"y",4,0,10.72,"2024","9:56","10.72"
"2828","87 30","87",30,41,"n",4,6,10.72,"2024","16:10","10.19"
"2829","87 30","87",30,41,"",4,24,10.72,"2024","10:00","dead"
"2830","90 31","90",31,41,"y",4,0,7.46,"2024","9:56","7.46"
"2831","90 31","90",31,41,"y",4,6,7.46,"2024","16:11","8.13"
"2832","90 31","90",31,41,"",4,24,7.46,"2024","10:00","dead"
"2833","90 32","90",32,41,"y",4,0,13.5,"2024","9:57","13.5"
"2834","90 32","90",32,41,"y",4,6,13.5,"2024","16:12","13.87"
"2835","90 32","90",32,41,"",4,24,13.5,"2024","10:00","dead"
"2836","92 33","92",33,41,"y",4,0,14.07,"2024","9:57","14.07"
"2837","92 33","92",33,41,"y",4,6,14.07,"2024","16:13","15.61"
"2838","92 33","92",33,41,"",4,24,14.07,"2024","10:00","dead"
"2839","92 34","92",34,41,"y",4,0,7.47,"2024","9:58","7.47"
"2840","92 34","92",34,41,"n",4,6,7.47,"2024","16:14","7.36"
"2841","92 34","92",34,41,"",4,24,7.47,"2024","10:00","dead"
"2842","92 35","92",35,41,"y",4,0,9.09,"2024","9:58","9.09"
"2843","92 35","92",35,41,"n",4,6,9.09,"2024","","dead"
"2844","92 35","92",35,41,"",4,24,9.09,"2024","",""
"2845","92 36","92",36,41,"y",4,0,12.41,"2024","9:59","12.41"
"2846","92 36","92",36,41,"n",4,6,12.41,"2024","16:15","12.36"
"2847","92 36","92",36,41,"",4,24,12.41,"2024","10:00","dead"
"2848","92 37","92",37,35,"y",4,0,10.69,"2024","10:00","10.69"
"2849","92 37","92",37,35,"y",4,6,10.69,"2024","16:17","21.67"
"2850","92 37","92",37,35,"y",4,24,10.69,"2024","10:06","56.73"
"2851","92 38","92",38,35,"y",4,0,11.97,"2024","10:01","11.97"
"2852","92 38","92",38,35,"y",4,6,11.97,"2024","16:18","25.25"
"2853","92 38","92",38,35,"y",4,24,11.97,"2024","10:07","46.43"
"2854","92 39","92",39,35,"y",4,0,14.51,"2024","10:02","14.51"
"2855","92 39","92",39,35,"y",4,6,14.51,"2024","16:19","29.76"
"2856","92 39","92",39,35,"y",4,24,14.51,"2024","10:08","52.12"
"2857","92 40","92",40,35,"y",4,0,9.87,"2024","10:02","9.87"
"2858","92 40","92",40,35,"y",4,6,9.87,"2024","16:20","20.27"
"2859","92 40","92",40,35,"y",4,24,9.87,"2024","10:09","41.42"
"2860","92 41","92",41,35,"y",4,0,16.11,"2024","10:03","16.11"
"2861","92 41","92",41,35,"y",4,6,16.11,"2024","16:21","30.98"
"2862","92 41","92",41,35,"y",5,24,16.11,"2024","10:09","42.41"
"2863","92 42","92",42,35,"y",4,0,7.59,"2024","10:04","7.59"
"2864","92 42","92",42,35,"y",4,6,7.59,"2024","16:21","14.62"
"2865","92 42","92",42,35,"y",4,24,7.59,"2024","10:10","45.18"
"2866","88 43","88",43,35,"y",4,0,14.81,"2024","10:04","14.81"
"2867","88 43","88",43,35,"y",4,6,14.81,"2024","16:22","27.74"
"2868","88 43","88",43,35,"y",4,24,14.81,"2024","10:11","61.35"
"2869","88 44","88",44,35,"y",4,0,9.32,"2024","10:05","9.32"
"2870","88 44","88",44,35,"y",4,6,9.32,"2024","16:23","15.58"
"2871","88 44","88",44,35,"y",4,24,9.32,"2024","10:12","38.76"
"2872","92 45","92",45,40,"y",4,0,10.1,"2024","10:06","10.1"
"2873","92 45","92",45,40,"y",4,6,10.1,"2024","16:24","13.43"
"2874","92 45","92",45,40,"y",4,24,10.1,"2024","10:13","13.45"
"2875","92 46","92",46,40,"y",4,0,8.74,"2024","10:07","8.74"
"2876","92 46","92",46,40,"y",4,6,8.74,"2024","16:25","12.02"
"2877","92 46","92",46,40,"y",4,24,8.74,"2024","10:14","12.61"
"2878","92 47","92",47,40,"y",4,0,11.95,"2024","10:08","11.95"
"2879","92 47","92",47,40,"n",4,6,11.95,"2024","16:26","9.57"
"2880","92 47","92",47,40,"",4,24,11.95,"2024","10:14","dead"
"2881","92 48","92",48,40,"y",4,0,15.17,"2024","10:08","15.17"
"2882","92 48","92",48,40,"y",4,6,15.17,"2024","16:27","17.68"
"2883","92 48","92",48,40,"",4,24,15.17,"2024","10:14","dead"
"2884","92 49","92",49,40,"y",4,0,9.93,"2024","10:09","9.93"
"2885","92 49","92",49,40,"y",4,6,9.93,"2024","16:28","11.47"
"2886","92 49","92",49,40,"y",4,24,9.93,"2024","10:15","dead"
"2887","92 50","92",50,40,"y",4,0,10.1,"2024","10:09","10.1"
"2888","92 50","92",50,40,"y",4,6,10.1,"2024","16:29","13.26"
"2889","92 50","92",50,40,"y",4,24,10.1,"2024","10:16","13.27"
"2890","93 51","93",51,40,"y",4,0,14.7,"2024","10:10","14.7"
"2891","93 51","93",51,40,"y",4,6,14.7,"2024","16:30","18.09"
"2892","93 51","93",51,40,"n",4,24,14.7,"2024","10:16","dead"
"2893","93 52","93",52,40,"y",4,0,11.87,"2024","10:11","11.87"
"2894","93 52","93",52,40,"",4,6,11.87,"2024","16:31","14.71"
"2895","93 52","93",52,40,"y",4,24,11.87,"2024","10:16","dead"
"2896","92 53","92",53,41,"y",4,0,15.99,"2024","10:12","15.99"
"2897","92 53","92",53,41,"n",4,6,15.99,"2024","16:32","15.9"
"2898","92 53","92",53,41,"n",4,24,15.99,"2024","10:17","dead"
"2899","94? 54","94?",54,41,"y",4,0,11.6,"2024","10:14","11.6"
"2900","94? 54","94?",54,41,"n",4,6,11.6,"2024","","dead"
"2901","94? 54","94?",54,41,"",4,24,11.6,"2024","",""
"2902","92 55","92",55,35,"y",4,0,8.52,"2024","10:33","8.52"
"2903","92 55","92",55,35,"y",4,6,8.52,"2024","16:35","13.87"
"2904","92 55","92",55,35,"y",4,24,8.52,"2024","10:36","35.57"
"2905","92 56","92",56,35,"y",4,0,5.26,"2024","10:34","5.26"
"2906","92 56","92",56,35,"y",4,6,5.26,"2024","16:36","11.24"
"2907","92 56","92",56,35,"y",4,24,5.26,"2024","10:36","32.14"
"2908","92 57","92",57,35,"y",4,0,6.65,"2024","10:35","6.65"
"2909","92 57","92",57,35,"y",4,6,6.65,"2024","16:37","10.46"
"2910","92 57","92",57,35,"y",4,24,6.65,"2024","10:37","30.42"
"2911","93 58","93",58,40,"y",4,0,10.01,"2024","10:36","10.01"
"2912","93 58","93",58,40,"y",4,6,10.01,"2024","16:38","11:05"
"2913","93 58","93",58,40,"y",4,24,10.01,"2024","10:38","dead"
"2914","93 59","93",59,40,"y",4,0,8.38,"2024","10:37","8.38"
"2915","93 59","93",59,40,"y",4,6,8.38,"2024","16:40","11.36"
"2916","93 59","93",59,40,"y",4,24,8.38,"2024","10:38","11.54"
"2917","95 60","95",60,40,"y",4,0,8.13,"2024","10:37","8.13"
"2918","95 60","95",60,40,"y",4,6,8.13,"2024","16:40","11"
"2919","95 60","95",60,40,"y",4,24,8.13,"2024","10:39","14.3"
"2920","95 61","95",61,40,"y",4,0,8.63,"2024","10:38","8.63"
"2921","95 61","95",61,40,"y",4,6,8.63,"2024","16:41","9.62"
"2922","95 61","95",61,40,"n",4,24,8.63,"2024","10:39","dead"
"2923","87 62","87",62,41,"y",4,0,11.89,"2024","10:39","11.89"
"2924","87 62","87",62,41,"n",4,6,11.89,"2024","16:45","11.75"
"2925","87 62","87",62,41,"n",4,24,11.89,"2024","10:44","dead"
"2926","90 63","90",63,41,"y",4,0,7.7,"2024","10:40","7.7"
"2927","90 63","90",63,41,"n",4,6,7.7,"2024","16:46","7.67"
"2928","90 63","90",63,41,"n",4,24,7.7,"2024","10:44","dead"
"2929","94? 64","94?",64,41,"y",4,0,12.17,"2024","10:41","12.17"
"2930","94? 64","94?",64,41,"n",4,6,12.17,"2024","16:47","12.09"
"2931","94? 64","94?",64,41,"n",4,24,12.17,"2024","10:44","dead"
"2932","94? 65","94?",65,41,"y",4,0,8.56,"2024","10:41","8.56"
"2933","94? 65","94?",65,41,"n",4,6,8.56,"2024","16:48","8.47"
"2934","94? 65","94?",65,41,"n",4,24,8.56,"2024","10:44","dead"
"2935","94 66","94",66,41,"y",4,0,9.66,"2024","10:42","9.66"
"2936","94 66","94",66,41,"n",4,6,9.66,"2024","16:49","9.63"
"2937","94 66","94",66,41,"n",4,24,9.66,"2024","10:44","dead"
"2938","94 or 97 67","94 or 97",67,41,"y",4,0,8.66,"2024","10:43","8.66"
"2939","94 or 97 67","94 or 97",67,41,"y",4,6,8.66,"2024","16:50","9.23"
"2940","94 or 97 67","94 or 97",67,41,"n",4,24,8.66,"2024","10:45","dead"
"2941","94 or 97 68","94 or 97",68,41,"y",4,0,9.43,"2024","10:43","9.43"
"2942","94 or 97 68","94 or 97",68,41,"n",4,6,9.43,"2024","16:50","9.26"
"2943","94 or 97 68","94 or 97",68,41,"n",4,24,9.43,"2024","10:45","dead"
"2944","94 or 97 69","94 or 97",69,41,"y",4,0,10.03,"2024","10:44","10.03"
"2945","94 or 97 69","94 or 97",69,41,"n",4,6,10.03,"2024","16:51","9.83"
"2946","94 or 97 69","94 or 97",69,41,"n",4,24,10.03,"2024","10:45","dead"
"2947","90 70","90",70,35,"y",4,0,5.92,"2024","10:52","5.92"
"2948","90 70","90",70,35,"y",4,6,5.92,"2024","16:54","10.51"
"2949","90 70","90",70,35,"y",4,24,5.92,"2024","10:54","31.35"
"2950","88 71","88",71,35,"y",4,0,9.13,"2024","10:53","9.13"
"2951","88 71","88",71,35,"y",4,6,9.13,"2024","16:55","14.44"
"2952","88 71","88",71,35,"y",4,24,9.13,"2024","10:55","31.95"
"2953","93 72","93",72,40,"y",4,0,10,"2024","10:55","10"
"2954","93 72","93",72,40,"y",4,6,10,"2024","16:57","12.19"
"2955","93 72","93",72,40,"y",4,24,10,"2024","10:56","13.19"
"2956","93 73","93",73,40,"y",4,0,7.93,"2024","10:55","7.93"
"2957","93 73","93",73,40,"y",4,6,7.93,"2024","16:58","10.98"
"2958","93 73","93",73,40,"y",4,24,7.93,"2024","10:57","18.07"
"2959","94 74","94",74,41,"y",4,0,8.43,"2024","11:09","8.43"
"2960","94 74","94",74,41,"n",4,6,8.43,"2024","17:12","8.37"
"2961","94 74","94",74,41,"n",4,24,8.43,"2024","11:12","dead"
"2962","89 75","89",75,41,"y",4,0,9.87,"2024","11:10","9.87"
"2963","89 75","89",75,41,"n",4,6,9.87,"2024","17:14","9.87"
"2964","89 75","89",75,41,"n",4,24,9.87,"2024","11:12","dead"
"2965","93 76","93",76,41,"y",4,0,9.94,"2024","11:10","9.94"
"2966","93 76","93",76,41,"n",4,6,9.94,"2024","17:15","9.88"
"2967","93 76","93",76,41,"n",4,24,9.94,"2024","11:12","dead"
"2968","95 77","95",77,41,"y",4,0,9.95,"2024","11:11","9.95"
"2969","95 77","95",77,41,"n",4,6,9.95,"2024","17:15","9.42"
"2970","95 77","95",77,41,"n",4,24,9.95,"2024","11:12","dead"
"2971","93 78","93",78,41,"y",4,0,9.73,"2024","11:12","9.73"
"2972","93 78","93",78,41,"n",4,6,9.73,"2024","17:16","9.72"
"2973","93 78","93",78,41,"n",4,24,9.73,"2024","11:12","dead"
"2974","87 80","87",80,35,"y",4,0,7.16,"2024","13:15","7.16"
"2975","87 80","87",80,35,"y",4,6,7.16,"2024","19:29","13.92"
"2976","87 80","87",80,35,"y",4,24,7.16,"2024","13:28","37.37"
"2977","87 81","87",81,35,"y",4,0,11.32,"2024","13:16","11.32"
"2978","87 81","87",81,35,"y",4,6,11.32,"2024","19:29","21.29"
"2979","87 81","87",81,35,"y",4,24,11.32,"2024","13:29","42.6"
"2980","87 82","87",82,35,"y",4,0,6.21,"2024","13:17","6.21"
"2981","87 82","87",82,35,"y",4,6,6.21,"2024","19:30","14.06"
"2982","87 82","87",82,35,"y",4,24,6.21,"2024","12:30","33.69"
"2983","90 83","90",83,35,"y",4,0,9.89,"2024","13:18","9.89"
"2984","90 83","90",83,35,"y",4,6,9.89,"2024","19:31","17.03"
"2985","90 83","90",83,35,"y",4,24,9.89,"2024","13:30","37.19"
"2986","97 84","97",84,35,"y",4,0,13.54,"2024","13:19","13.54"
"2987","97 84","97",84,35,"y",4,6,13.54,"2024","19:32","21.71"
"2988","97 84","97",84,35,"y",4,24,13.54,"2024","13:31","50.62"
"2989","97 85","97",85,35,"y",4,0,12.05,"2024","13:20","12.05"
"2990","97 85","97",85,35,"y",4,6,12.05,"2024","19:33","20.68"
"2991","97 85","97",85,35,"y",4,24,12.05,"2024","13:32","47.88"
"2992","97 86","97",86,35,"y",4,0,9.08,"2024","13:21","9.08"
"2993","97 86","97",86,35,"y",4,6,9.08,"2024","19:33","15.16"
"2994","97 86","97",86,35,"y",4,24,9.08,"2024","13:33","34.6"
"2995","97 87","97",87,35,"y",4,0,8.55,"2024","13:23","8.55"
"2996","97 87","97",87,35,"y",4,6,8.55,"2024","19:34","15.55"
"2997","97 87","97",87,35,"y",4,24,8.55,"2024","13:33","33.78"
"2998","97 88","97",88,35,"y",4,0,13.81,"2024","13:24","13.81"
"2999","97 88","97",88,35,"y",4,6,13.81,"2024","19:35","20.38"
"3000","97 88","97",88,35,"y",4,24,13.81,"2024","13:34","46.63"
"3001","97 89","97",89,35,"y",4,0,14.11,"2024","13:25","14.11"
"3002","97 89","97",89,35,"y",4,6,14.11,"2024","19:36","23.77"
"3003","97 89","97",89,35,"y",4,24,14.11,"2024","13:35","53.45"
"3004","90 90","90",90,35,"y",4,0,13.01,"2024","13:26","13.01"
"3005","90 90","90",90,35,"y",4,6,13.01,"2024","19:36","19.27"
"3006","90 90","90",90,35,"y",4,24,13.01,"2024","13:35","44.72"
"3007","90 91","90",91,35,"y",4,0,11.77,"2024","13:27","11.77"
"3008","90 91","90",91,35,"y",4,6,11.77,"2024","19:37","18.53"
"3009","90 91","90",91,35,"y",4,24,11.77,"2024","13:36","48.93"
"3010","91 92","91",92,40,"y",4,0,8.88,"2024","13:29","8.88"
"3011","91 92","91",92,40,"y",4,6,8.88,"2024","19:40","15.2"
"3012","91 92","91",92,40,"y",4,24,8.88,"2024","13:41","19.7"
"3013","91 93","91",93,40,"y",4,0,9.07,"2024","13:30","9.07"
"3014","91 93","91",93,40,"y",4,6,9.07,"2024","19:41","12.4"
"3015","91 93","91",93,40,"y",4,24,9.07,"2024","13:41","11.53"
"3016","91 94","91",94,40,"y",4,0,6.28,"2024","13:30","6.28"
"3017","91 94","91",94,40,"y",4,6,6.28,"2024","19:42","9.36"
"3018","91 94","91",94,40,"y",4,24,6.28,"2024","13:42","dead"
"3019","91 95","91",95,40,"y",4,0,5.21,"2024","13:31","5.21"
"3020","91 95","91",95,40,"y",4,6,5.21,"2024","19:43","8.73"
"3021","91 95","91",95,40,"y",4,24,5.21,"2024","13:42","11.35"
"3022","91 96","91",96,40,"y",4,0,9.87,"2024","13:32","9.87"
"3023","91 96","91",96,40,"y",4,6,9.87,"2024","19:44","12.71"
"3024","91 96","91",96,40,"y",4,24,9.87,"2024","13:43","15.39"
"3025","94 97","94",97,40,"y",4,0,11.17,"2024","13:33","11.17"
"3026","94 97","94",97,40,"y",4,6,11.17,"2024","19:45","13.6"
"3027","94 97","94",97,40,"y",4,24,11.17,"2024","13:43","dead"
"3028","94 98","94",98,40,"y",4,0,12.5,"2024","13:34","12.5"
"3029","94 98","94",98,40,"y",4,6,12.5,"2024","19:45","14.73"
"3030","94 98","94",98,40,"y",4,24,12.5,"2024","13:44","19.33"
"3031","94 99","94",99,40,"y",4,0,12.04,"2024","13:35","12.04"
"3032","94 99","94",99,40,"y",4,6,12.04,"2024","19:46","13.79"
"3033","94 99","94",99,40,"y",4,24,12.04,"2024","13:45","12.9"
"3034","94 100","94",100,40,"y",4,0,10.34,"2024","13:36","10.34"
"3035","94 100","94",100,40,"y",4,6,10.34,"2024","19:47","10.55"
"3036","94 100","94",100,40,"y",4,24,10.34,"2024","13:45","dead"
"3037","87 101","87",101,40,"y",4,0,9.66,"2024","13:37","9.66"
"3038","87 101","87",101,40,"y",4,6,9.66,"2024","19:48","13.77"
"3039","87 101","87",101,40,"y",4,24,9.66,"2024","13:45","13.85"
"3040","87 102","87",102,40,"y",4,0,12.94,"2024","13:38","12.94"
"3041","87 102","87",102,40,"y",4,6,12.94,"2024","19:49","15.28"
"3042","87 102","87",102,40,"y",4,24,12.94,"2024","13:46","16.95"
"3043","87 103","87",103,40,"y",4,0,13.83,"2024","13:39","13.83"
"3044","87 103","87",103,40,"y",4,6,13.83,"2024","19:50","14.43"
"3045","87 103","87",103,40,"y",4,24,13.83,"2024","13:47","14.39"
"3046","89 104","89",104,41,"y",4,0,8.88,"2024","13:41","8.88"
"3047","89 104","89",104,41,"y",4,6,8.88,"2024","19:53","10.26"
"3048","89 104","89",104,41,"y",4,24,8.88,"2024","13:53","dead"
"3049","89 105","89",105,41,"y",4,0,14.54,"2024","13:42","14.54"
"3050","89 105","89",105,41,"y",4,6,14.54,"2024","19:54","14.49"
"3051","89 105","89",105,41,"y",4,24,14.54,"2024","13:53","dead"
"3052","89 106","89",106,41,"y",4,0,10.99,"2024","13:43","10.99"
"3053","89 106","89",106,41,"n",4,6,10.99,"2024","19:56","10.69"
"3054","89 106","89",106,41,"y",4,24,10.99,"2024","","dead"
"3055","89 107","89",107,41,"y",4,0,6.26,"2024","13:44","6.26"
"3056","89 107","89",107,41,"y",4,6,6.26,"2024","19:56","9.44"
"3057","89 107","89",107,41,"y",4,24,6.26,"2024","","dead"
"3058","95 108","95",108,41,"y",4,0,7.17,"2024","13:44","7.17"
"3059","95 108","95",108,41,"y",4,6,7.17,"2024","19:58","8.32"
"3060","95 108","95",108,41,"y",4,24,7.17,"2024","","dead"
"3061","95 109","95",109,41,"y",4,0,6.26,"2024","13:46","6.26"
"3062","95 109","95",109,41,"n",4,6,6.26,"2024","19:59","6.83"
"3063","95 109","95",109,41,"y",4,24,6.26,"2024","","dead"
"3064","95 110","95",110,41,"y",4,0,9.05,"2024","13:47","9.05"
"3065","95 110","95",110,41,"y",4,6,9.05,"2024","19:59","10.72"
"3066","95 110","95",110,41,"y",4,24,9.05,"2024","13:56","9.1"
"3067","95 111","95",111,41,"y",4,0,16.25,"2024","13:48","16.25"
"3068","95 111","95",111,41,"y",4,6,16.25,"2024","20:00","19.3"
"3069","95 111","95",111,41,"y",4,24,16.25,"2024","13:56","dead"
"3070","95 112","95",112,41,"y",4,0,12.2,"2024","13:49","12.2"
"3071","95 112","95",112,41,"y",4,6,12.2,"2024","20:01","12.73"
"3072","95 112","95",112,41,"n",4,24,12.2,"2024","13:56","dead"
"3073","95 113","95",113,41,"y",4,0,6.56,"2024","13:50","6.56"
"3074","95 113","95",113,41,"y",4,6,6.56,"2024","20:01","10.01"
"3075","95 113","95",113,41,"y",4,24,6.56,"2024","13:57","8.44"
"3076","95 114","95",114,41,"y",4,0,6.27,"2024","13:52","6.27"
"3077","95 114","95",114,41,"y",4,6,6.27,"2024","20:02","10.22"
"3078","95 114","95",114,41,"y",4,24,6.27,"2024","13:57","dead"
"3079","95 115","95",115,41,"y",4,0,8.88,"2024","13:53","8.88"
"3080","95 115","95",115,41,"y",4,6,8.88,"2024","20:03","13.13"
"3081","95 115","95",115,41,"y",4,24,8.88,"2024","13:57","dead"
"3082","87 116","87",116,35,"y",4,0,15.09,"2024","13:54","15.09"
"3083","87 116","87",116,35,"y",4,6,15.09,"2024","20:05","23.19"
"3084","87 116","87",116,35,"y",4,24,15.09,"2024","14:06","47.21"
"3085","87 117","87",117,35,"y",4,0,9.83,"2024","13:56","9.83"
"3086","87 117","87",117,35,"y",4,6,9.83,"2024","20:06","15.12"
"3087","87 117","87",117,35,"y",4,24,9.83,"2024","14:06","36.85"
"3088","87 118","87",118,35,"y",4,0,9.2,"2024","13:57","9.2"
"3089","87 118","87",118,35,"y",4,6,9.2,"2024","20:07","14.43"
"3090","87 118","87",118,35,"y",4,24,9.2,"2024","14:07","35.96"
"3091","89 119","89",119,35,"y",4,0,7.36,"2024","13:58","7.36"
"3092","89 119","89",119,35,"y",4,6,7.36,"2024","20:08","12.95"
"3093","89 119","89",119,35,"y",4,24,7.36,"2024","14:08","43.03"
"3094","89 120","89",120,35,"y",4,0,11.26,"2024","13:59","11.26"
"3095","89 120","89",120,35,"y",4,6,11.26,"2024","20:08","22.28"
"3096","89 120","89",120,35,"y",4,24,11.26,"2024","14:08","49.6"
"3097","95 121","95",121,35,"y",4,0,5.86,"2024","13:59","5.86"
"3098","95 121","95",121,35,"y",4,6,5.86,"2024","20:09","10.86"
"3099","95 121","95",121,35,"y",4,24,5.86,"2024","14:09","26.36"
"3100","92 122","92",122,35,"y",4,0,6.63,"2024","14:00","6.63"
"3101","92 122","92",122,35,"y",4,6,6.63,"2024","20:10","13.43"
"3102","92 122","92",122,35,"y",4,24,6.63,"2024","14:10","34.26"
"3103","89 123","89",123,35,"y",4,0,9.76,"2024","14:01","9.76"
"3104","89 123","89",123,35,"y",4,6,9.76,"2024","20:11","17.57"
"3105","89 123","89",123,35,"y",4,24,9.76,"2024","14:10","44.07"
"3106","95 124","95",124,35,"y",4,0,12.09,"2024","14:02","12.09"
"3107","95 124","95",124,35,"y",4,6,12.09,"2024","20:12","20.82"
"3108","95 124","95",124,35,"y",4,24,12.09,"2024","14:11","42.9"
"3109","95 125","95",125,35,"y",4,0,7.99,"2024","14:03","7.99"
"3110","95 125","95",125,35,"y",4,6,7.99,"2024","20:13","15.7"
"3111","95 125","95",125,35,"y",4,24,7.99,"2024","14:11","39.28"
"3112","95 126","95",126,35,"y",4,0,9.97,"2024","14:04","9.97"
"3113","95 126","95",126,35,"y",4,6,9.97,"2024","20:13","21.7"
"3114","95 126","95",126,35,"y",4,24,9.97,"2024","14:12","41.7"
"3115","88 127","88",127,35,"y",4,0,7.86,"2024","14:05","7.86"
"3116","88 127","88",127,35,"y",4,6,7.86,"2024","20:14","12.18"
"3117","88 127","88",127,35,"y",4,24,7.86,"2024","14:13","29.99"
"3118","89 128","89",128,40,"y",4,0,11.62,"2024","14:07","11.62"
"3119","89 128","89",128,40,"y",4,6,11.62,"2024","20:19","15"
"3120","89 128","89",128,40,"y",4,24,11.62,"2024","14:18","dead"
"3121","89 129","89",129,40,"y",4,0,10.02,"2024","14:08","10.02"
"3122","89 129","89",129,40,"y",4,6,10.02,"2024","20:19","10.43"
"3123","89 129","89",129,40,"n",4,24,10.02,"2024","14:19","dead"
"3124","89 130","89",130,40,"y",4,0,10.63,"2024","14:09","10.63"
"3125","89 130","89",130,40,"y",4,6,10.63,"2024","20:20","13.27"
"3126","89 130","89",130,40,"y",4,24,10.63,"2024","14:19","dead"
"3127","89 131","89",131,40,"y",4,0,9.92,"2024","14:10","9.92"
"3128","89 131","89",131,40,"y",4,6,9.92,"2024","20:21","12.8"
"3129","89 131","89",131,40,"y",4,24,9.92,"2024","14:19","dead"
"3130","89 132","89",132,40,"y",4,0,11.31,"2024","14:11","11.31"
"3131","89 132","89",132,40,"y",4,6,11.31,"2024","20:22","14.83"
"3132","89 132","89",132,40,"y",4,24,11.31,"2024","14:19","dead"
"3133","89 133","89",133,40,"y",4,0,12.65,"2024","14:12","12.65"
"3134","89 133","89",133,40,"y",4,6,12.65,"2024","20:22","14.07"
"3135","89 133","89",133,40,"y",4,24,12.65,"2024","14:20","18.39"
"3136","95 134","95",134,40,"y",4,0,10.47,"2024","14:13","10.47"
"3137","95 134","95",134,40,"y",4,6,10.47,"2024","20:23","11.24"
"3138","95 134","95",134,40,"y",4,24,10.47,"2024","14:21","10.43"
"3139","95 135","95",135,40,"y",4,0,8.3,"2024","14:14","8.3"
"3140","95 135","95",135,40,"y",4,6,8.3,"2024","20:24","10.68"
"3141","95 135","95",135,40,"y",4,24,8.3,"2024","14:21","9.41"
"3142","92 136","92",136,40,"y",4,0,6.18,"2024","14:15","6.18"
"3143","92 136","92",136,40,"y",4,6,6.18,"2024","20:25","8.39"
"3144","92 136","92",136,40,"y",4,24,6.18,"2024","14:22","8.6"
"3145","92 137","92",137,40,"y",4,0,11.14,"2024","14:16","11.14"
"3146","92 137","92",137,40,"y",4,6,11.14,"2024","20:26","10.83"
"3147","92 137","92",137,40,"y",4,24,11.14,"2024","14:23","10.33"
"3148","92 138","92",138,40,"y",4,0,8.6,"2024","14:17","8.6"
"3149","92 138","92",138,40,"y",4,6,8.6,"2024","20:27","9.55"
"3150","92 138","92",138,40,"y",4,24,8.6,"2024","14:24","11.47"
"3151","91 139","91",139,40,"y",4,0,9.57,"2024","14:17","9.57"
"3152","91 139","91",139,40,"y",4,6,9.57,"2024","20:27","11.5"
"3153","91 139","91",139,40,"y",4,24,9.57,"2024","14:24","10.61"
"3154","92 140","92",140,41,"y",4,0,10.78,"2024","14:19","10.78"
"3155","92 140","92",140,41,"n",4,6,10.78,"2024","20:31","10.58"
"3156","92 140","92",140,41,"y",4,24,10.78,"2024","14:30","dead"
"3157","92 141","92",141,41,"y",4,0,10.88,"2024","14:20","10.88"
"3158","92 141","92",141,41,"y",4,6,10.88,"2024","20:32","10.98"
"3159","92 141","92",141,41,"y",4,24,10.88,"2024","14:30","dead"
"3160","92 142","92",142,41,"y",4,0,9.82,"2024","14:21","9.82"
"3161","92 142","92",142,41,"y",4,6,9.82,"2024","20:33","9.91"
"3162","92 142","92",142,41,"y",4,24,9.82,"2024","14:30","dead"
"3163","92 143","92",143,41,"y",4,0,6.84,"2024","14:22","6.84"
"3164","92 143","92",143,41,"y",4,6,6.84,"2024","20:34","7.49"
"3165","92 143","92",143,41,"n",4,24,6.84,"2024","14:31","dead"
"3166","91 144","91",144,41,"y",4,0,5.45,"2024","14:23","5.45"
"3167","91 144","91",144,41,"n",4,6,5.45,"2024","20:35","5.41"
"3168","91 144","91",144,41,"y",4,24,5.45,"2024","14:31","dead"
"3169","91 145","91",145,41,"y",4,0,11.55,"2024","14:24","11.55"
"3170","91 145","91",145,41,"y",4,6,11.55,"2024","20:35","12.85"
"3171","91 145","91",145,41,"y",4,24,11.55,"2024","14:31","dead"
"3172","91 146","91",146,41,"y",4,0,9.48,"2024","14:25","9.48"
"3173","91 146","91",146,41,"y",4,6,9.48,"2024","20:36","10.25"
"3174","91 146","91",146,41,"y",4,24,9.48,"2024","14:32","dead"
"3175","91 147","91",147,41,"y",4,0,6.18,"2024","14:25","6.18"
"3176","91 147","91",147,41,"n",4,6,6.18,"2024","20:37","6.9"
"3177","91 147","91",147,41,"n",4,24,6.18,"2024","14:32","dead"
"3178","91 148","91",148,41,"y",4,0,7.02,"2024","14:26","7.02"
"3179","91 148","91",148,41,"n",4,6,7.02,"2024","20:38","6.89"
"3180","91 148","91",148,41,"n",4,24,7.02,"2024","14:32","dead"
"3181","91 149","91",149,41,"y",4,0,11.27,"2024","14:27","11.27"
"3182","91 149","91",149,41,"n",4,6,NA,"2024","20:39","dead"
"3183","91 149","91",149,41,"n",4,24,NA,"2024","14:32","dead"
"3184","93 150","93",150,41,"y",4,0,9.35,"2024","14:28","9.35"
"3185","93 150","93",150,41,"y",4,6,9.35,"2024","20:39","10.55"
"3186","93 150","93",150,41,"y",4,24,9.35,"2024","14:32","dead"
"3187","93 151","93",151,41,"y",4,0,15.87,"2024","14:29","15.87"
"3188","93 151","93",151,41,"y",4,6,15.87,"2024","20:40","dead"
"3189","93 151","93",151,41,"n",4,24,15.87,"2024","14:32","dead"
"3190","89 152","89",152,35,"y",4,0,8.93,"2024","14:31","8.93"
"3191","89 152","89",152,35,"y",4,6,8.93,"2024","20:44","16.96"
"3192","89 152","89",152,35,"y",4,24,8.93,"2024","14:43","39.49"
"3193","96 153","96",153,35,"y",4,0,7.31,"2024","14:33","7.31"
"3194","96 153","96",153,35,"y",4,6,7.31,"2024","20:44","12.54"
"3195","96 153","96",153,35,"y",4,24,7.31,"2024","14:44","32.36"
"3196","89 154","89",154,35,"y",4,0,12.35,"2024","14:34","12.35"
"3197","89 154","89",154,35,"y",4,6,12.35,"2024","20:45","19.89"
"3198","89 154","89",154,35,"y",4,24,12.35,"2024","14:44","52.98"
"3199","89 155","89",155,35,"y",4,0,11.89,"2024","14:35","11.89"
"3200","89 155","89",155,35,"y",4,6,11.89,"2024","20:46","21.26"
"3201","89 155","89",155,35,"y",4,24,11.89,"2024","14:45","49.87"
"3202","89 156","89",156,35,"y",4,0,5.42,"2024","14:36","5.42"
"3203","89 156","89",156,35,"y",4,6,5.42,"2024","20:47","11.13"
"3204","89 156","89",156,35,"y",4,24,5.42,"2024","14:46","30.11"
"3205","95 157","95",157,35,"y",4,0,9.01,"2024","14:37","9.01"
"3206","95 157","95",157,35,"y",4,6,9.01,"2024","20:48","17.67"
"3207","95 157","95",157,35,"y",4,24,9.01,"2024","14:46","44.98"
"3208","95 158","95",158,35,"y",4,0,9.17,"2024","14:38","9.17"
"3209","95 158","95",158,35,"y",4,6,9.17,"2024","20:49","15.46"
"3210","95 158","95",158,35,"y",4,24,9.17,"2024","14:47","37.59"
"3211","95 159","95",159,35,"y",4,0,7.39,"2024","14:39","7.39"
"3212","95 159","95",159,35,"y",4,6,7.39,"2024","20:50","15.04"
"3213","95 159","95",159,35,"y",4,24,7.39,"2024","14:47","35.53"
"3214","95 160","95",160,35,"y",4,0,8.14,"2024","14:40","8.14"
"3215","95 160","95",160,35,"y",4,6,8.14,"2024","20:50","15.35"
"3216","95 160","95",160,35,"y",4,24,8.14,"2024","14:48","36.92"
"3217","95 161","95",161,35,"y",4,0,11.75,"2024","14:41","11.75"
"3218","95 161","95",161,35,"y",4,6,11.75,"2024","20:52","19.51"
"3219","95 161","95",161,35,"y",4,24,11.75,"2024","14:49","45.08"
"3220","95 162","95",162,35,"y",4,0,8.05,"2024","14:42","8.05"
"3221","95 162","95",162,35,"y",4,6,8.05,"2024","20:52","17.95"
"3222","95 162","95",162,35,"y",4,24,8.05,"2024","14:50","49.62"
"3223","95 163","95",163,35,"y",4,0,10.23,"2024","14:43","10.23"
"3224","95 163","95",163,35,"y",4,6,10.23,"2024","20:53","19.39"
"3225","95 163","95",163,35,"y",4,24,10.23,"2024","14:50","48.53"
"3226","87 164","87",164,40,"y",4,0,19.33,"2024","14:44","19.33"
"3227","87 164","87",164,40,"y",4,6,19.33,"2024","20:57","19.58"
"3228","87 164","87",164,40,"n",4,24,19.33,"2024","14:56","dead"
"3229","96 165","96",165,40,"y",4,0,9.82,"2024","14:46","9.82"
"3230","96 165","96",165,40,"y",4,6,9.82,"2024","20:57","12.89"
"3231","96 165","96",165,40,"y",4,24,9.82,"2024","14:57","dead"
"3232","87 166","87",166,40,"y",5,0,33.39,"2024","14:47","33.39"
"3233","87 166","87",166,40,"y",5,6,33.39,"2024","20:58","36"
"3234","87 166","87",166,40,"y",5,24,33.39,"2024","14:58","44.57"
"3235","97 167","97",167,40,"y",4,0,9.53,"2024","14:48","9.53"
"3236","97 167","97",167,40,"y",4,6,9.53,"2024","20:59","12.64"
"3237","97 167","97",167,40,"y",4,24,9.53,"2024","14:58","12.17"
"3238","97 168","97",168,40,"y",4,0,10.05,"2024","14:49","10.05"
"3239","97 168","97",168,40,"y",4,6,10.05,"2024","21:00","12.55"
"3240","97 168","97",168,40,"y",4,24,10.05,"2024","14:59","dead"
"3241","97 169","97",169,40,"y",4,0,14.22,"2024","14:49","14.22"
"3242","97 169","97",169,40,"y",4,6,14.22,"2024","21:00","19.42"
"3243","97 169","97",169,40,"y",4,24,14.22,"2024","14:59","dead"
"3244","97 170","97",170,40,"y",4,0,11.61,"2024","14:50","11.61"
"3245","97 170","97",170,40,"y",4,6,11.61,"2024","21:01","15.35"
"3246","97 170","97",170,40,"y",4,24,11.61,"2024","14:59","15.69"
"3247","97 171","97",171,40,"y",4,0,7.06,"2024","14:51","7.06"
"3248","97 171","97",171,40,"y",4,6,7.06,"2024","21:02","9.2"
"3249","97 171","97",171,40,"y",4,24,7.06,"2024","15:00","dead"
"3250","90 172","90",172,40,"y",4,0,11.89,"2024","14:52","11.89"
"3251","90 172","90",172,40,"n",4,6,11.89,"2024","21:03","11.39"
"3252","90 172","90",172,40,"n",4,24,11.89,"2024","15:00","dead"
"3253","90 173","90",173,40,"y",4,0,9.9,"2024","14:53","9.9"
"3254","90 173","90",173,40,"n",4,6,9.9,"2024","21:04","9.85"
"3255","90 173","90",173,40,"n",4,24,9.9,"2024","15:01","dead"
"3256","90 174","90",174,40,"y",4,0,9.2,"2024","14:54","9.2"
"3257","90 174","90",174,40,"y",4,6,9.2,"2024","21:05","9.58"
"3258","90 174","90",174,40,"y",4,24,9.2,"2024","15:01","8.85"
"3259","97 175","97",175,40,"y",4,0,6.03,"2024","14:55","6.03"
"3260","97 175","97",175,40,"y",4,6,6.03,"2024","21:06","9.35"
"3261","97 175","97",175,40,"n",4,24,6.03,"2024","15:02","dead"
"3262","93 176","93",176,41,"y",4,0,10.9,"2024","14:57","10.9"
"3263","93 176","93",176,41,"y",4,6,10.9,"2024","21:07","17.74"
"3264","93 176","93",176,41,"y",4,24,10.9,"2024","15:06","dead"
"3265","93 177","93",177,41,"y",4,0,8.47,"2024","14:58","8.47"
"3266","93 177","93",177,41,"y",4,6,8.47,"2024","21:08","10.19"
"3267","93 177","93",177,41,"n",4,24,8.47,"2024","15:07","dead"
"3268","94 or 97 178","94 or 97",178,41,"y",4,0,13.76,"2024","14:59","13.76"
"3269","94 or 97 178","94 or 97",178,41,"n",4,6,13.76,"2024","21:08","13.61"
"3270","94 or 97 178","94 or 97",178,41,"n",4,24,13.76,"2024","15:07","dead"
"3271","94 or 97 179","94 or 97",179,41,"y",4,0,10.53,"2024","15:00","10.53"
"3272","94 or 97 179","94 or 97",179,41,"n",4,6,10.53,"2024","21:09","dead"
"3273","94 or 97 179","94 or 97",179,41,"n",4,24,10.53,"2024","15:07","dead"
"3274","94 or 97 180","94 or 97",180,41,"y",4,0,10.98,"2024","15:01","10.98"
"3275","94 or 97 180","94 or 97",180,41,"n",4,6,10.98,"2024","21:10","10.58"
"3276","94 or 97 180","94 or 97",180,41,"y",4,24,10.98,"2024","15:07","dead"
"3277","94 or 97 181","94 or 97",181,41,"y",4,0,10.12,"2024","15:02","10.12"
"3278","94 or 97 181","94 or 97",181,41,"y",4,6,10.12,"2024","21:11","9.81"
"3279","94 or 97 181","94 or 97",181,41,"y",4,24,10.12,"2024","15:08","dead"
"3280","94 182","94",182,41,"y",4,0,10.94,"2024","15:03","10.94"
"3281","94 182","94",182,41,"y",4,6,10.94,"2024","21:12","11.11"
"3282","94 182","94",182,41,"n",4,24,10.94,"2024","15:08","dead"
"3283","94 183","94",183,41,"y",4,0,9.58,"2024","15:04","9.58"
"3284","94 183","94",183,41,"y",4,6,9.58,"2024","","9.8"
"3285","94 183","94",183,41,"n",4,24,9.58,"2024","15:08","dead"
"3286","94 184","94",184,41,"y",4,0,8.91,"2024","15:04","8.91"
"3287","94 184","94",184,41,"y",4,6,8.91,"2024","21:13","8.62"
"3288","94 184","94",184,41,"n",4,24,8.91,"2024","15:08","dead"
"3289","94 185","94",185,41,"y",4,0,7.95,"2024","15:05","7.95"
"3290","94 185","94",185,41,"n",4,6,7.95,"2024","21:14","7.72"
"3291","94 185","94",185,41,"n",4,24,7.95,"2024","15:09","dead"
"3292","90 186","90",186,35,"y",4,0,16.4,"2024","15:07","16.4"
"3293","90 186","90",186,35,"y",4,6,16.4,"2024","21:16","26.43"
"3294","90 186","90",186,35,"y",4,24,16.4,"2024","15:13","53.93"
"3295","92 187","92",187,35,"y",5,0,33.11,"2024","15:08","33.11"
"3296","92 187","92",187,35,"y",5,6,33.11,"2024","21:16","54.25"
"3297","92 187","92",187,35,"y",5,24,33.11,"2024","15:14","140.41"
"3298","87 188","87",188,35,"y",5,0,34.23,"2024","15:09","34.23"
"3299","87 188","87",188,35,"y",5,6,34.23,"2024","21:17","57.72"
"3300","87 188","87",188,35,"y",5,24,34.23,"2024","15:15","119.36"
"3301","87 189","87",189,35,"y",5,0,38.73,"2024","15:10","38.73"
"3302","87 189","87",189,35,"y",5,6,38.73,"2024","21:18","59.75"
"3303","87 189","87",189,35,"y",5,24,38.73,"2024","15:16","136.89"
"3304","87 190","87",190,35,"y",5,0,34.73,"2024","15:11","34.73"
"3305","87 190","87",190,35,"y",5,6,34.73,"2024","21:18","51.1"
"3306","87 190","87",190,35,"y",5,24,34.73,"2024","15:16","120.88"
"3307","87 191","87",191,35,"y",5,0,33.83,"2024","15:12","33.83"
"3308","87 191","87",191,35,"y",5,6,33.83,"2024","21:19","51.87"
"3309","87 191","87",191,35,"y",5,24,33.83,"2024","15:17","137.41"
"3310","85 192","85",192,35,"y",4,0,9.11,"2024","10:49","9.11"
"3311","85 192","85",192,35,"y",4,6,9.11,"2024","17:04","18.64"
"3312","85 192","85",192,35,"y",4,24,9.11,"2024","11:04","40.66"
"3313","85 193","85",193,35,"y",4,0,11.99,"2024","10:51","11.99"
"3314","85 193","85",193,35,"y",4,6,11.99,"2024","17:05","21.14"
"3315","85 193","85",193,35,"y",4,24,11.99,"2024","11:05","48.8"
"3316","85 194","85",194,35,"y",4,0,8.55,"2024","10:52","8.55"
"3317","85 194","85",194,35,"y",4,6,8.55,"2024","17:06","17.02"
"3318","85 194","85",194,35,"y",4,24,8.55,"2024","11:06","36.1"
"3319","85 195","85",195,35,"y",4,0,9.3,"2024","10:53","9.3"
"3320","85 195","85",195,35,"y",4,6,9.3,"2024","17:07","18.81"
"3321","85 195","85",195,35,"y",4,24,9.3,"2024","11:07","37.63"
"3322","87 196","87",196,35,"y",5,0,53.03,"2024","10:54","53.03"
"3323","87 196","87",196,35,"y",5,6,53.03,"2024","17:09","88.43"
"3324","87 196","87",196,35,"y",5,24,53.03,"2024","11:09","155.74"
"3325","88 197","88",197,35,"y",4,0,9.82,"2024","10:56","9.82"
"3326","88 197","88",197,35,"y",4,6,9.82,"2024","17:10","16.06"
"3327","88 197","88",197,35,"y",4,24,9.82,"2024","11:10","35.85"
"3328","93 198","93",198,35,"y",4,0,10.39,"2024","10:57","10.39"
"3329","93 198","93",198,35,"y",4,6,10.39,"2024","17:11","17.91"
"3330","93 198","93",198,35,"y",4,24,10.39,"2024","11:12","41.63"
"3331","96 199","96",199,35,"y",4,0,9.32,"2024","10:58","9.32"
"3332","96 199","96",199,35,"y",4,6,9.32,"2024","17:12","15.95"
"3333","96 199","96",199,35,"y",4,24,9.32,"2024","11:13","39.83"
"3334","94 200","94",200,35,"y",4,0,9.78,"2024","10:59","9.78"
"3335","94 200","94",200,35,"y",4,6,9.78,"2024","17:13","20.65"
"3336","94 200","94",200,35,"y",4,24,9.78,"2024","11:14","41.99"
"3337","94 201","94",201,35,"y",4,0,8.07,"2024","11:00","8.07"
"3338","94 201","94",201,35,"y",4,6,8.07,"2024","17:15","16.2"
"3339","94 201","94",201,35,"y",4,24,8.07,"2024","11:15","34.44"
"3340","96 202","96",202,35,"y",4,0,9.14,"2024","11:01","9.14"
"3341","96 202","96",202,35,"y",4,6,9.14,"2024","17:16","15.8"
"3342","96 202","96",202,35,"y",4,24,9.14,"2024","11:16","39.63"
"3343","92 203","92",203,35,"y",5,0,49.35,"2024","11:02","49.35"
"3344","92 203","92",203,35,"y",5,6,49.35,"2024","17:17","73.83"
"3345","92 203","92",203,35,"y",5,24,49.35,"2024","11:17","145.84"
"3346","87 204","87",204,40,"y",4,0,9.16,"2024","11:04","9.16"
"3347","87 204","87",204,40,"y",4,6,9.16,"2024","17:19","9.29"
"3348","87 204","87",204,40,"y",4,24,9.16,"2024","11:19","8.97"
"3349","87 205","87",205,40,"y",4,0,11.37,"2024","11:05","11.37"
"3350","87 205","87",205,40,"y",4,6,11.37,"2024","17:20","12.9"
"3351","87 205","87",205,40,"y",4,24,11.37,"2024","11:21","20.19"
"3352","87 206","87",206,40,"y",5,0,43.91,"2024","11:06","43.91"
"3353","87 206","87",206,40,"y",5,6,43.91,"2024","17:21","50.19"
"3354","87 206","87",206,40,"y",5,24,43.91,"2024","11:22","dead"
"3355","87 207","87",207,40,"y",5,0,40.33,"2024","11:07","40.33"
"3356","87 207","87",207,40,"y",5,6,40.33,"2024","17:23","48.54"
"3357","87 207","87",207,40,"y",5,24,40.33,"2024","11:23","75.44"
"3358","87 208","87",208,40,"y",5,0,44.13,"2024","11:08","44.13"
"3359","87 208","87",208,40,"n",5,6,44.13,"2024","17:25","43.2"
"3360","87 208","87",208,40,"y",5,24,44.13,"2024","11:24","dead"
"3361","89 209","89",209,40,"y",4,0,12.65,"2024","11:09","12.65"
"3362","89 209","89",209,40,"y",4,6,12.65,"2024","17:26","16.84"
"3363","89 209","89",209,40,"y",4,24,12.65,"2024","11:25","19.07"
"3364","92 210","92",210,40,"y",5,0,38.72,"2024","11:10","38.72"
"3365","92 210","92",210,40,"y",5,6,38.72,"2024","17:27","44.33"
"3366","92 210","92",210,40,"y",5,24,38.72,"2024","11:27","44.67"
"3367","92 211","92",211,40,"y",5,0,39.47,"2024","11:11","39.47"
"3368","92 211","92",211,40,"y",5,6,39.47,"2024","17:28","42.87"
"3369","92 211","92",211,40,"y",5,24,39.47,"2024","11:28","42.91"
"3370","92 212","92",212,40,"y",5,0,36.78,"2024","11:12","36.78"
"3371","92 212","92",212,40,"y",5,6,36.78,"2024","17:29","45.92"
"3372","92 212","92",212,40,"y",5,24,36.78,"2024","11:29","47.9"
"3373","92 213","92",213,40,"y",5,0,40.87,"2024","11:13","40.87"
"3374","92 213","92",213,40,"y",5,6,40.87,"2024","17:31","40.7"
"3375","92 213","92",213,40,"y",5,24,40.87,"2024","11:30","38.72"
"3376","92 214","92",214,40,"y",5,0,40.45,"2024","11:15","40.45"
"3377","92 214","92",214,40,"y",5,6,40.45,"2024","17:32","51.93"
"3378","92 214","92",214,40,"y",5,24,40.45,"2024","11:32","48.22"
"3379","94 215","94",215,40,"y",5,0,54.31,"2024","11:16","54.31"
"3380","94 215","94",215,40,"y",5,6,54.31,"2024","17:33","58.39"
"3381","94 215","94",215,40,"y",5,24,54.31,"2024","11:33","67.38"
"3382","87 216","87",216,41,"y",4,0,11.46,"2024","11:20","11.46"
"3383","87 216","87",216,41,"y",4,6,11.46,"2024","17:35","11.62"
"3384","87 216","87",216,41,"n",4,24,11.46,"2024","11:35","dead"
"3385","87 217","87",217,41,"y",4,0,8.52,"2024","11:21","8.52"
"3386","87 217","87",217,41,"n",4,6,8.52,"2024","17:36","8.22"
"3387","87 217","87",217,41,"n",4,24,8.52,"2024","11:35","dead"
"3388","89 218","89",218,41,"y",4,0,9.35,"2024","11:22","9.35"
"3389","89 218","89",218,41,"n",4,6,9.35,"2024","17:38","9.23"
"3390","89 218","89",218,41,"y",4,24,9.35,"2024","11:36","dead"
"3391","89 219","89",219,41,"y",4,0,8.73,"2024","11:23","8.73"
"3392","89 219","89",219,41,"y",4,6,8.73,"2024","17:39","9.26"
"3393","89 219","89",219,41,"n",4,24,8.73,"2024","11:36","dead"
"3394","90 220","90",220,41,"y",5,0,37.77,"2024","11:24","37.77"
"3395","90 220","90",220,41,"y",5,6,NA,"2024","","dead"
"3396","90 220","90",220,41,"N/A",5,24,NA,"2024","N/A","N/A"
"3397","94 221","94",221,41,"y",5,0,48.81,"2024","11:26","48.81"
"3398","94 221","94",221,41,"y",5,6,48.81,"2024","17:42","51.3"
"3399","94 221","94",221,41,"n",5,24,NA,"2024","11:37","dead"
"3400","94 222","94",222,41,"y",5,0,50.31,"2024","11:27","50.31"
"3401","94 222","94",222,41,"y",5,6,50.31,"2024","17:43","50.74"
"3402","94 222","94",222,41,"n",5,24,NA,"2024","11:38","dead"
"3403","95 223","95",223,41,"y",4,0,11.41,"2024","11:28","11.41"
"3404","95 223","95",223,41,"n",4,6,11.41,"2024","17:44","11.06"
"3405","95 223","95",223,41,"n",4,24,NA,"2024","11:38","dead"
"3406","95 224","95",224,41,"y",4,0,14.26,"2024","11:29","14.26"
"3407","95 224","95",224,41,"y",4,6,14.26,"2024","17:45","14.56"
"3408","95 224","95",224,41,"n",4,24,NA,"2024","11:39","dead"
"3409","95 225","95",225,41,"y",4,0,11.73,"2024","11:30","11.73"
"3410","95 225","95",225,41,"n",4,6,NA,"2024","17:47","dead"
"3411","95 225","95",225,41,"N/A",4,24,NA,"2024","N/A","N/A"
"3412","92 226","92",226,35,"y",5,0,63.21,"2024","11:32","63.21"
"3413","92 226","92",226,35,"y",5,6,63.21,"2024","17:48","83.89"
"3414","92 226","92",226,35,"y",5,24,63.21,"2024","11:41","161.03"
"3415","92 227","92",227,35,"y",5,0,71.57,"2024","11:33","71.57"
"3416","92 227","92",227,35,"y",5,6,71.57,"2024","17:49","90.39"
"3417","92 227","92",227,35,"y",5,24,71.57,"2024","11:42","159.64"
"3418","92 228","92",228,35,"y",5,0,35.88,"2024","11:34","35.88"
"3419","92 228","92",228,35,"y",5,6,35.88,"2024","17:51","50.39"
"3420","92 228","92",228,35,"y",5,24,35.88,"2024","11:44","126.47"
"3421","87 229","87",229,40,"y",5,0,56.62,"2024","11:35","56.62"
"3422","87 229","87",229,40,"y",5,6,56.62,"2024","17:53","68.11"
"3423","87 229","87",229,40,"y",5,24,56.62,"2024","11:46","dead"
"3424","95 230","95",230,40,"y",4,0,10.63,"2024","11:38","10.63"
"3425","95 230","95",230,40,"y",4,6,10.63,"2024","17:54","11.24"
"3426","95 230","95",230,40,"y",4,24,10.63,"2024","11:47","10.75"
"3427","96 231","96",231,40,"y",4,0,11.97,"2024","11:39","11.97"
"3428","96 231","96",231,40,"y",4,6,11.97,"2024","17:55","15.91"
"3429","96 231","96",231,40,"y",4,24,11.97,"2024","11:49","dead"
"3430","96 232","96",232,40,"y",4,0,11.86,"2024","11:39","11.86"
"3431","96 232","96",232,40,"y",4,6,11.86,"2024","17:56","17.1"
"3432","96 232","96",232,40,"y",4,24,11.86,"2024","11:50","17.11"
"3433","87 233","87",233,40,"y",5,0,44.84,"2024","12:01","44.84"
"3434","87 233","87",233,40,"y",5,6,44.84,"2024","18:04","57.67"
"3435","87 233","87",233,40,"y",5,24,44.84,"2024","12:04","51.65"
"3436","92 234","92",234,40,"y",5,0,33.06,"2024","12:02","33.06"
"3437","92 234","92",234,40,"y",5,6,33.06,"2024","18:06","37.16"
"3438","92 234","92",234,40,"y",5,24,33.06,"2024","12:05","32.26"
"3439","93 235","93",235,35,"y",4,0,15.38,"2024","10:01","15.38"
"3440","93 235","93",235,35,"y",4,6,15.38,"2024","16:11","24.49"
"3441","93 235","93",235,35,"y",4,24,15.38,"2024","10:10","51.28"
"3442","93 236","93",236,35,"y",4,0,18.57,"2024","10:02","18.57"
"3443","93 236","93",236,35,"y",4,6,18.57,"2024","16:11","28.85"
"3444","93 236","93",236,35,"y",4,24,18.57,"2024","10:10","43"
"3445","93 237","93",237,35,"y",4,0,17.76,"2024","10:03","17.76"
"3446","93 237","93",237,35,"y",4,6,17.76,"2024","16:13","27.48"
"3447","93 237","93",237,35,"y",4,24,17.76,"2024","10:11","53.12"
"3448","95 238","95",238,35,"y",5,0,30.59,"2024","10:04","30.59"
"3449","95 238","95",238,35,"y",5,6,30.59,"2024","16:13","54.33"
"3450","95 238","95",238,35,"y",5,24,30.59,"2024","10:11","127.56"
"3451","95 239","95",239,35,"y",5,0,75.24,"2024","10:04","75.24"
"3452","95 239","95",239,35,"y",5,6,75.24,"2024","16:14","114.6"
"3453","95 239","95",239,35,"y",5,24,75.24,"2024","10:12","209.89"
"3454","88 240","88",240,35,"y",5,0,61.39,"2024","10:05","61.39"
"3455","88 240","88",240,35,"y",5,6,61.39,"2024","16:15","92.24"
"3456","88 240","88",240,35,"y",5,24,61.39,"2024","10:13","144.79"
"3457","88 241","88",241,35,"y",5,0,66.63,"2024","10:05","66.63"
"3458","88 241","88",241,35,"y",5,6,66.63,"2024","16:16","122.52"
"3459","88 241","88",241,35,"y",5,24,66.63,"2024","10:13","221.2"
"3460","88 242","88",242,35,"y",5,0,45.84,"2024","10:06","45.84"
"3461","88 242","88",242,35,"y",5,6,45.84,"2024","16:17","91.3"
"3462","88 242","88",242,35,"y",5,24,45.84,"2024","10:14","147.88"
"3463","88 243","88",243,35,"y",5,0,42.3,"2024","10:06","42.3"
"3464","88 243","88",243,35,"y",5,6,42.3,"2024","16:18","70.57"
"3465","88 243","88",243,35,"y",5,24,42.3,"2024","10:15","162.55"
"3466","89 244","89",244,35,"y",5,0,38.44,"2024","10:07","38.44"
"3467","89 244","89",244,35,"y",5,6,38.44,"2024","16:19","62.01"
"3468","89 244","89",244,35,"y",5,24,38.44,"2024","10:15","127.25"
"3469","89 245","89",245,35,"y",5,0,62.8,"2024","10:08","62.8"
"3470","89 245","89",245,35,"y",5,6,62.8,"2024","16:19","97.5"
"3471","89 245","89",245,35,"y",5,24,62.8,"2024","10:16","196.84"
"3472","89 246","89",246,35,"y",5,0,43.92,"2024","10:08","43.92"
"3473","89 246","89",246,35,"y",5,6,43.92,"2024","16:20","63.33"
"3474","89 246","89",246,35,"y",5,24,43.92,"2024","10:17","130.51"
"3475","92 247","92",247,40,"y",5,0,39.87,"2024","10:10","39.87"
"3476","92 247","92",247,40,"y",5,6,39.87,"2024","16:22","49.37"
"3477","92 247","92",247,40,"y",5,24,NA,"2024","10:17","dead"
"3478","93 248","93",248,40,"y",5,0,80.79,"2024","10:10","80.79"
"3479","93 248","93",248,40,"y",5,6,80.79,"2024","16:23","89.86"
"3480","93 248","93",248,40,"y",5,24,80.79,"2024","10:18","105.58"
"3481","93 249","93",249,40,"y",5,0,74.16,"2024","10:11","74.16"
"3482","93 249","93",249,40,"y",5,6,74.16,"2024","16:24","93.24"
"3483","93 249","93",249,40,"y",5,24,74.16,"2024","10:18","98.2"
"3484","93 250","93",250,40,"y",5,0,41.08,"2024","10:11","41.08"
"3485","93 250","93",250,40,"y",5,6,41.08,"2024","16:25","47.82"
"3486","93 250","93",250,40,"y",5,24,41.08,"2024","10:19","49.97"
"3487","93 251","93",251,40,"y",5,0,49.87,"2024","10:12","49.87"
"3488","93 251","93",251,40,"y",5,6,49.87,"2024","16:26","69.13"
"3489","93 251","93",251,40,"y",5,24,49.87,"2024","10:19","dead"
"3490","93 252","93",252,40,"y",5,0,47.5,"2024","10:13","47.5"
"3491","93 252","93",252,40,"y",5,6,47.5,"2024","16:27","57.51"
"3492","93 252","93",252,40,"y",5,24,47.5,"2024","10:20","dead"
"3493","93 253","93",253,40,"y",5,0,74.47,"2024","10:13","74.47"
"3494","93 253","93",253,40,"y",5,6,74.47,"2024","16:28","78.05"
"3495","93 253","93",253,40,"y",5,24,74.47,"2024","10:20","85.85"
"3496","95 254","95",254,40,"y",5,0,36.46,"2024","10:14","36.46"
"3497","95 254","95",254,40,"y",5,6,36.46,"2024","16:29","46.37"
"3498","95 254","95",254,40,"y",5,24,36.46,"2024","10:21","54.29"
"3499","95 255","95",255,40,"y",5,0,61.63,"2024","10:15","61.63"
"3500","95 255","95",255,40,"y",5,6,61.63,"2024","16:29","64.31"
"3501","95 255","95",255,40,"y",5,24,NA,"2024","10:21","dead"
"3502","95 256","95",256,40,"y",5,0,66.73,"2024","10:15","66.73"
"3503","95 256","95",256,40,"y",5,6,66.73,"2024","16:30","62.76"
"3504","95 256","95",256,40,"y",5,24,NA,"2024","10:21","dead"
"3505","95 257","95",257,40,"y",5,0,65.85,"2024","10:16","65.85"
"3506","95 257","95",257,40,"y",5,6,65.85,"2024","16:32","63.68"
"3507","95 257","95",257,40,"y",5,24,65.85,"2024","10:22","56.54"
"3508","95 258","95",258,40,"y",5,0,54.06,"2024","10:16","54.06"
"3509","95 258","95",258,40,"y",5,6,54.06,"2024","16:33","58.24"
"3510","95 258","95",258,40,"y",5,24,NA,"2024","10:22","dead"
"3511","95 259","95",259,41,"y",5,0,50.45,"2024","10:18","50.45"
"3512","95 259","95",259,41,"y",5,6,50.45,"2024","16:34","57.62"
"3513","95 259","95",259,41,"y",5,24,50.45,"2024","10:27","53.68"
"3514","95 260","95",260,41,"y",5,0,52.08,"2024","10:19","52.08"
"3515","95 260","95",260,41,"y",5,6,NA,"2024","16:35","dead"
"3516","95 260","95",260,41,"N/A",5,24,NA,"2024","N/A","N/A"
"3517","95 261","95",261,41,"y",5,0,64.16,"2024","10:19","64.16"
"3518","95 261","95",261,41,"n",5,6,NA,"2024","16:35","dead"
"3519","95 261","95",261,41,"N/A",5,24,NA,"2024","N/A","N/A"
"3520","95 262","95",262,41,"y",5,0,70.06,"2024","10:20","70.06"
"3521","95 262","95",262,41,"y",5,6,NA,"2024","","dead"
"3522","95 262","95",262,41,"N/A",5,24,NA,"2024","N/A","N/A"
"3523","95 263","95",263,41,"y",5,0,79.66,"2024","10:20","79.66"
"3524","95 263","95",263,41,"y",5,6,NA,"2024","16:36","dead"
"3525","95 263","95",263,41,"N/A",5,24,NA,"2024","N/A","N/A"
"3526","94 or 97 264","94 or 97",264,41,"y",5,0,41.64,"2024","10:21","41.64"
"3527","94 or 97 264","94 or 97",264,41,"y",5,6,41.64,"2024","16:37","46.36"
"3528","94 or 97 264","94 or 97",264,41,"n",5,24,NA,"2024","10:27","dead"
"3529","94 or 97 265","94 or 97",265,41,"y",5,0,47,"2024","10:21","47"
"3530","94 or 97 265","94 or 97",265,41,"y",5,6,47,"2024","16:37","44.65"
"3531","94 or 97 265","94 or 97",265,41,"n",5,24,NA,"2024","10:27","dead"
"3532","94 or 97 266","94 or 97",266,41,"y",5,0,41.12,"2024","10:22","41.12"
"3533","94 or 97 266","94 or 97",266,41,"n",5,6,41.12,"2024","16:38","38.84"
"3534","94 or 97 266","94 or 97",266,41,"n",5,24,NA,"2024","10:28","dead"
"3535","94 or 97 267","94 or 97",267,41,"y",5,0,43.2,"2024","10:23","43.2"
"3536","94 or 97 267","94 or 97",267,41,"y",5,6,43.2,"2024","16:40","43.41"
"3537","94 or 97 267","94 or 97",267,41,"y",5,24,NA,"2024","10:28","dead"
"3538","96 268","96",268,41,"y",4,0,12.23,"2024","10:24","12.23"
"3539","96 268","96",268,41,"n",4,6,12.23,"2024","16:40","12.14"
"3540","96 268","96",268,41,"n",4,24,NA,"2024","10:28","dead"
"3541","96 269","96",269,41,"y",4,0,8.85,"2024","10:24","8.85"
"3542","96 269","96",269,41,"y",4,6,NA,"2024","16:41","dead"
"3543","96 269","96",269,41,"N/A",4,24,NA,"2024","N/A","N/A"
"3544","96 270","96",270,41,"y",4,0,16.09,"2024","10:25","16.09"
"3545","96 270","96",270,41,"n",4,6,NA,"2024","16:41","dead"
"3546","96 270","96",270,41,"N/A",4,24,NA,"2024","N/A","N/A"
"3547","92 271","92",271,23,"y",5,0,31.4,"2024","10:27","31.4"
"3548","92 271","92",271,23,"y",5,6,31.4,"2024","16:42","41.03"
"3549","92 271","92",271,23,"y",5,24,31.4,"2024","10:35","99.56"
"3550","92 272","92",272,23,"y",5,0,55.42,"2024","10:28","55.42"
"3551","92 272","92",272,23,"y",5,6,55.42,"2024","16:43","76.42"
"3552","92 272","92",272,23,"y",5,24,55.42,"2024","10:36","153.03"
"3553","92 273","92",273,23,"y",5,0,56.14,"2024","10:28","56.14"
"3554","92 273","92",273,23,"y",5,6,56.14,"2024","16:44","77.65"
"3555","92 273","92",273,23,"y",5,24,56.14,"2024","10:37","141.58"
"3556","92 274","92",274,23,"y",5,0,53.54,"2024","10:29","53.54"
"3557","92 274","92",274,23,"y",5,6,53.54,"2024","16:45","70.56"
"3558","92 274","92",274,23,"y",5,24,53.54,"2024","10:37","149.48"
"3559","92 275","92",275,23,"y",5,0,56.22,"2024","10:30","56.22"
"3560","92 275","92",275,23,"y",5,6,56.22,"2024","16:46","68.96"
"3561","92 275","92",275,23,"y",5,24,56.22,"2024","10:38","133.26"
"3562","92 276","92",276,23,"y",5,0,35.58,"2024","10:31","35.58"
"3563","92 276","92",276,23,"y",5,6,35.58,"2024","16:46","44.63"
"3564","92 276","92",276,23,"y",5,24,35.58,"2024","10:38","101.58"
"3565","95 277","95",277,23,"y",5,0,81.87,"2024","10:31","81.87"
"3566","95 277","95",277,23,"y",5,6,81.87,"2024","16:47","94.07"
"3567","95 277","95",277,23,"y",5,24,81.87,"2024","10:39","170.3"
"3568","95 278","95",278,23,"y",5,0,48,"2024","10:32","48"
"3569","95 278","95",278,23,"y",5,6,48,"2024","16:49","71.88"
"3570","95 278","95",278,23,"y",5,24,48,"2024","10:40","150.94"
"3571","95 279","95",279,23,"y",5,0,62.24,"2024","10:33","62.24"
"3572","95 279","95",279,23,"y",5,6,62.24,"2024","16:49","83.18"
"3573","95 279","95",279,23,"y",5,24,62.24,"2024","10:40","152.62"
"3574","95 280","95",280,23,"y",5,0,60.52,"2024","10:33","60.52"
"3575","95 280","95",280,23,"y",5,6,60.52,"2024","16:50","81.9"
"3576","95 280","95",280,23,"y",5,24,60.52,"2024","10:41","154.86"
"3577","95 281","95",281,23,"y",5,0,75.25,"2024","10:34","75.25"
"3578","95 281","95",281,23,"y",5,6,75.25,"2024","16:51","90.58"
"3579","95 281","95",281,23,"y",5,24,75.25,"2024","10:41","176.48"
"3580","95 282","95",282,23,"y",5,0,63.63,"2024","10:34","63.63"
"3581","95 282","95",282,23,"y",5,6,63.63,"2024","16:52","92.29"
"3582","95 282","95",282,23,"y",5,24,63.63,"2024","10:43","147.28"
"3583","89 283","89",283,35,"y",5,0,48.26,"2024","10:37","48.26"
"3584","89 283","89",283,35,"y",5,6,48.26,"2024","16:53","74.77"
"3585","89 283","89",283,35,"y",5,24,48.26,"2024","10:44","143.86"
"3586","96 284","96",284,35,"y",4,0,10.56,"2024","10:37","10.56"
"3587","96 284","96",284,35,"y",4,6,10.56,"2024","16:54","16.23"
"3588","96 284","96",284,35,"y",4,24,10.56,"2024","10:45","33.88"
"3589","96 285","96",285,35,"y",4,0,6.86,"2024","10:38","6.86"
"3590","96 285","96",285,35,"y",4,6,6.86,"2024","16:55","14.76"
"3591","96 285","96",285,35,"y",4,24,6.86,"2024","10:46","30.2"
"3592","96 286","96",286,35,"y",4,0,9.31,"2024","10:39","9.31"
"3593","96 286","96",286,35,"y",4,6,9.31,"2024","16:55","14.42"
"3594","96 286","96",286,35,"y",4,24,9.31,"2024","10:47","30.19"
"3595","96 287","96",287,35,"y",4,0,8.64,"2024","10:39","8.64"
"3596","96 287","96",287,35,"y",4,6,8.64,"2024","16:56","11.44"
"3597","96 287","96",287,35,"y",4,24,8.64,"2024","10:47","30.73"
"3598","95 288","95",288,35,"y",5,0,43.96,"2024","10:40","43.96"
"3599","95 288","95",288,35,"y",5,6,43.96,"2024","16:57","69.04"
"3600","95 288","95",288,35,"y",5,24,43.96,"2024","10:48","188.02"
"3601","95 289","95",289,35,"y",5,0,52.8,"2024","10:41","52.8"
"3602","95 289","95",289,35,"y",5,6,52.8,"2024","16:58","82.56"
"3603","95 289","95",289,35,"y",5,24,52.8,"2024","10:49","226.57"
"3604","86 290","86",290,35,"y",5,0,44.55,"2024","10:42","44.55"
"3605","86 290","86",290,35,"y",5,6,44.55,"2024","16:59","85.46"
"3606","86 290","86",290,35,"y",5,24,44.55,"2024","10:49","162.2"
"3607","86 291","86",291,35,"y",5,0,45.74,"2024","10:42","45.74"
"3608","86 291","86",291,35,"y",5,6,45.74,"2024","16:59","82.62"
"3609","86 291","86",291,35,"y",5,24,45.74,"2024","10:50","180.33"
"3610","86 292","86",292,35,"y",5,0,39.49,"2024","10:43","39.49"
"3611","86 292","86",292,35,"y",5,6,39.49,"2024","17:00","65.09"
"3612","86 292","86",292,35,"y",5,24,39.49,"2024","10:50","154.18"
"3613","86 293","86",293,35,"y",5,0,37.74,"2024","10:43","37.74"
"3614","86 293","86",293,35,"y",5,6,37.74,"2024","17:01","64.92"
"3615","86 293","86",293,35,"y",5,24,37.74,"2024","10:51","143.9"
"3616","87 294","87",294,35,"y",5,0,42.68,"2024","10:44","42.68"
"3617","87 294","87",294,35,"y",5,6,42.68,"2024","17:01","68.63"
"3618","87 294","87",294,35,"y",5,24,42.68,"2024","10:52","158.95"
"3619","94 or 97 295","94 or 97",295,40,"y",5,0,46.96,"2024","10:45","46.96"
"3620","94 or 97 295","94 or 97",295,40,"y",5,6,46.96,"2024","17:03","67.05"
"3621","94 or 97 295","94 or 97",295,40,"y",5,24,46.96,"2024","10:53","71.02"
"3622","94 or 97 296","94 or 97",296,40,"y",5,0,52.39,"2024","10:46","52.39"
"3623","94 or 97 296","94 or 97",296,40,"y",5,6,52.39,"2024","17:03","62.97"
"3624","94 or 97 296","94 or 97",296,40,"y",5,24,52.39,"2024","10:54","83.1"
"3625","94 or 97 297","94 or 97",297,40,"y",5,0,69.52,"2024","10:47","69.52"
"3626","94 or 97 297","94 or 97",297,40,"y",5,6,69.52,"2024","17:04","76.25"
"3627","94 or 97 297","94 or 97",297,40,"y",5,24,69.52,"2024","10:55","69.35"
"3628","94 or 97 298","94 or 97",298,40,"y",5,0,77.9,"2024","10:47","77.9"
"3629","94 or 97 298","94 or 97",298,40,"y",5,6,77.9,"2024","17:05","89.23"
"3630","94 or 97 298","94 or 97",298,40,"n",5,24,77.9,"2024","10:55","dead"
"3631","94 or 97 299","94 or 97",299,40,"y",5,0,83.69,"2024","10:48","83.69"
"3632","94 or 97 299","94 or 97",299,40,"y",5,6,83.69,"2024","17:06","91.12"
"3633","94 or 97 299","94 or 97",299,40,"y",5,24,83.69,"2024","10:55","dead"
"3634","94 300","94",300,40,"y",5,0,39.68,"2024","10:48","39.68"
"3635","94 300","94",300,40,"y",5,6,39.68,"2024","17:06","50.37"
"3636","94 300","94",300,40,"y",5,24,39.68,"2024","10:56","50.39"
"3637","94? 301","94?",301,40,"y",5,0,61.29,"2024","10:49","61.29"
"3638","94? 301","94?",301,40,"y",5,6,61.29,"2024","17:07","57.02"
"3639","94? 301","94?",301,40,"n",5,24,NA,"2024","10:56","dead"
"3640","96 302","96",302,40,"y",4,0,8.24,"2024","10:49","8.24"
"3641","96 302","96",302,40,"y",4,6,8.24,"2024","17:08","11.59"
"3642","96 302","96",302,40,"y",4,24,NA,"2024","10:57","dead"
"3643","96 303","96",303,40,"y",4,0,12.61,"2024","10:50","12.61"
"3644","96 303","96",303,40,"y",4,6,12.61,"2024","17:08","18.35"
"3645","96 303","96",303,40,"y",4,24,NA,"2024","10:57","dead"
"3646","96 304","96",304,40,"y",4,0,8.54,"2024","10:51","8.54"
"3647","96 304","96",304,40,"y",4,6,8.54,"2024","17:09","11.68"
"3648","96 304","96",304,40,"y",4,24,8.54,"2024","10:58","11.98"
"3649","96 305","96",305,40,"y",4,0,16.83,"2024","10:52","16.83"
"3650","96 305","96",305,40,"y",4,6,16.83,"2024","17:10","21.14"
"3651","96 305","96",305,40,"y",4,24,16.83,"2024","10:58","24.86"
"3652","95 306","95",306,40,"y",5,0,43.78,"2024","10:52","43.78"
"3653","95 306","95",306,40,"y",5,6,43.78,"2024","17:10","53.57"
"3654","95 306","95",306,40,"y",5,24,NA,"2024","10:59","dead"
"3655","92 307","92",307,41,"y",5,0,47.07,"2024","11:01","47.07"
"3656","92 307","92",307,41,"y",5,6,47.07,"2024","17:12","46.4"
"3657","92 307","92",307,41,"n",5,24,NA,"2024","11:11","dead"
"3658","92 308","92",308,41,"y",5,0,38.09,"2024","11:01","38.09"
"3659","92 308","92",308,41,"y",5,6,38.09,"2024","17:13","40.61"
"3660","92 308","92",308,41,"y",5,24,NA,"2024","11:11","dead"
"3661","92 309","92",309,41,"y",5,0,70.87,"2024","11:02","70.87"
"3662","92 309","92",309,41,"y",5,6,70.87,"2024","17:14","67.06"
"3663","92 309","92",309,41,"n",5,24,NA,"2024","11:12","dead"
"3664","92 310","92",310,41,"y",5,0,53.38,"2024","11:03","53.38"
"3665","92 310","92",310,41,"y",5,6,53.38,"2024","17:15","44.26"
"3666","92 310","92",310,41,"n",5,24,NA,"2024","11:12","dead"
"3667","92 311","92",311,41,"y",5,0,46.16,"2024","11:04","46.16"
"3668","92 311","92",311,41,"y",5,6,46.16,"2024","17:16","46.69"
"3669","92 311","92",311,41,"n",5,24,NA,"2024","11:12","dead"
"3670","92 312","92",312,41,"y",5,0,41.1,"2024","11:04","41.1"
"3671","92 312","92",312,41,"n",5,6,41.1,"2024","17:17","40.14"
"3672","92 312","92",312,41,"n",5,24,NA,"2024","11:13","dead"
"3673","92 313","92",313,41,"y",5,0,39.38,"2024","11:05","39.38"
"3674","92 313","92",313,41,"y",5,6,NA,"2024","17:18","dead"
"3675","92 313","92",313,41,"N/A",5,24,NA,"2024","N/A","N/A"
"3676","93 314","93",314,41,"y",5,0,36.48,"2024","11:06","36.48"
"3677","93 314","93",314,41,"y",5,6,36.48,"2024","17:18","37.94"
"3678","93 314","93",314,41,"n",5,24,NA,"2024","11:13","dead"
"3679","93 315","93",315,41,"y",5,0,52.7,"2024","11:07","52.7"
"3680","93 315","93",315,41,"y",5,6,52.7,"2024","17:19","55.16"
"3681","93 315","93",315,41,"n",5,24,NA,"2024","11:13","dead"
"3682","93 316","93",316,41,"y",5,0,57.7,"2024","11:08","57.7"
"3683","93 316","93",316,41,"y",5,6,57.7,"2024","17:20","63.41"
"3684","93 316","93",316,41,"n",5,24,NA,"2024","11:13","dead"
"3685","93 317","93",317,41,"y",5,0,49.94,"2024","11:09","49.94"
"3686","93 317","93",317,41,"y",5,6,49.94,"2024","17:21","53.99"
"3687","93 317","93",317,41,"n",5,24,NA,"2024","11:14","dead"
"3688","93 318","93",318,41,"y",5,0,74.43,"2024","11:10","74.43"
"3689","93 318","93",318,41,"y",5,6,NA,"2024","17:21","dead"
"3690","93 318","93",318,41,"N/A",5,24,NA,"2024","N/A","N/A"
"3691","95 319","95",319,23,"y",5,0,42.66,"2024","11:13","42.66"
"3692","95 319","95",319,23,"y",5,6,42.66,"2024","17:23","67.21"
"3693","95 319","95",319,23,"y",5,24,42.66,"2024","11:15","128.88"
"3694","95 320","95",320,23,"y",5,0,37.93,"2024","11:14","37.93"
"3695","95 320","95",320,23,"y",5,6,37.93,"2024","17:23","57.85"
"3696","95 320","95",320,23,"y",5,24,37.93,"2024","11:15","114.01"
"3697","92 321","92",321,35,"y",5,0,49.58,"2024","11:19","49.58"
"3698","92 321","92",321,35,"y",5,6,49.58,"2024","17:30","81.6"
"3699","92 321","92",321,35,"y",5,24,49.58,"2024","11:29","159.37"
"3700","92 322","92",322,35,"y",5,0,41.67,"2024","11:20","41.67"
"3701","92 322","92",322,35,"y",5,6,41.67,"2024","17:31","67.1"
"3702","92 322","92",322,35,"y",5,24,41.67,"2024","11:30","183.31"
"3703","93 323","93",323,35,"y",5,0,50.22,"2024","11:21","50.22"
"3704","93 323","93",323,35,"y",5,6,50.22,"2024","17:31","88.89"
"3705","93 323","93",323,35,"y",5,24,50.22,"2024","11:31","193.6"
"3706","93 324","93",324,35,"y",5,0,69.77,"2024","11:22","69.77"
"3707","93 324","93",324,35,"y",5,6,69.77,"2024","17:32","109.68"
"3708","93 324","93",324,35,"y",5,24,69.77,"2024","11:31","184.24"
"3709","93 325","93",325,35,"y",5,0,62.29,"2024","11:23","62.29"
"3710","93 325","93",325,35,"y",5,6,62.29,"2024","17:33","99.82"
"3711","93 325","93",325,35,"y",5,24,62.29,"2024","11:32","177.04"
"3712","93 326","93",326,35,"y",5,0,54.43,"2024","11:23","54.43"
"3713","93 326","93",326,35,"y",5,6,54.43,"2024","17:34","89"
"3714","93 326","93",326,35,"y",5,24,54.43,"2024","11:32","174.47"
"3715","93 327","93",327,35,"y",5,0,55.31,"2024","11:24","55.31"
"3716","93 327","93",327,35,"y",5,6,55.31,"2024","17:34","86.81"
"3717","93 327","93",327,35,"y",5,24,55.31,"2024","11:33","238.29"
"3718","93 328","93",328,35,"y",5,0,76.75,"2024","11:25","76.75"
"3719","93 328","93",328,35,"y",5,6,76.75,"2024","17:35","120.44"
"3720","93 328","93",328,35,"y",5,24,76.75,"2024","11:34","197.59"
"3721","95 329","95",329,35,"y",5,0,53.19,"2024","11:26","53.19"
"3722","95 329","95",329,35,"y",5,6,53.19,"2024","17:36","90.03"
"3723","95 329","95",329,35,"y",5,24,53.19,"2024","11:34","208.28"
"3724","95 330","95",330,35,"y",5,0,34.14,"2024","11:27","34.14"
"3725","95 330","95",330,35,"y",5,6,34.14,"2024","17:37","56.41"
"3726","95 330","95",330,35,"y",5,24,34.14,"2024","11:35","145.58"
"3727","95 331","95",331,35,"y",5,0,41.35,"2024","11:28","41.35"
"3728","95 331","95",331,35,"y",5,6,41.35,"2024","17:37","72.44"
"3729","95 331","95",331,35,"y",5,24,41.35,"2024","11:36","160.81"
"3730","95 332","95",332,35,"y",5,0,36.92,"2024","11:29","36.92"
"3731","95 332","95",332,35,"y",5,6,36.92,"2024","17:38","68.92"
"3732","95 332","95",332,35,"y",5,24,36.92,"2024","11:36","156.75"
"3733","94 333","94",333,40,"y",5,0,53.77,"2024","11:30","53.77"
"3734","94 333","94",333,40,"y",5,6,53.77,"2024","17:39","61.67"
"3735","94 333","94",333,40,"y",5,24,NA,"2024","11:37","dead"
"3736","91 334","91",334,40,"y",5,0,37.13,"2024","11:31","37.13"
"3737","91 334","91",334,40,"y",5,6,37.13,"2024","17:40","49.93"
"3738","91 334","91",334,40,"y",5,24,37.13,"2024","11:38","53.49"
"3739","96 335","96",335,41,"y",4,0,10.72,"2024","11:36","10.72"
"3740","96 335","96",335,41,"y",4,6,10.72,"2024","17:42","11.2"
"3741","96 335","96",335,41,"n",4,24,NA,"2024","11:41","dead"
"3742","96 336","96",336,41,"y",4,0,8.25,"2024","11:37","8.25"
"3743","96 336","96",336,41,"y",4,6,8.25,"2024","17:43","8.4"
"3744","96 336","96",336,41,"n",4,24,NA,"2024","11:41","dead"
"3745","96 337","96",337,41,"y",4,0,14.48,"2024","11:37","14.48"
"3746","96 337","96",337,41,"y",4,6,14.48,"2024","17:44","14.07"
"3747","96 337","96",337,41,"n",4,24,NA,"2024","11:42","dead"
"3748","95 338","95",338,41,"y",5,0,38.61,"2024","11:38","38.61"
"3749","95 338","95",338,41,"y",5,6,NA,"2024","17:45","dead"
"3750","95 338","95",338,41,"N/A",5,24,NA,"2024","N/A","N/A"
"3751","95 339","95",339,41,"y",5,0,49.31,"2024","11:39","49.31"
"3752","95 339","95",339,41,"n",5,6,NA,"2024","17:45","dead"
"3753","95 339","95",339,41,"N/A",5,24,NA,"2024","N/A","N/A"
"3754","90 340","90",340,41,"y",5,0,31.74,"2024","11:40","31.74"
"3755","90 340","90",340,41,"y",5,6,31.74,"2024","17:46","31.98"
"3756","90 340","90",340,41,"n",5,24,NA,"2024","11:42","dead"
"3757","90 341","90",341,41,"y",5,0,37.95,"2024","11:41","37.95"
"3758","90 341","90",341,41,"y",5,6,37.95,"2024","17:47","41.55"
"3759","90 341","90",341,41,"n",5,24,NA,"2024","11;42","dead"
"3760","87 342","87",342,35,"y",5,0,42.48,"2024","11:45","42.48"
"3761","87 342","87",342,35,"y",5,6,42.48,"2024","17:50","63.09"
"3762","87 342","87",342,35,"y",5,24,42.48,"2024","11:49","172.04"
"3763","93 343","93",343,35,"y",5,0,49.99,"2024","11:45","49.99"
"3764","93 343","93",343,35,"y",5,6,49.99,"2024","17:51","90.48"
"3765","93 343","93",343,35,"y",5,24,49.99,"2024","11:50","193.51"
"3766","93 344","93",344,35,"y",5,0,43.05,"2024","11:46","43.05"
"3767","93 344","93",344,35,"y",5,6,43.05,"2024","17:52","72.38"
"3768","93 344","93",344,35,"y",5,24,43.05,"2024","11:50","173.86"
"3769","93 345","93",345,35,"y",5,0,56.74,"2024","11:47","56.74"
"3770","93 345","93",345,35,"y",5,6,56.74,"2024","17:52","93.87"
"3771","93 345","93",345,35,"y",5,24,56.74,"2024","11:51","234.5"
"3772","96 346","96",346,35,"y",4,0,12.06,"2024","11:48","12.06"
"3773","96 346","96",346,35,"y",4,6,12.06,"2024","17:53","18.46"
"3774","96 346","96",346,35,"y",4,24,12.06,"2024","11:52","48.49"
"3775","93 347","93",347,35,"y",4,0,9.65,"2024","11:49","9.65"
"3776","93 347","93",347,35,"y",4,6,9.65,"2024","17:54","14.53"
"3777","93 347","93",347,35,"y",4,24,9.65,"2024","11:52","40.16"
"3778","92 348","92",348,35,"y",5,0,37.37,"2024","12:37","37.37"
"3779","92 348","92",348,35,"y",5,6,37.37,"2024","18:50","58.42"
"3780","92 348","92",348,35,"y",5,24,37.37,"2024","12:50","139.54"
"3781","92 349","92",349,35,"y",5,0,39.17,"2024","12:38","39.17"
"3782","92 349","92",349,35,"y",5,6,39.17,"2024","18:51","67.93"
"3783","92 349","92",349,35,"y",5,24,39.17,"2024","12:51","140.96"
"3784","92 350","92",350,35,"y",5,0,44.64,"2024","12:39","44.64"
"3785","92 350","92",350,35,"y",5,6,44.64,"2024","18:52","78.16"
"3786","92 350","92",350,35,"y",5,24,44.64,"2024","12:51","156.41"
"3787","92 351","92",351,35,"y",5,0,37.48,"2024","12:40","37.48"
"3788","92 351","92",351,35,"y",5,6,37.48,"2024","18:53","65.09"
"3789","92 351","92",351,35,"y",5,24,37.48,"2024","12:52","127.01"
"3790","92 352","92",352,35,"y",5,0,50.57,"2024","12:41","50.57"
"3791","92 352","92",352,35,"y",5,6,50.57,"2024","18:54","81.26"
"3792","92 352","92",352,35,"y",5,24,50.57,"2024","12:53","167.83"
"3793","93 353","93",353,35,"y",5,0,30.79,"2024","12:42","30.79"
"3794","93 353","93",353,35,"y",5,6,30.79,"2024","18:55","58.41"
"3795","93 353","93",353,35,"y",5,24,30.79,"2024","12:53","121.41"
"3796","93 354","93",354,35,"y",5,0,46.84,"2024","12:43","46.84"
"3797","93 354","93",354,35,"y",5,6,46.84,"2024","18:55","77.31"
"3798","93 354","93",354,35,"y",5,24,46.84,"2024","12:54","170.61"
"3799","93 355","93",355,35,"y",5,0,43.46,"2024","12:45","43.46"
"3800","93 355","93",355,35,"y",5,6,43.46,"2024","18:56","73.18"
"3801","93 355","93",355,35,"y",5,24,43.46,"2024","12:55","209.85"
"3802","93 356","93",356,35,"y",5,0,40.77,"2024","12:46","40.77"
"3803","93 356","93",356,35,"y",5,6,40.77,"2024","18:57","61.47"
"3804","93 356","93",356,35,"y",5,24,40.77,"2024","12:56","149.07"
"3805","93 357","93",357,35,"y",5,0,42.64,"2024","12:47","42.64"
"3806","93 357","93",357,35,"y",5,6,42.64,"2024","18:58","74.43"
"3807","93 357","93",357,35,"y",5,24,42.64,"2024","12:57","142.74"
"3808","95 358","95",358,35,"y",5,0,40.19,"2024","12:48","40.19"
"3809","95 358","95",358,35,"y",5,6,40.19,"2024","18:59","70.66"
"3810","95 358","95",358,35,"y",5,24,40.19,"2024","12:58","161.62"
"3811","95 359","95",359,35,"y",5,0,43.06,"2024","12:49","43.06"
"3812","95 359","95",359,35,"y",5,6,43.06,"2024","19:00","65.31"
"3813","95 359","95",359,35,"y",5,24,43.06,"2024","12:58","159.03"
"3814","93 360","93",360,40,"y",5,0,38.99,"2024","12:54","38.99"
"3815","93 360","93",360,40,"y",5,6,38.99,"2024","19:05","54.51"
"3816","93 360","93",360,40,"y",5,24,38.99,"2024","13:04","61.28"
"3817","93 361","93",361,40,"y",5,0,40.82,"2024","12:55","40.82"
"3818","93 361","93",361,40,"y",5,6,40.82,"2024","19:05","50.26"
"3819","93 361","93",361,40,"y",5,24,NA,"2024","13:05","dead"
"3820","93 362","93",362,40,"y",5,0,40.84,"2024","12:56","40.84"
"3821","93 362","93",362,40,"y",5,6,40.84,"2024","19:06","51.55"
"3822","93 362","93",362,40,"n",5,24,NA,"2024","13:05","dead"
"3823","93 363","93",363,40,"y",5,0,41.86,"2024","12:57","41.86"
"3824","93 363","93",363,40,"y",5,6,41.86,"2024","19:07","45.38"
"3825","93 363","93",363,40,"y",5,24,41.86,"2024","13:06","41.37"
"3826","93 364","93",364,40,"y",5,0,46.84,"2024","12:58","46.84"
"3827","93 364","93",364,40,"y",5,6,46.84,"2024","19:08","49.43"
"3828","93 364","93",364,40,"n",5,24,NA,"2024","13:06","dead"
"3829","93 365","93",365,40,"y",5,0,42.96,"2024","12:59","42.96"
"3830","93 365","93",365,40,"y",5,6,42.96,"2024","19:09","51.42"
"3831","93 365","93",365,40,"y",5,24,NA,"2024","13:06","dead"
"3832","92 366","92",366,40,"y",5,0,33.77,"2024","13:00","33.77"
"3833","92 366","92",366,40,"y",5,6,33.77,"2024","19:10","47.06"
"3834","92 366","92",366,40,"y",5,24,33.77,"2024","13:07","43.69"
"3835","95 367","95",367,40,"y",5,0,40.3,"2024","13:01","40.3"
"3836","95 367","95",367,40,"y",5,6,40.3,"2024","19:11","50.35"
"3837","95 367","95",367,40,"y",5,24,40.3,"2024","13:08","48.36"
"3838","95 368","95",368,40,"y",5,0,48.71,"2024","13:01","48.71"
"3839","95 368","95",368,40,"y",5,6,48.71,"2024","19:12","51.87"
"3840","95 368","95",368,40,"y",5,24,NA,"2024","13:08","dead"
"3841","87 369","87",369,40,"y",5,0,39.54,"2024","13:02","39.54"
"3842","87 369","87",369,40,"y",5,6,39.54,"2024","19:13","41.45"
"3843","87 369","87",369,40,"y",5,24,39.54,"2024","13:09","36.11"
"3844","91 370","91",370,40,"y",5,0,34.16,"2024","13:03","34.16"
"3845","91 370","91",370,40,"y",5,6,34.16,"2024","19:14","39.91"
"3846","91 370","91",370,40,"y",5,24,NA,"2024","13:09","dead"
"3847","92 371","92",371,41,"y",5,0,33.24,"2024","13:09","33.24"
"3848","92 371","92",371,41,"y",5,6,NA,"2024","19:20","dead"
"3849","92 371","92",371,41,"N/A",5,24,NA,"2024","N/A","N/A"
"3850","90 372","90",372,41,"y",5,0,41.45,"2024","13:10","41.45"
"3851","90 372","90",372,41,"y",5,6,NA,"2024","19:21","dead"
"3852","90 372","90",372,41,"N/A",5,24,NA,"2024","N/A","N/A"
"3853","90 373","90",373,41,"y",5,0,37.18,"2024","13:11","37.18"
"3854","90 373","90",373,41,"y",5,6,37.18,"2024","19:22","38.46"
"3855","90 373","90",373,41,"n",5,24,NA,"2024","13:20","dead"
"3856","90 374","90",374,41,"y",5,0,43.37,"2024","13:12","43.37"
"3857","90 374","90",374,41,"y",5,6,43.37,"2024","19:22","44.69"
"3858","90 374","90",374,41,"n",5,24,NA,"2024","13:21","dead"
"3859","90 375","90",375,41,"y",5,0,37.64,"2024","13:12","37.64"
"3860","90 375","90",375,41,"y",5,6,37.64,"2024","19:24","39.89"
"3861","90 375","90",375,41,"n",5,24,NA,"2024","13:21","dead"
"3862","90 376","90",376,41,"y",5,0,35.52,"2024","13:13","35.52"
"3863","90 376","90",376,41,"n",5,6,NA,"2024","19:24","dead"
"3864","90 376","90",376,41,"N/A",5,24,NA,"2024","N/A","N/A"
"3865","90 377","90",377,41,"y",5,0,29.4,"2024","13:14","29.4"
"3866","90 377","90",377,41,"y",5,6,29.4,"2024","19:25","28.97"
"3867","90 377","90",377,41,"n",5,24,NA,"2024","13:21","dead"
"3868","93 378","93",378,41,"y",5,0,39.81,"2024","13:15","39.81"
"3869","93 378","93",378,41,"y",5,6,39.81,"2024","19:26","41.09"
"3870","93 378","93",378,41,"n",5,24,NA,"2024","13:21","dead"
"3871","95 379","95",379,41,"y",5,0,36.14,"2024","13:16","36.14"
"3872","95 379","95",379,41,"y",5,6,NA,"2024","19:26","dead"
"3873","95 379","95",379,41,"N/A",5,24,NA,"2024","N/A","N/A"
"3874","95 380","95",380,41,"y",5,0,42.32,"2024","13:17","42.32"
"3875","95 380","95",380,41,"y",5,6,NA,"2024","19:27","dead"
"3876","95 380","95",380,41,"N/A",5,24,NA,"2024","N/A","N/A"
"3877","87 381","87",381,41,"y",5,0,46.4,"2024","13:18","46.4"
"3878","87 381","87",381,41,"y",5,6,46.4,"2024","19:27","47.17"
"3879","87 381","87",381,41,"n",5,24,NA,"2024","13:22","dead"
"3880","87 382","87",382,41,"y",5,0,41.53,"2024","13:19","41.53"
"3881","87 382","87",382,41,"n",5,6,NA,"2024","19:28","dead"
"3882","87 382","87",382,41,"N/A",5,24,NA,"2024","N/A","N/A"
"3883","93 383","93",383,23,"y",5,0,41.18,"2024","13:27","41.18"
"3884","93 383","93",383,23,"y",5,6,41.18,"2024","19:36","63.68"
"3885","93 383","93",383,23,"y",5,24,41.18,"2024","13:37","121.03"
"3886","93 384","93",384,23,"y",5,0,41.39,"2024","13:28","41.39"
"3887","93 384","93",384,23,"y",5,6,41.39,"2024","19:37","57.98"
"3888","93 384","93",384,23,"y",5,24,41.39,"2024","13:37","119.62"
"3889","93 385","93",385,23,"y",5,0,52.42,"2024","13:29","52.42"
"3890","93 385","93",385,23,"y",5,6,52.42,"2024","19:38","66.14"
"3891","93 385","93",385,23,"y",5,24,52.42,"2024","13:38","132.92"
"3892","93 386","93",386,23,"y",5,0,42.17,"2024","13:29","42.17"
"3893","93 386","93",386,23,"y",5,6,42.17,"2024","19:39","63.81"
"3894","93 386","93",386,23,"y",5,24,42.17,"2024","13:39","119.04"
"3895","93 387","93",387,23,"y",5,0,45.13,"2024","13:30","45.13"
"3896","93 387","93",387,23,"y",5,6,45.13,"2024","19:40","61.13"
"3897","93 387","93",387,23,"y",5,24,45.13,"2024","13:40","122.76"
"3898","93 388","93",388,23,"y",5,0,39.96,"2024","13:31","39.96"
"3899","93 388","93",388,23,"y",5,6,39.96,"2024","19:40","53.22"
"3900","93 388","93",388,23,"y",5,24,39.96,"2024","13:41","115.54"
"3901","93 389","93",389,23,"y",5,0,43.45,"2024","13:32","43.45"
"3902","93 389","93",389,23,"y",5,6,43.45,"2024","19:41","59.34"
"3903","93 389","93",389,23,"y",5,24,43.45,"2024","13:41","118.42"
"3904","92 390","92",390,23,"y",5,0,34.97,"2024","13:33","34.97"
"3905","92 390","92",390,23,"y",5,6,34.97,"2024","19:42","49.42"
"3906","92 390","92",390,23,"y",5,24,34.97,"2024","13:42","84.87"
"3907","95 391","95",391,23,"y",5,0,49.75,"2024","13:34","49.75"
"3908","95 391","95",391,23,"y",5,6,49.75,"2024","19:42","63.88"
"3909","95 391","95",391,23,"y",5,24,49.75,"2024","13:43","134.11"
"3910","94? 392","94?",392,23,"y",5,0,40.82,"2024","13:35","40.82"
"3911","94? 392","94?",392,23,"y",5,6,40.82,"2024","19:43","57.43"
"3912","94? 392","94?",392,23,"y",5,24,40.82,"2024","13:44","123.78"
"3913","94 or 97 393","94 or 97",393,23,"y",5,0,36.12,"2024","13:35","36.12"
"3914","94 or 97 393","94 or 97",393,23,"y",5,6,36.12,"2024","19:45","46.66"
"3915","94 or 97 393","94 or 97",393,23,"y",5,24,36.12,"2024","13:44","102.39"
"3916","94 or 97 394","94 or 97",394,23,"y",5,0,36.95,"2024","13:36","36.95"
"3917","94 or 97 394","94 or 97",394,23,"y",5,6,36.95,"2024","19:45","47.27"
"3918","94 or 97 394","94 or 97",394,23,"y",5,24,36.95,"2024","13:45","88.56"
"3919","94 395","94",395,35,"y",5,0,36.52,"2024","13:40","36.52"
"3920","94 395","94",395,35,"y",5,6,36.52,"2024","19:47","62.06"
"3921","94 395","94",395,35,"y",5,24,36.52,"2024","13:46","151.05"
"3922","94 396","94",396,35,"y",5,0,55.64,"2024","13:41","55.64"
"3923","94 396","94",396,35,"y",5,6,55.64,"2024","19:48","84.8"
"3924","94 396","94",396,35,"y",5,24,55.64,"2024","13:47","181.9"
"3925","94 397","94",397,35,"y",5,0,41.93,"2024","13:42","41.93"
"3926","94 397","94",397,35,"y",5,6,41.93,"2024","19:49","58.15"
"3927","94 397","94",397,35,"y",5,24,41.93,"2024","13:48","134.55"
"3928","88 398","88",398,35,"y",5,0,43.58,"2024","13:43","43.58"
"3929","88 398","88",398,35,"y",5,6,43.58,"2024","19:49","65.57"
"3930","88 398","88",398,35,"y",5,24,43.58,"2024","13:48","166.7"
"3931","89 399","89",399,35,"y",5,0,36.19,"2024","13:44","36.19"
"3932","89 399","89",399,35,"y",5,6,36.19,"2024","19:50","63.1"
"3933","89 399","89",399,35,"y",5,24,36.19,"2024","13:49","143.7"
"3934","89 400","89",400,35,"y",5,0,45.37,"2024","13:44","45.37"
"3935","89 400","89",400,35,"y",5,6,45.37,"2024","19:51","65.32"
"3936","89 400","89",400,35,"y",5,24,45.37,"2024","13:49","150.66"
"3937","89 401","89",401,35,"y",5,0,36.91,"2024","13:45","36.91"
"3938","89 401","89",401,35,"y",5,6,36.91,"2024","19:52","57.23"
"3939","89 401","89",401,35,"y",5,24,36.91,"2024","13:50","130.54"
"3940","89 402","89",402,35,"y",5,0,40.14,"2024","13:46","40.14"
"3941","89 402","89",402,35,"y",5,6,40.14,"2024","19:53","59.91"
"3942","89 402","89",402,35,"y",5,24,40.14,"2024","13:51","126.17"
"3943","87 403","87",403,41,"y",5,0,45.91,"2024","13:48","45.91"
"3944","87 403","87",403,41,"n",5,6,45.91,"2024","19:54","37.04"
"3945","87 403","87",403,41,"n",5,24,NA,"2024","13:52","dead"
"3946","87 404","87",404,41,"y",5,0,36.1,"2024","13:49","36.1"
"3947","87 404","87",404,41,"n",5,6,36.1,"2024","19:55","34.75"
"3948","87 404","87",404,41,"n",5,24,NA,"2024","13:52","dead"
"3949","87 405","87",405,41,"y",5,0,47.59,"2024","13:50","47.59"
"3950","87 405","87",405,41,"y",5,6,47.59,"2024","19:56","50.4"
"3951","87 405","87",405,41,"n",5,24,NA,"2024","13:52","dead"
"3952","88 406","88",406,35,"y",5,0,41.25,"2024","12:14","41.25"
"3953","88 406","88",406,35,"y",5,6,41.25,"2024","18:16","64.27"
"3954","88 406","88",406,35,"y",5,24,41.25,"2024","12:16","148.89"
"3955","88 407","88",407,35,"y",5,0,32.68,"2024","12:15","32.68"
"3956","88 407","88",407,35,"y",5,6,32.68,"2024","18:17","54.67"
"3957","88 407","88",407,35,"y",5,24,32.68,"2024","12:16","140.03"
"3958","91 408","91",408,40,"y",5,0,38.89,"2024","12:23","38.89"
"3959","91 408","91",408,40,"y",5,6,38.89,"2024","18:33","48.48"
"3960","91 408","91",408,40,"y",5,24,38.89,"2024","12:32","62.02"
"3961","95 409","95",409,40,"y",5,0,38.99,"2024","12:23","38.99"
"3962","95 409","95",409,40,"y",5,6,38.99,"2024","18:34","44.07"
"3963","95 409","95",409,40,"y",5,24,38.99,"2024","12:33","45.21"
"3964","95 410","95",410,40,"y",5,0,45.79,"2024","12:24","45.79"
"3965","95 410","95",410,40,"n",5,6,45.79,"2024","18:35","46.41"
"3966","95 410","95",410,40,"y",5,24,NA,"2024","12:34","dead"
"3967","96 411","96",411,40,"y",5,0,58.98,"2024","12:25","58.98"
"3968","96 411","96",411,40,"y",5,6,58.98,"2024","18:36","60.34"
"3969","96 411","96",411,40,"y",5,24,58.98,"2024","12:35","68.54"
"3970","96 412","96",412,40,"y",5,0,40.1,"2024","12:26","40.1"
"3971","96 412","96",412,40,"y",5,6,40.1,"2024","18:37","49.89"
"3972","96 412","96",412,40,"y",5,24,40.1,"2024","12:35","55.75"
"3973","96 413","96",413,40,"y",5,0,51.58,"2024","12:27","51.58"
"3974","96 413","96",413,40,"y",5,6,51.58,"2024","18:38","57.36"
"3975","96 413","96",413,40,"y",5,24,51.58,"2024","12:36","65.47"
"3976","96 414","96",414,40,"y",5,0,38.25,"2024","12:27","38.25"
"3977","96 414","96",414,40,"y",5,6,38.25,"2024","18:38","52.99"
"3978","96 414","96",414,40,"y",5,24,38.25,"2024","12:37","56.28"
"3979","96 415","96",415,40,"y",5,0,48.66,"2024","12:28","48.66"
"3980","96 415","96",415,40,"y",5,6,48.66,"2024","18:39","58.38"
"3981","96 415","96",415,40,"y",5,24,48.66,"2024","12:37","55.33"
"3982","96 416","96",416,40,"y",5,0,41.74,"2024","12:29","41.74"
"3983","96 416","96",416,40,"y",5,6,41.74,"2024","18:40","60.52"
"3984","96 416","96",416,40,"y",5,24,41.74,"2024","12:38","67.15"
"3985","87 417","87",417,40,"y",5,0,52.91,"2024","12:29","52.91"
"3986","87 417","87",417,40,"n",5,6,52.91,"2024","18:41","52.46"
"3987","87 417","87",417,40,"y",5,24,52.91,"2024","12:39","56.79"
"3988","89 418","89",418,40,"y",5,0,46.76,"2024","12:31","46.76"
"3989","89 418","89",418,40,"y",5,6,46.76,"2024","18:42","53.72"
"3990","89 418","89",418,40,"y",5,24,46.76,"2024","12:40","55.3"
"3991","89 419","89",419,40,"y",5,0,37.68,"2024","12:32","37.68"
"3992","89 419","89",419,40,"y",5,6,37.68,"2024","18:43","45.45"
"3993","89 419","89",419,40,"y",5,24,37.68,"2024","12:40","42.44"
"3994","96 420","96",420,41,"y",5,0,37.14,"2024","12:38","37.14"
"3995","96 420","96",420,41,"n",5,6,37.14,"2024","18:48","36.22"
"3996","96 420","96",420,41,"y",5,24,NA,"2024","12:47","dead"
"3997","96 421","96",421,41,"y",5,0,33.81,"2024","12:40","33.81"
"3998","96 421","96",421,41,"n",5,6,33.81,"2024","18:49","29.97"
"3999","96 421","96",421,41,"n",5,24,NA,"2024","12:48","dead"
"4000","96 422","96",422,41,"y",5,0,46.05,"2024","12:40","46.05"
"4001","96 422","96",422,41,"n",5,6,46.05,"2024","18:50","38.03"
"4002","96 422","96",422,41,"n",5,24,NA,"2024","12:48","dead"
"4003","96 423","96",423,41,"y",5,0,49.65,"2024","12:41","49.65"
"4004","96 423","96",423,41,"y",5,6,49.65,"2024","18:51","49.4"
"4005","96 423","96",423,41,"n",5,24,NA,"2024","12:48","dead"
"4006","96 424","96",424,41,"y",5,0,38.19,"2024","12:42","38.19"
"4007","96 424","96",424,41,"y",5,6,38.19,"2024","18:52","38.92"
"4008","96 424","96",424,41,"n",5,24,NA,"2024","12:49","dead"
"4009","96 425","96",425,41,"y",5,0,35.87,"2024","12:42","35.87"
"4010","96 425","96",425,41,"y",5,6,35.87,"2024","18:53","36.49"
"4011","96 425","96",425,41,"n",5,24,NA,"2024","12:49","dead"
"4012","87 426","87",426,41,"y",5,0,41.32,"2024","12:43","41.32"
"4013","87 426","87",426,41,"y",5,6,41.32,"2024","18:54","43.13"
"4014","87 426","87",426,41,"n",5,24,NA,"2024","12:49","dead"
"4015","87 427","87",427,41,"y",5,0,45.17,"2024","12:43","45.17"
"4016","87 427","87",427,41,"n",5,6,45.17,"2024","18:44","43.79"
"4017","87 427","87",427,41,"y",5,24,NA,"2024","12:49","dead"
"4018","89 428","89",428,41,"y",5,0,45.74,"2024","12:44","45.74"
"4019","89 428","89",428,41,"y",5,6,45.74,"2024","18:56","45.83"
"4020","89 428","89",428,41,"y",5,24,NA,"2024","12:50","dead"
"4021","89 429","89",429,41,"y",5,0,47.12,"2024","12:45","47.12"
"4022","89 429","89",429,41,"y",5,6,47.12,"2024","18:56","48.23"
"4023","89 429","89",429,41,"n",5,24,NA,"2024","12:50","dead"
"4024","89 430","89",430,41,"y",5,0,47.08,"2024","12:46","47.08"
"4025","89 430","89",430,41,"y",5,6,47.08,"2024","18:57","48.8"
"4026","89 430","89",430,41,"y",5,24,NA,"2024","12:50","dead"
"4027","89 431","89",431,41,"y",5,0,43.18,"2024","12:46","43.18"
"4028","89 431","89",431,41,"y",5,6,43.18,"2024","18:58","47.09"
"4029","89 431","89",431,41,"n",5,24,NA,"2024","12:51","dead"
"4030","89 432","89",432,40,"y",5,0,47.88,"2024","12:48","47.88"
"4031","89 432","89",432,40,"y",5,6,47.88,"2024","19:00","58.75"
"4032","89 432","89",432,40,"y",5,24,47.88,"2024","12:51","63.03"
"4033","89 433","89",433,40,"y",5,0,48.54,"2024","12:49","48.54"
"4034","89 433","89",433,40,"y",5,6,48.54,"2024","19:00","53.71"
"4035","89 433","89",433,40,"y",5,24,48.54,"2024","12:52","57.58"
"4036","96 434","96",434,35,"y",5,0,56.72,"2024","14:42","56.72"
"4037","96 434","96",434,35,"y",5,6,56.72,"2024","20:52","87.05"
"4038","96 434","96",434,35,"y",5,24,56.72,"2024","14:52","150.1"
"4039","96 435","96",435,35,"",5,0,56.76,"2024","14:43","56.76"
"4040","96 435","96",435,35,"y",5,6,56.76,"2024","20:53","77.81"
"4041","96 435","96",435,35,"y",5,24,56.76,"2024","14:53","141.72"
"4042","96 436","96",436,35,"",5,0,47.64,"2024","14:44","47.64"
"4043","96 436","96",436,35,"y",5,6,47.64,"2024","20:54","70.96"
"4044","96 436","96",436,35,"y",5,24,47.64,"2024","14:54","133.33"
"4045","96 437","96",437,35,"",5,0,44.32,"2024","14:45","44.32"
"4046","96 437","96",437,35,"y",5,6,44.32,"2024","20:57","66.48"
"4047","96 437","96",437,35,"y",5,24,44.32,"2024","14:55","138.22"
"4048","96 438","96",438,35,"",5,0,45.04,"2024","14:46","45.04"
"4049","96 438","96",438,35,"y",5,6,45.04,"2024","20:58","63.02"
"4050","96 438","96",438,35,"y",5,24,45.04,"2024","14:56","113.17"
"4051","95 439","95",439,35,"",5,0,61.71,"2024","14:47","61.71"
"4052","95 439","95",439,35,"y",5,6,61.71,"2024","20:59","94"
"4053","95 439","95",439,35,"y",5,24,61.71,"2024","14:57","184.72"
"4054","87 440","87",440,35,"",5,0,51.87,"2024","14:48","51.87"
"4055","87 440","87",440,35,"y",5,6,51.87,"2024","21:01","87.34"
"4056","87 440","87",440,35,"y",5,24,51.87,"2024","14:58","157.14"
"4057","87 441","87",441,35,"",5,0,54.53,"2024","14:49","54.53"
"4058","87 441","87",441,35,"y",5,6,54.53,"2024","21:02","91.35"
"4059","87 441","87",441,35,"y",5,24,54.53,"2024","14:59","178.18"
"4060","87 442","87",442,35,"",5,0,44.62,"2024","14:50","44.62"
"4061","87 442","87",442,35,"y",5,6,44.62,"2024","21:03","71.15"
"4062","87 442","87",442,35,"y",5,24,44.62,"2024","15:00","157.41"
"4063","89 443","89",443,40,"",5,0,35.56,"2024","14:53","35.56"
"4064","89 443","89",443,40,"y",5,6,35.56,"2024","21:05","43.39"
"4065","89 443","89",443,40,"y",5,24,35.56,"2024","15:04","60.38"
"4066","89 444","89",444,40,"",5,0,44.56,"2024","14:54","44.56"
"4067","89 444","89",444,40,"y",5,6,44.56,"2024","21:06","50.91"
"4068","89 444","89",444,40,"y",5,24,NA,"2024","15:04","dead"
"4069","89 445","89",445,40,"",5,0,63.87,"2024","14:55","63.87"
"4070","89 445","89",445,40,"y",5,6,63.87,"2024","21:07","72.45"
"4071","89 445","89",445,40,"y",5,24,63.87,"2024","15:05","70.85"
"4072","89 446","89",446,40,"",5,0,46.93,"2024","14:56","46.93"
"4073","89 446","89",446,40,"y",5,6,46.93,"2024","21:09","60.06"
"4074","89 446","89",446,40,"y",5,24,46.93,"2024","15:08","66.8"
"4075","96 447","96",447,40,"",5,0,44.65,"2024","14:57","44.65"
"4076","96 447","96",447,40,"y",5,6,44.65,"2024","21:10","55.43"
"4077","96 447","96",447,40,"y",5,24,NA,"2024","15:08","dead"
"4078","96 448","96",448,40,"",5,0,44.22,"2024","14:58","44.22"
"4079","96 448","96",448,40,"y",5,6,44.22,"2024","21:11","51.45"
"4080","96 448","96",448,40,"y",5,24,NA,"2024","15:10","dead"
"4081","89 450","89",450,40,"",5,0,48.29,"2024","14:59","48.29"
"4082","89 450","89",450,40,"y",5,6,48.29,"2024","21:12","62.68"
"4083","89 450","89",450,40,"y",5,24,48.29,"2024","15:11","75.96"
"4084","87 451","87",451,40,"",5,0,37.55,"2024","15:00","37.55"
"4085","87 451","87",451,40,"y",5,6,37.55,"2024","21:14","46.5"
"4086","87 451","87",451,40,"y",5,24,37.55,"2024","","43.16"
"4087","87 452","87",452,40,"",5,0,40.7,"2024","15:01","40.7"
"4088","87 452","87",452,40,"y",5,6,40.7,"2024","21:15","50.74"
"4089","87 452","87",452,40,"y",5,24,40.7,"2024","15:13","48.02"
"4090","89 453","89",453,41,"",5,0,49.52,"2024","15:03","49.52"
"4091","89 453","89",453,41,"y",5,6,49.52,"2024","21:17","52.52"
"4092","89 453","89",453,41,"y",5,24,NA,"2024","15:15","dead"
"4093","89 454","89",454,41,"",5,0,52.97,"2024","15:04","52.97"
"4094","89 454","89",454,41,"y",5,6,52.97,"2024","21:18","49.81"
"4095","89 454","89",454,41,"y",5,24,NA,"2024","15:16","dead"
"4096","89 455","89",455,41,"",5,0,52.31,"2024","15:05","52.31"
"4097","89 455","89",455,41,"y",5,6,52.31,"2024","21:19","57.34"
"4098","89 455","89",455,41,"y",5,24,NA,"2024","15:17","dead"
"4099","89 456","89",456,41,"",5,0,71.63,"2024","15:06","71.63"
"4100","89 456","89",456,41,"y",5,6,71.63,"2024","21:20","81.01"
"4101","89 456","89",456,41,"y",5,24,71.63,"2024","15:18","74.58"
"4102","93 457","93",457,41,"",5,0,43.52,"2024","15:07","43.52"
"4103","93 457","93",457,41,"y",5,6,43.52,"2024","21:21","38.2"
"4104","93 457","93",457,41,"y",5,24,NA,"2024","15:19","dead"
"4105","93 458","93",458,41,"",5,0,35.36,"2024","15:08","35.36"
"4106","93 458","93",458,41,"y",5,6,35.36,"2024","21:23","37.78"
"4107","93 458","93",458,41,"y",5,24,NA,"2024","15:20","dead"
"4108","97 459","97",459,41,"",5,0,43.2,"2024","15:09","43.2"
"4109","97 459","97",459,41,"y",5,6,43.2,"2024","21:24","48.28"
"4110","97 459","97",459,41,"y",5,24,NA,"2024","15:20","dead"
"4111","97 460","97",460,41,"",5,0,46.31,"2024","15:10","46.31"
"4112","97 460","97",460,41,"y",5,6,46.31,"2024","21:25","46.17"
"4113","97 460","97",460,41,"y",5,24,NA,"2024","15:21","dead"
"4114","93 461","93",461,41,"",5,0,55.81,"2024","15:11","55.81"
"4115","93 461","93",461,41,"y",5,6,55.81,"2024","21:26","55.58"
"4116","93 461","93",461,41,"y",5,24,NA,"2024","15:23","dead"
"4117","87 462","87",462,41,"",5,0,37.53,"2024","15:12","37.53"
"4118","87 462","87",462,41,"y",5,6,37.53,"2024","21:28","42.99"
"4119","87 462","87",462,41,"y",5,24,NA,"2024","15:24","dead"
"4120","87 463","87",463,41,"",5,0,37.08,"2024","15:13","37.08"
"4121","87 463","87",463,41,"y",5,6,37.08,"2024","21:30","37.51"
"4122","87 463","87",463,41,"y",5,24,NA,"2024","15:25","dead"
"4123","11.0.1","0",1,11,"y",4,NA,11.45,"1999","0","11.45"
"4124","11.0.1","0",1,11,"y",4,6,11.45,"1999","9.466666667","12.76"
"4125","11.0.1","0",1,11,"y",4,24,11.45,"1999","24.5","14.19"
"4126","11.0.1","0",1,11,"n",4,6,11.45,"1999","32.21666667","14.25"
"4127","11.0.1","0",1,11,"y",4,24,11.45,"1999","55.61666667","16.44"
"4128","11.0.1","0",1,11,"y",4,24,11.45,"1999","79.41666667","19.1"
"4129","11.0.2","0",2,11,"y",4,NA,9.53,"1999","0","9.53"
"4130","11.0.2","0",2,11,"y",4,6,9.53,"1999","9.466666667","9.97"
"4131","11.0.2","0",2,11,"y",4,24,9.53,"1999","24.5","12.31"
"4132","11.0.2","0",2,11,"y",4,6,9.53,"1999","32.21666667","13.16"
"4133","11.0.2","0",2,11,"y",4,24,9.53,"1999","55.61666667","15.61"
"4134","11.0.2","0",2,11,"y",4,24,9.53,"1999","79.41666667","18.04"
"4135","11.4.1","4",1,11,"y",4,NA,12.32,"1999","0","12.32"
"4136","11.4.1","4",1,11,"y",4,6,12.32,"1999","9.466666667","13.79"
"4137","11.4.1","4",1,11,"y",4,24,12.32,"1999","24.5","15.47"
"4138","11.4.1","4",1,11,"y",4,6,12.32,"1999","32.21666667","15.71"
"4139","11.4.1","4",1,11,"y",4,24,12.32,"1999","55.61666667","17.5"
"4140","11.4.1","4",1,11,"y",4,24,12.32,"1999","79.41666667","20.15"
"4141","11.4.11","4",11,11,"y",4,NA,10.42,"1999","0","10.42"
"4142","11.4.11","4",11,11,"y",4,6,10.42,"1999","9.466666667","12.17"
"4143","11.4.11","4",11,11,"y",4,24,10.42,"1999","24.5","15.05"
"4144","11.4.11","4",11,11,"y",4,6,10.42,"1999","32.21666667","15.35"
"4145","11.4.11","4",11,11,"y",4,24,10.42,"1999","55.61666667","17.1"
"4146","11.4.11","4",11,11,"y",4,24,10.42,"1999","79.41666667","21.63"
"4147","11.8.1","8",1,11,"y",4,NA,10.28,"1999","0","10.28"
"4148","11.8.1","8",1,11,"n",4,6,10.28,"1999","9.466666667","10.24"
"4149","11.8.1","8",1,11,"y",4,24,10.28,"1999","24.5","11.8"
"4150","11.8.1","8",1,11,"y",4,6,10.28,"1999","32.21666667","12.8"
"4151","11.8.1","8",1,11,"y",4,24,10.28,"1999","55.61666667","13.71"
"4152","11.8.1","8",1,11,"y",4,24,10.28,"1999","79.41666667","16.86"
"4153","11.21.1","21",1,11,"y",4,NA,9.87,"1999","0","9.87"
"4154","11.21.1","21",1,11,"y",4,6,9.87,"1999","9.466666667","10.86"
"4155","11.21.1","21",1,11,"y",4,24,9.87,"1999","24.5","13.36"
"4156","11.21.1","21",1,11,"y",4,6,9.87,"1999","32.21666667","13.8"
"4157","11.21.1","21",1,11,"y",4,24,9.87,"1999","55.61666667","15.49"
"4158","11.21.1","21",1,11,"y",4,24,9.87,"1999","79.41666667","17.71"
"4159","11.21.2","21",2,11,"y",4,NA,13.14,"1999","0","13.14"
"4160","11.21.2","21",2,11,"y",4,6,13.14,"1999","9.466666667","14.09"
"4161","11.21.2","21",2,11,"y",4,24,13.14,"1999","24.5","16.08"
"4162","11.21.2","21",2,11,"y",4,6,13.14,"1999","32.21666667","18.3"
"4163","11.21.2","21",2,11,"y",4,24,13.14,"1999","55.61666667","19.95"
"4164","11.21.2","21",2,11,"y",4,24,13.14,"1999","79.41666667","23.32"
"4165","11.21.3","21",3,11,"y",4,NA,11.22,"1999","0","11.22"
"4166","11.21.3","21",3,11,"y",4,6,11.22,"1999","9.466666667","13.03"
"4167","11.21.3","21",3,11,"y",4,24,11.22,"1999","24.5","16.49"
"4168","11.21.3","21",3,11,"y",4,6,11.22,"1999","32.21666667","17.28"
"4169","11.21.3","21",3,11,"y",4,24,11.22,"1999","55.61666667","20.23"
"4170","11.21.3","21",3,11,"y",4,24,11.22,"1999","79.41666667","22.07"
"4171","11.21.4","21",4,11,"y",4,NA,13.22,"1999","0","13.22"
"4172","11.21.4","21",4,11,"y",4,6,13.22,"1999","9.466666667","14.37"
"4173","11.21.4","21",4,11,"y",4,24,13.22,"1999","24.5","17.97"
"4174","11.21.4","21",4,11,"y",4,6,13.22,"1999","32.21666667","18.69"
"4175","11.21.4","21",4,11,"y",4,24,13.22,"1999","55.61666667","20.02"
"4176","11.21.4","21",4,11,"y",4,24,13.22,"1999","79.41666667","24.73"
"4177","11.21.5","21",5,11,"y",4,NA,15.32,"1999","0","15.32"
"4178","11.21.5","21",5,11,"y",4,6,15.32,"1999","9.466666667","17.83"
"4179","11.21.5","21",5,11,"y",4,24,15.32,"1999","24.5","19.07"
"4180","11.21.5","21",5,11,"y",4,6,15.32,"1999","32.21666667","21.6"
"4181","11.21.5","21",5,11,"y",4,24,15.32,"1999","55.61666667","22.05"
"4182","11.21.5","21",5,11,"y",4,24,15.32,"1999","79.41666667","25.25"
"4183","11.21.6","21",6,11,"y",4,NA,13.77,"1999","0","13.77"
"4184","11.21.6","21",6,11,"y",4,6,13.77,"1999","9.466666667","16.23"
"4185","11.21.6","21",6,11,"y",4,24,13.77,"1999","24.5","17.9"
"4186","11.21.6","21",6,11,"y",4,6,13.77,"1999","32.21666667","19.97"
"4187","11.21.6","21",6,11,"y",4,24,13.77,"1999","55.61666667","20.09"
"4188","11.21.6","21",6,11,"y",4,24,13.77,"1999","79.41666667","23.04"
"4189","11.21.181","21",181,11,"y",4,NA,11.44,"1999","0","11.44"
"4190","11.21.181","21",181,11,"y",4,6,11.44,"1999","9.466666667","12.65"
"4191","11.21.181","21",181,11,"y",4,24,11.44,"1999","24.5","14.07"
"4192","11.21.181","21",181,11,"y",4,6,11.44,"1999","32.21666667","15.29"
"4193","11.21.181","21",181,11,"y",4,24,11.44,"1999","55.61666667","18.52"
"4194","11.21.181","21",181,11,"y",4,24,11.44,"1999","79.41666667","22.05"
"4195","11.21.182","21",182,11,"y",4,NA,11.07,"1999","0","11.07"
"4196","11.21.182","21",182,11,"y",4,6,11.07,"1999","9.466666667","11.78"
"4197","11.21.182","21",182,11,"y",4,24,11.07,"1999","24.5","14.29"
"4198","11.21.182","21",182,11,"y",4,6,11.07,"1999","32.21666667","15.3"
"4199","11.21.182","21",182,11,"y",4,24,11.07,"1999","55.61666667","18.29"
"4200","11.21.182","21",182,11,"y",4,24,11.07,"1999","79.41666667","20.82"
"4201","11.21.183","21",183,11,"y",4,NA,10.42,"1999","0","10.42"
"4202","11.21.183","21",183,11,"y",4,6,10.42,"1999","9.466666667","11.57"
"4203","11.21.183","21",183,11,"n",4,24,10.42,"1999","24.5","11.13"
"4204","11.21.183","21",183,11,"n",4,6,10.42,"1999","32.21666667","11.13"
"4205","11.21.183","21",183,11,"n",4,24,10.42,"1999","55.61666667","11.25"
"4206","11.21.183","21",183,11,"n",4,24,10.42,"1999","79.41666667","11.06"
"4207","11.21.184","21",184,11,"y",4,NA,8.52,"1999","0","8.52"
"4208","11.21.184","21",184,11,"y",4,6,8.52,"1999","9.466666667","8.89"
"4209","11.21.184","21",184,11,"y",4,24,8.52,"1999","24.5","10.07"
"4210","11.21.184","21",184,11,"y",4,6,8.52,"1999","32.21666667","10.78"
"4211","11.21.184","21",184,11,"y",4,24,8.52,"1999","55.61666667","12.78"
"4212","11.21.184","21",184,11,"y",4,24,8.52,"1999","79.41666667","13.83"
"4213","11.23.9","23",9,11,"y",4,NA,10.96,"1999","0","10.96"
"4214","11.23.9","23",9,11,"n",4,6,10.96,"1999","9.466666667","11.19"
"4215","11.23.9","23",9,11,"n",4,24,10.96,"1999","24.5","11.15"
"4216","11.23.9","23",9,11,"n",4,6,10.96,"1999","32.21666667","11.07"
"4217","11.23.9","23",9,11,"y",4,24,10.96,"1999","55.61666667","11.46"
"4218","11.23.9","23",9,11,"y",4,24,10.96,"1999","79.41666667","14.51"
"4219","11.25.161","25",161,11,"y",4,NA,15.85,"1999","0","15.85"
"4220","11.25.161","25",161,11,"y",4,6,15.85,"1999","9.466666667","18.93"
"4221","11.25.161","25",161,11,"y",4,24,15.85,"1999","24.5","20.21"
"4222","11.25.161","25",161,11,"y",4,6,15.85,"1999","32.21666667","20.63"
"4223","11.25.161","25",161,11,"y",4,24,15.85,"1999","55.61666667","23.53"
"4224","11.25.161","25",161,11,"y",4,24,15.85,"1999","79.41666667","28.43"
"4225","11.25.162","25",162,11,"y",4,NA,14.3,"1999","0","14.3"
"4226","11.25.162","25",162,11,"y",4,6,14.3,"1999","9.466666667","14.92"
"4227","11.25.162","25",162,11,"y",4,24,14.3,"1999","24.5","16.68"
"4228","11.25.162","25",162,11,"y",4,6,14.3,"1999","32.21666667","18.46"
"4229","11.25.162","25",162,11,"y",4,24,14.3,"1999","55.61666667","22.59"
"4230","11.25.162","25",162,11,"y",4,24,14.3,"1999","79.41666667","25.03"
"4231","11.25.163","25",163,11,"y",4,NA,10.54,"1999","0","10.54"
"4232","11.25.163","25",163,11,"n",4,6,10.54,"1999","9.466666667","10.71"
"4233","11.25.163","25",163,11,"n",4,24,10.54,"1999","24.5","9.9"
"4234","11.25.163","25",163,11,"y",4,6,10.54,"1999","32.21666667","10.68"
"4235","11.25.163","25",163,11,"y",4,24,10.54,"1999","55.61666667","11.84"
"4236","11.25.163","25",163,11,"y",4,24,10.54,"1999","79.41666667","14.04"
"4237","11.25.164","25",164,11,"y",4,NA,17.53,"1999","0","17.53"
"4238","11.25.164","25",164,11,"n",4,6,17.53,"1999","9.466666667","17.14"
"4239","11.25.164","25",164,11,"n",4,24,17.53,"1999","24.5","17.04"
"4240","11.25.164","25",164,11,"n",4,6,17.53,"1999","32.21666667","16.73"
"4241","11.25.164","25",164,11,"y",4,24,17.53,"1999","55.61666667","16.93"
"4242","11.25.164","25",164,11,"y",4,24,17.53,"1999","79.41666667","19.71"
"4243","11.25.165","25",165,11,"y",4,NA,13.06,"1999","0","13.06"
"4244","11.25.165","25",165,11,"n",4,6,13.06,"1999","9.466666667","12.83"
"4245","11.25.165","25",165,11,"y",4,24,13.06,"1999","24.5","15.05"
"4246","11.25.165","25",165,11,"y",4,6,13.06,"1999","32.21666667","15.85"
"4247","11.25.165","25",165,11,"y",4,24,13.06,"1999","55.61666667","17.54"
"4248","11.25.165","25",165,11,"y",4,24,13.06,"1999","79.41666667","19.73"
"4249","17.4.10","4",10,17,"y",4,NA,13.43,"1999","0","13.43"
"4250","17.4.10","4",10,17,"y",4,6,13.43,"1999","6.55","14.29"
"4251","17.4.10","4",10,17,"y",4,24,13.43,"1999","22.16666667","22.38"
"4252","17.4.10","4",10,17,"y",4,6,13.43,"1999","28.91666667","27.81"
"4253","17.4.10","4",10,17,"y",4,24,13.43,"1999","52.08333333","48.83"
"4254","17.4.10","4",10,17,"n",4,24,13.43,"1999","77.86666667","45.42"
"4255","17.5.1","5",1,17,"y",4,NA,10.14,"1999","0","10.14"
"4256","17.5.1","5",1,17,"y",4,6,10.14,"1999","6.55","12.01"
"4257","17.5.1","5",1,17,"y",4,24,10.14,"1999","22.16666667","16.46"
"4258","17.5.1","5",1,17,"y",4,6,10.14,"1999","28.91666667","20.14"
"4259","17.5.1","5",1,17,"y",4,24,10.14,"1999","52.08333333","32.85"
"4260","17.5.1","5",1,17,"n",4,24,10.14,"1999","77.86666667","46.41"
"4261","17.7.15","7",15,17,"y",4,NA,13.2,"1999","0","13.2"
"4262","17.7.15","7",15,17,"y",4,6,13.2,"1999","6.55","16.66"
"4263","17.7.15","7",15,17,"y",4,24,13.2,"1999","22.16666667","24.45"
"4264","17.7.15","7",15,17,"y",4,6,13.2,"1999","28.91666667","27.81"
"4265","17.7.15","7",15,17,"y",4,24,13.2,"1999","52.08333333","57.8"
"4266","17.7.15","7",15,17,"n",4,24,13.2,"1999","77.86666667","52.63"
"4267","17.9.11","9",11,17,"y",4,NA,13.61,"1999","0","13.61"
"4268","17.9.11","9",11,17,"y",4,6,13.61,"1999","6.55","16.67"
"4269","17.9.11","9",11,17,"y",4,24,13.61,"1999","22.16666667","25.41"
"4270","17.9.11","9",11,17,"y",4,6,13.61,"1999","28.91666667","28.15"
"4271","17.9.11","9",11,17,"y",4,24,13.61,"1999","52.08333333","37.11"
"4272","17.9.11","9",11,17,"n",4,24,13.61,"1999","77.86666667","35.83"
"4273","17.9.12","9",12,17,"y",4,NA,11.29,"1999","0","11.29"
"4274","17.9.12","9",12,17,"y",4,6,11.29,"1999","6.55","11.84"
"4275","17.9.12","9",12,17,"y",4,24,11.29,"1999","22.16666667","17.34"
"4276","17.9.12","9",12,17,"y",4,6,11.29,"1999","28.91666667","20.31"
"4277","17.9.12","9",12,17,"y",4,24,11.29,"1999","52.08333333","34.7"
"4278","17.9.12","9",12,17,"n",4,24,11.29,"1999","77.86666667","40.54"
"4279","17.9.14","9",14,17,"y",4,NA,13.62,"1999","0","13.62"
"4280","17.9.14","9",14,17,"y",4,6,13.62,"1999","6.55","14.69"
"4281","17.9.14","9",14,17,"y",4,24,13.62,"1999","22.16666667","22.37"
"4282","17.9.14","9",14,17,"y",4,6,13.62,"1999","28.91666667","27.18"
"4283","17.9.14","9",14,17,"y",4,24,13.62,"1999","52.08333333","42.97"
"4284","17.9.14","9",14,17,"n",4,24,13.62,"1999","77.86666667","40.48"
"4285","17.17.8","17",8,17,"y",4,NA,11.83,"1999","0","11.83"
"4286","17.17.8","17",8,17,"y",4,6,11.83,"1999","6.55","12.84"
"4287","17.17.8","17",8,17,"y",4,24,11.83,"1999","22.16666667","18.21"
"4288","17.17.8","17",8,17,"y",4,6,11.83,"1999","28.91666667","18.43"
"4289","17.17.8","17",8,17,"y",4,24,11.83,"1999","52.08333333","29.76"
"4290","17.17.8","17",8,17,"n",4,24,11.83,"1999","77.86666667","36.19"
"4291","17.17.9","17",9,17,"y",4,NA,12.85,"1999","0","12.85"
"4292","17.17.9","17",9,17,"y",4,6,12.85,"1999","6.55","15.22"
"4293","17.17.9","17",9,17,"y",4,24,12.85,"1999","22.16666667","23.73"
"4294","17.17.9","17",9,17,"y",4,6,12.85,"1999","28.91666667","26.45"
"4295","17.17.9","17",9,17,"y",4,24,12.85,"1999","52.08333333","47.4"
"4296","17.17.9","17",9,17,"n",4,24,12.85,"1999","77.86666667","43.83"
"4297","17.21.4","21",4,17,"y",4,NA,15.62,"1999","0","15.62"
"4298","17.21.4","21",4,17,"y",4,6,15.62,"1999","6.55","19.16"
"4299","17.21.4","21",4,17,"y",4,24,15.62,"1999","22.16666667","27.01"
"4300","17.21.4","21",4,17,"y",4,6,15.62,"1999","28.91666667","31.26"
"4301","17.21.4","21",4,17,"y",4,24,15.62,"1999","52.08333333","54.27"
"4302","17.21.4","21",4,17,"n",4,24,15.62,"1999","77.86666667","49.12"
"4303","17.22.13","22",13,17,"y",4,NA,13.21,"1999","0","13.21"
"4304","17.22.13","22",13,17,"y",4,6,13.21,"1999","6.55","16.64"
"4305","17.22.13","22",13,17,"y",4,24,13.21,"1999","22.16666667","24.63"
"4306","17.22.13","22",13,17,"y",4,6,13.21,"1999","28.91666667","30.34"
"4307","17.22.13","22",13,17,"y",4,24,13.21,"1999","52.08333333","40.43"
"4308","17.22.13","22",13,17,"n",4,24,13.21,"1999","77.86666667","37.88"
"4309","17.25.3","25",3,17,"y",4,NA,11.85,"1999","0","11.85"
"4310","17.25.3","25",3,17,"y",4,6,11.85,"1999","6.55","11.5"
"4311","17.25.3","25",3,17,"y",4,24,11.85,"1999","22.16666667","19.64"
"4312","17.25.3","25",3,17,"y",4,6,11.85,"1999","28.91666667","23.45"
"4313","17.25.3","25",3,17,"y",4,24,11.85,"1999","52.08333333","42.57"
"4314","17.25.3","25",3,17,"n",4,24,11.85,"1999","77.86666667","43.4"
"4315","17.26.2","26",2,17,"y",4,NA,14.39,"1999","0","14.39"
"4316","17.26.2","26",2,17,"y",4,6,14.39,"1999","6.55","14.78"
"4317","17.26.2","26",2,17,"y",4,24,14.39,"1999","22.16666667","21.06"
"4318","17.26.2","26",2,17,"y",4,6,14.39,"1999","28.91666667","25.22"
"4319","17.26.2","26",2,17,"y",4,24,14.39,"1999","52.08333333","38.7"
"4320","17.26.2","26",2,17,"n",4,24,14.39,"1999","77.86666667","46.31"
"4321","17.28.5","28",5,17,"y",4,NA,15.54,"1999","0","15.54"
"4322","17.28.5","28",5,17,"y",4,6,15.54,"1999","6.55","17.42"
"4323","17.28.5","28",5,17,"y",4,24,15.54,"1999","22.16666667","24.65"
"4324","17.28.5","28",5,17,"y",4,6,15.54,"1999","28.91666667","29.69"
"4325","17.28.5","28",5,17,"y",4,24,15.54,"1999","52.08333333","45.74"
"4326","17.28.5","28",5,17,"n",4,24,15.54,"1999","77.86666667","45.38"
"4327","17.28.6","28",6,17,"y",4,NA,14.25,"1999","0","14.25"
"4328","17.28.6","28",6,17,"y",4,6,14.25,"1999","6.55","15.12"
"4329","17.28.6","28",6,17,"y",4,24,14.25,"1999","22.16666667","24.26"
"4330","17.28.6","28",6,17,"y",4,6,14.25,"1999","28.91666667","27.61"
"4331","17.28.6","28",6,17,"y",4,24,14.25,"1999","52.08333333","48.74"
"4332","17.28.6","28",6,17,"n",4,24,14.25,"1999","77.86666667","45.57"
"4333","23.1.8","1",8,23,"y",4,NA,17.71,"1999","0","17.71"
"4334","23.1.8","1",8,23,"y",4,6,17.71,"1999","6.016666667","23.56"
"4335","23.1.8","1",8,23,"y",4,24,17.71,"1999","22.35","48.76"
"4336","23.1.8","1",8,23,"n",4,6,17.71,"1999","29.05","42.8"
"4337","23.1.8","1",8,23,"y",4,24,17.71,"1999","52.26666667","70.73"
"4338","23.1.8","1",8,23,"y",4,24,17.71,"1999","83.23333333","162.1"
"4339","23.4.11","4",11,23,"y",4,NA,11.42,"1999","0","11.42"
"4340","23.4.11","4",11,23,"y",4,6,11.42,"1999","6.016666667","14.28"
"4341","23.4.11","4",11,23,"y",4,24,11.42,"1999","22.35","24.75"
"4342","23.4.11","4",11,23,"y",4,6,11.42,"1999","29.05","30.55"
"4343","23.4.11","4",11,23,"y",4,24,11.42,"1999","52.26666667","37.64"
"4344","23.4.11","4",11,23,"y",4,24,11.42,"1999","83.23333333","85.68"
"4345","23.7.15","7",15,23,"y",4,NA,14.19,"1999","0","14.19"
"4346","23.7.15","7",15,23,"y",4,6,14.19,"1999","6.016666667","17.84"
"4347","23.7.15","7",15,23,"y",4,24,14.19,"1999","22.35","33.77"
"4348","23.7.15","7",15,23,"y",4,6,14.19,"1999","29.05","49.49"
"4349","23.7.15","7",15,23,"n",4,24,14.19,"1999","52.26666667","42.21"
"4350","23.7.15","7",15,23,"y",4,24,14.19,"1999","83.23333333","124.86"
"4351","23.9.12","9",12,23,"y",4,NA,11.03,"1999","0","11.03"
"4352","23.9.12","9",12,23,"y",4,6,11.03,"1999","6.016666667","14.39"
"4353","23.9.12","9",12,23,"y",4,24,11.03,"1999","22.35","28.98"
"4354","23.9.12","9",12,23,"y",4,6,11.03,"1999","29.05","42.87"
"4355","23.9.12","9",12,23,"y",4,24,11.03,"1999","52.26666667","45.19"
"4356","23.9.12","9",12,23,"y",4,24,11.03,"1999","83.23333333","155.52"
"4357","23.17.9","17",9,23,"y",4,NA,13.22,"1999","0","13.22"
"4358","23.17.9","17",9,23,"y",4,6,13.22,"1999","6.016666667","15.72"
"4359","23.17.9","17",9,23,"y",4,24,13.22,"1999","22.35","36.36"
"4360","23.17.9","17",9,23,"y",4,6,13.22,"1999","29.05","50.04"
"4361","23.17.9","17",9,23,"y",4,24,13.22,"1999","52.26666667","57.4"
"4362","23.17.9","17",9,23,"y",4,24,13.22,"1999","83.23333333","172.55"
"4363","23.21.4","21",4,23,"y",4,NA,16.32,"1999","0","16.32"
"4364","23.21.4","21",4,23,"y",4,6,16.32,"1999","6.016666667","20.96"
"4365","23.21.4","21",4,23,"n",4,24,16.32,"1999","22.35","19.04"
"4366","23.21.4","21",4,23,"n",4,6,16.32,"1999","29.05","18.02"
"4367","23.21.4","21",4,23,"n",4,24,16.32,"1999","52.26666667","16.79"
"4368","23.21.4","21",4,23,"n",4,24,16.32,"1999","83.23333333","15.42"
"4369","23.21.6","21",6,23,"y",4,NA,15.31,"1999","0","15.31"
"4370","23.21.6","21",6,23,"y",4,6,15.31,"1999","6.016666667","19.99"
"4371","23.21.6","21",6,23,"y",4,24,15.31,"1999","22.35","47.08"
"4372","23.21.6","21",6,23,"n",4,6,15.31,"1999","29.05","48.37"
"4373","23.21.6","21",6,23,"y",4,24,15.31,"1999","52.26666667","77.56"
"4374","23.21.6","21",6,23,"y",4,24,15.31,"1999","83.23333333","233.81"
"4375","23.22.13","22",13,23,"y",4,NA,10.64,"1999","0","10.64"
"4376","23.22.13","22",13,23,"y",4,6,10.64,"1999","6.016666667","13.97"
"4377","23.22.13","22",13,23,"y",4,24,10.64,"1999","22.35","32.52"
"4378","23.22.13","22",13,23,"y",4,6,10.64,"1999","29.05","42.72"
"4379","23.22.13","22",13,23,"y",4,24,10.64,"1999","52.26666667","50.32"
"4380","23.22.13","22",13,23,"y",4,24,10.64,"1999","83.23333333","150.56"
"4381","23.22.14","22",14,23,"y",4,NA,12.26,"1999","0","12.26"
"4382","23.22.14","22",14,23,"y",4,6,12.26,"1999","6.016666667","16"
"4383","23.22.14","22",14,23,"y",4,24,12.26,"1999","22.35","37.19"
"4384","23.22.14","22",14,23,"y",4,6,12.26,"1999","29.05","39.9"
"4385","23.22.14","22",14,23,"y",4,24,12.26,"1999","52.26666667","46.44"
"4386","23.22.14","22",14,23,"y",4,24,12.26,"1999","83.23333333","132.61"
"4387","23.25.2","25",2,23,"y",4,NA,15.63,"1999","0","15.63"
"4388","23.25.2","25",2,23,"y",4,6,15.63,"1999","6.016666667","21.57"
"4389","23.25.2","25",2,23,"y",4,24,15.63,"1999","22.35","45.42"
"4390","23.25.2","25",2,23,"y",4,6,15.63,"1999","29.05","52.97"
"4391","23.25.2","25",2,23,"y",4,24,15.63,"1999","52.26666667","73.3"
"4392","23.25.2","25",2,23,"y",4,24,15.63,"1999","83.23333333","166.58"
"4393","23.25.3","25",3,23,"y",4,NA,15.95,"1999","0","15.95"
"4394","23.25.3","25",3,23,"y",4,6,15.95,"1999","6.016666667","20.7"
"4395","23.25.3","25",3,23,"y",4,24,15.95,"1999","22.35","46.28"
"4396","23.25.3","25",3,23,"n",4,6,15.95,"1999","29.05","49.64"
"4397","23.25.3","25",3,23,"y",4,24,15.95,"1999","52.26666667","76"
"4398","23.25.3","25",3,23,"y",4,24,15.95,"1999","83.23333333","197.07"
"4399","23.26.1","26",1,23,"y",4,NA,17.27,"1999","0","17.27"
"4400","23.26.1","26",1,23,"y",4,6,17.27,"1999","6.016666667","23.45"
"4401","23.26.1","26",1,23,"y",4,24,17.27,"1999","22.35","47.19"
"4402","23.26.1","26",1,23,"n",4,6,17.27,"1999","29.05","46.74"
"4403","23.26.1","26",1,23,"y",4,24,17.27,"1999","52.26666667","65.63"
"4404","23.26.1","26",1,23,"n",4,24,NA,"1999","83.23333333",NA
"4405","23.28.5","28",5,23,"y",4,NA,16.48,"1999","0","16.48"
"4406","23.28.5","28",5,23,"y",4,6,16.48,"1999","6.016666667","22.74"
"4407","23.28.5","28",5,23,"y",4,24,16.48,"1999","22.35","48.88"
"4408","23.28.5","28",5,23,"n",4,6,16.48,"1999","29.05","46.43"
"4409","23.28.5","28",5,23,"y",4,24,16.48,"1999","52.26666667","71.78"
"4410","23.28.5","28",5,23,"y",4,24,16.48,"1999","83.23333333","205.86"
"4411","23.28.7","28",7,23,"y",4,NA,15.54,"1999","0","15.54"
"4412","23.28.7","28",7,23,"y",4,6,15.54,"1999","6.016666667","19.98"
"4413","23.28.7","28",7,23,"y",4,24,15.54,"1999","22.35","41.63"
"4414","23.28.7","28",7,23,"y",4,6,15.54,"1999","29.05","54.04"
"4415","23.28.7","28",7,23,"n",4,24,15.54,"1999","52.26666667","52.49"
"4416","23.28.7","28",7,23,"y",4,24,15.54,"1999","83.23333333","185.88"
"4417","29.7.11","7",11,29,"y",4,NA,8.83,"1999","0","8.83"
"4418","29.7.11","7",11,29,"y",4,6,8.83,"1999","6.1","11.1"
"4419","29.7.11","7",11,29,"y",4,24,8.83,"1999","21.9","13.77"
"4420","29.7.11","7",11,29,"y",4,6,8.83,"1999","28.58333333","17.33"
"4421","29.7.11","7",11,29,"y",4,24,8.83,"1999","51.83333333","56.85"
"4422","29.7.11","7",11,29,"y",4,24,8.83,"1999","81.88333333","87.09"
"4423","29.7.12","7",12,29,"y",4,NA,13.56,"1999","0","13.56"
"4424","29.7.12","7",12,29,"y",4,6,13.56,"1999","6.1","17.62"
"4425","29.7.12","7",12,29,"y",4,24,13.56,"1999","21.9","53.94"
"4426","29.7.12","7",12,29,"n",4,6,13.56,"1999","28.58333333","51.49"
"4427","29.7.12","7",12,29,"y",4,24,13.56,"1999","51.83333333","119.73"
"4428","29.7.12","7",12,29,"y",4,24,13.56,"1999","81.88333333","166.09"
"4429","29.9.5","9",5,29,"y",4,NA,14.7,"1999","0","14.7"
"4430","29.9.5","9",5,29,"y",4,6,14.7,"1999","6.1","20.24"
"4431","29.9.5","9",5,29,"y",4,24,14.7,"1999","21.9","39.33"
"4432","29.9.5","9",5,29,"n",4,6,14.7,"1999","28.58333333","39.26"
"4433","29.9.5","9",5,29,"y",4,24,14.7,"1999","51.83333333","135.15"
"4434","29.9.5","9",5,29,"y",4,24,14.7,"1999","81.88333333","152.9"
"4435","29.9.6","9",6,29,"y",4,NA,15.09,"1999","0","15.09"
"4436","29.9.6","9",6,29,"y",4,6,15.09,"1999","6.1","20.73"
"4437","29.9.6","9",6,29,"y",4,24,15.09,"1999","21.9","38.87"
"4438","29.9.6","9",6,29,"n",4,6,15.09,"1999","28.58333333","36.93"
"4439","29.9.6","9",6,29,"y",4,24,15.09,"1999","51.83333333","90.84"
"4440","29.9.6","9",6,29,"y",4,24,15.09,"1999","81.88333333","170.22"
"4441","29.9.7","9",7,29,"y",4,NA,13.69,"1999","0","13.69"
"4442","29.9.7","9",7,29,"y",4,6,13.69,"1999","6.1","17.84"
"4443","29.9.7","9",7,29,"y",4,24,13.69,"1999","21.9","46.41"
"4444","29.9.7","9",7,29,"n",4,6,13.69,"1999","28.58333333","44.54"
"4445","29.9.7","9",7,29,"y",4,24,13.69,"1999","51.83333333","94.71"
"4446","29.9.7","9",7,29,"y",4,24,13.69,"1999","81.88333333","191.86"
"4447","29.9.8","9",8,29,"y",4,NA,14.15,"1999","0","14.15"
"4448","29.9.8","9",8,29,"y",4,6,14.15,"1999","6.1","20.67"
"4449","29.9.8","9",8,29,"y",4,24,14.15,"1999","21.9","41.58"
"4450","29.9.8","9",8,29,"n",4,6,14.15,"1999","28.58333333","41.52"
"4451","29.9.8","9",8,29,"y",4,24,14.15,"1999","51.83333333","135.55"
"4452","29.9.8","9",8,29,"y",4,24,14.15,"1999","81.88333333","171.31"
"4453","29.9.9","9",9,29,"y",4,NA,15.92,"1999","0","15.92"
"4454","29.9.9","9",9,29,"y",4,6,15.92,"1999","6.1","23.25"
"4455","29.9.9","9",9,29,"y",4,24,15.92,"1999","21.9","47.37"
"4456","29.9.9","9",9,29,"n",4,6,15.92,"1999","28.58333333","47.28"
"4457","29.9.9","9",9,29,"y",4,24,15.92,"1999","51.83333333","118.5"
"4458","29.9.9","9",9,29,"y",4,24,15.92,"1999","81.88333333","155.34"
"4459","29.9.10","9",10,29,"y",4,NA,15.25,"1999","0","15.25"
"4460","29.9.10","9",10,29,"y",4,6,15.25,"1999","6.1","22.63"
"4461","29.9.10","9",10,29,"y",4,24,15.25,"1999","21.9","38.96"
"4462","29.9.10","9",10,29,"n",4,6,15.25,"1999","28.58333333","38.66"
"4463","29.9.10","9",10,29,"y",4,24,15.25,"1999","51.83333333","117.41"
"4464","29.9.10","9",10,29,"y",4,24,15.25,"1999","81.88333333","147.15"
"4465","29.14.1","14",1,29,"y",4,NA,12.22,"1999","0","12.22"
"4466","29.14.15","14",15,29,"y",4,NA,15.61,"1999","0","15.61"
"4467","29.14.15","14",15,29,"y",4,6,15.61,"1999","6.1","22.08"
"4468","29.14.15","14",15,29,"y",4,24,15.61,"1999","21.9","51.53"
"4469","29.14.15","14",15,29,"n",4,6,15.61,"1999","28.58333333","48.43"
"4470","29.14.15","14",15,29,"y",4,24,15.61,"1999","51.83333333","132.09"
"4471","29.14.15","14",15,29,"y",4,24,15.61,"1999","81.88333333","203.47"
"4472","29.18.4","18",4,29,"y",4,NA,16.11,"1999","0","16.11"
"4473","29.18.4","18",4,29,"y",4,6,16.11,"1999","6.1","24.65"
"4474","29.18.4","18",4,29,"y",4,24,16.11,"1999","21.9","45.15"
"4475","29.18.4","18",4,29,"n",4,6,16.11,"1999","28.58333333","42.3"
"4476","29.18.4","18",4,29,"y",4,24,16.11,"1999","51.83333333","116.63"
"4477","29.18.4","18",4,29,"y",4,24,16.11,"1999","81.88333333","149.88"
"4478","29.23.2","23",2,29,"y",4,NA,13.6,"1999","0","13.6"
"4479","29.23.2","23",2,29,"y",4,6,13.6,"1999","6.1","20.45"
"4480","29.23.2","23",2,29,"y",4,24,13.6,"1999","21.9","42.47"
"4481","29.23.2","23",2,29,"n",4,6,13.6,"1999","28.58333333","42.06"
"4482","29.23.2","23",2,29,"y",4,24,13.6,"1999","51.83333333","93.26"
"4483","29.23.2","23",2,29,"y",4,24,13.6,"1999","81.88333333","149.31"
"4484","29.27.14","27",14,29,"y",4,NA,13.5,"1999","0","13.5"
"4485","29.27.14","27",14,29,"y",4,6,13.5,"1999","6.1","17.64"
"4486","29.27.14","27",14,29,"y",4,24,13.5,"1999","21.9","40.97"
"4487","29.27.14","27",14,29,"n",4,6,13.5,"1999","28.58333333","43.07"
"4488","29.27.14","27",14,29,"y",4,24,13.5,"1999","51.83333333","100.92"
"4489","29.27.14","27",14,29,"y",4,24,13.5,"1999","81.88333333","149.3"
"4490","35.2.11","2",11,35,"y",4,NA,10.15,"1999","0","10.15"
"4491","35.2.11","2",11,35,"y",4,6,10.15,"1999","5.283333333","15.92"
"4492","35.2.11","2",11,35,"y",4,24,10.15,"1999","22.95","48.76"
"4493","35.2.11","2",11,35,"y",4,6,10.15,"1999","28.73333333","62.17"
"4494","35.2.11","2",11,35,"y",4,24,10.15,"1999","53.73333333","90.48"
"4495","35.2.11","2",11,35,"y",4,24,10.15,"1999","79.38333333","121.49"
"4496","35.4.7","4",7,35,"y",4,NA,11.52,"1999","0","11.52"
"4497","35.4.7","4",7,35,"y",4,6,11.52,"1999","5.283333333","18.73"
"4498","35.4.7","4",7,35,"y",4,24,11.52,"1999","22.95","35.39"
"4499","35.4.7","4",7,35,"y",4,6,11.52,"1999","28.73333333","41.1"
"4500","35.4.7","4",7,35,"n",4,24,11.52,"1999","53.73333333","48.2"
"4501","35.4.7","4",7,35,"y",4,24,11.52,"1999","79.38333333","35.59"
"4502","35.7.6","7",6,35,"y",4,NA,14.74,"1999","0","14.74"
"4503","35.7.6","7",6,35,"y",4,6,14.74,"1999","5.283333333","20.31"
"4504","35.7.6","7",6,35,"y",4,24,14.74,"1999","22.95","45.55"
"4505","35.7.6","7",6,35,"y",4,6,14.74,"1999","28.73333333","54.5"
"4506","35.7.6","7",6,35,"n",4,24,14.74,"1999","53.73333333","53.6"
"4507","35.7.6","7",6,35,"y",4,24,14.74,"1999","79.38333333","46.24"
"4508","35.7.13","7",13,35,"y",4,NA,14.12,"1999","0","14.12"
"4509","35.7.13","7",13,35,"y",4,6,14.12,"1999","5.283333333","17.25"
"4510","35.7.13","7",13,35,"y",4,24,14.12,"1999","22.95","37.21"
"4511","35.7.13","7",13,35,"y",4,6,14.12,"1999","28.73333333","41.32"
"4512","35.7.13","7",13,35,"n",4,24,14.12,"1999","53.73333333","50.01"
"4513","35.7.13","7",13,35,"y",4,24,14.12,"1999","79.38333333","45.5"
"4514","35.7.14","7",14,35,"y",4,NA,13.52,"1999","0","13.52"
"4515","35.7.14","7",14,35,"y",4,6,13.52,"1999","5.283333333","20.65"
"4516","35.7.14","7",14,35,"y",4,24,13.52,"1999","22.95","44.55"
"4517","35.7.14","7",14,35,"y",4,6,13.52,"1999","28.73333333","55.15"
"4518","35.7.14","7",14,35,"y",4,24,13.52,"1999","53.73333333","41.5"
"4519","35.7.14","7",14,35,"y",4,24,13.52,"1999","79.38333333","41.62"
"4520","35.9.2","9",2,35,"y",4,NA,13.25,"1999","0","13.25"
"4521","35.9.2","9",2,35,"y",4,6,13.25,"1999","5.283333333","17.23"
"4522","35.9.2","9",2,35,"y",4,24,13.25,"1999","22.95","42.25"
"4523","35.9.2","9",2,35,"y",4,6,13.25,"1999","28.73333333","45.46"
"4524","35.9.2","9",2,35,"y",4,24,13.25,"1999","53.73333333","23.5"
"4525","35.9.2","9",2,35,"n",4,24,13.25,"1999","79.38333333","16.94"
"4526","35.16.12","16",12,35,"y",4,NA,13.08,"1999","0","13.08"
"4527","35.16.12","16",12,35,"y",4,6,13.08,"1999","5.283333333","19.33"
"4528","35.16.12","16",12,35,"y",4,24,13.08,"1999","22.95","53.18"
"4529","35.16.12","16",12,35,"y",4,6,13.08,"1999","28.73333333","63.05"
"4530","35.16.12","16",12,35,"y",4,24,13.08,"1999","53.73333333","76.52"
"4531","35.16.12","16",12,35,"y",4,24,13.08,"1999","79.38333333","178.22"
"4532","35.18.8","18",8,35,"y",4,NA,11.26,"1999","0","11.26"
"4533","35.18.8","18",8,35,"y",4,6,11.26,"1999","5.283333333","17.84"
"4534","35.18.8","18",8,35,"y",4,24,11.26,"1999","22.95","47.31"
"4535","35.18.8","18",8,35,"y",4,6,11.26,"1999","28.73333333","53.79"
"4536","35.18.8","18",8,35,"y",4,24,11.26,"1999","53.73333333","70.87"
"4537","35.18.8","18",8,35,"y",4,24,11.26,"1999","79.38333333","155.84"
"4538","35.18.15","18",15,35,"y",4,NA,10.84,"1999","0","10.84"
"4539","35.18.15","18",15,35,"y",4,6,10.84,"1999","5.283333333","15.64"
"4540","35.18.15","18",15,35,"y",4,24,10.84,"1999","22.95","48.16"
"4541","35.18.15","18",15,35,"n",4,6,10.84,"1999","28.73333333","48.91"
"4542","35.18.15","18",15,35,"y",4,24,10.84,"1999","53.73333333","106.42"
"4543","35.18.15","18",15,35,"y",4,24,10.84,"1999","79.38333333","155.4"
"4544","35.19.4","19",4,35,"y",4,NA,10.77,"1999","0","10.77"
"4545","35.19.4","19",4,35,"y",4,6,10.77,"1999","5.283333333","17.45"
"4546","35.19.4","19",4,35,"y",4,24,10.77,"1999","22.95","42.74"
"4547","35.19.4","19",4,35,"y",4,6,10.77,"1999","28.73333333","51.8"
"4548","35.19.4","19",4,35,"y",4,24,10.77,"1999","53.73333333","55.61"
"4549","35.19.4","19",4,35,"y",4,24,10.77,"1999","79.38333333","167.12"
"4550","35.22.5","22",5,35,"y",4,NA,12.39,"1999","0","12.39"
"4551","35.22.5","22",5,35,"y",4,6,12.39,"1999","5.283333333","18.68"
"4552","35.22.5","22",5,35,"y",4,24,12.39,"1999","22.95","45.89"
"4553","35.22.5","22",5,35,"n",4,6,12.39,"1999","28.73333333","48.92"
"4554","35.22.5","22",5,35,"y",4,24,12.39,"1999","53.73333333","91.84"
"4555","35.22.5","22",5,35,"y",4,24,12.39,"1999","79.38333333","149.45"
"4556","35.25.10","25",10,35,"y",4,NA,10.3,"1999","0","10.3"
"4557","35.25.10","25",10,35,"y",4,6,10.3,"1999","5.283333333","16.51"
"4558","35.25.10","25",10,35,"y",4,24,10.3,"1999","22.95","47.52"
"4559","35.25.10","25",10,35,"y",4,6,10.3,"1999","28.73333333","54.7"
"4560","35.25.10","25",10,35,"y",4,24,10.3,"1999","53.73333333","72.26"
"4561","35.25.10","25",10,35,"y",4,24,10.3,"1999","79.38333333","171.77"
"4562","35.26.9","26",9,35,"y",4,NA,10.53,"1999","0","10.53"
"4563","35.26.9","26",9,35,"y",4,6,10.53,"1999","5.283333333","16.95"
"4564","35.26.9","26",9,35,"y",4,24,10.53,"1999","22.95","48.1"
"4565","35.26.9","26",9,35,"y",4,6,10.53,"1999","28.73333333","53.72"
"4566","35.26.9","26",9,35,"y",4,24,10.53,"1999","53.73333333","66.81"
"4567","35.26.9","26",9,35,"y",4,24,10.53,"1999","79.38333333","153.26"
"4568","35.31.3","31",3,35,"y",4,NA,12.77,"1999","0","12.77"
"4569","35.31.3","31",3,35,"y",4,6,12.77,"1999","5.283333333","16.61"
"4570","35.31.3","31",3,35,"y",4,24,12.77,"1999","22.95","35.46"
"4571","35.31.3","31",3,35,"y",4,6,12.77,"1999","28.73333333","45.7"
"4572","35.31.3","31",3,35,"n",4,24,12.77,"1999","53.73333333","53.77"
"4573","35.31.3","31",3,35,"y",4,24,12.77,"1999","79.38333333","129.92"
"4574","40.5.14","5",14,40,"y",4,NA,13.68,"1999","0","13.68"
"4575","40.5.14","5",14,40,"y",4,6,13.68,"1999","6.383333333","22.14"
"4576","40.5.14","5",14,40,"y",4,24,13.68,"1999","24.21666667","29.59"
"4577","40.5.14","5",14,40,"y",4,6,13.68,"1999","31.8","32.52"
"4578","40.5.14","5",14,40,"y",4,24,13.68,"1999","53.46666667","31.11"
"4579","40.6.13","6",13,40,"y",4,NA,9.74,"1999","0","9.74"
"4580","40.6.13","6",13,40,"y",4,6,9.74,"1999","6.383333333","15.67"
"4581","40.6.13","6",13,40,"y",4,24,9.74,"1999","24.21666667","28.8"
"4582","40.6.13","6",13,40,"y",4,6,9.74,"1999","31.8","30.56"
"4583","40.6.13","6",13,40,"y",4,24,9.74,"1999","53.46666667","29.93"
"4584","40.7.8","7",8,40,"y",4,NA,8.05,"1999","0","8.05"
"4585","40.7.8","7",8,40,"y",4,6,8.05,"1999","6.383333333","10.91"
"4586","40.7.8","7",8,40,"y",4,24,8.05,"1999","24.21666667","9.24"
"4587","40.7.8","7",8,40,"n",4,6,8.05,"1999","31.8",NA
"4588","40.7.8","7",8,40,"n",4,24,8.05,"1999","53.46666667",NA
"4589","40.13.7","13",7,40,"y",4,NA,14.47,"1999","0","14.47"
"4590","40.13.7","13",7,40,"y",4,6,14.47,"1999","6.383333333","17.17"
"4591","40.13.7","13",7,40,"y",4,24,14.47,"1999","24.21666667","23.08"
"4592","40.13.7","13",7,40,"y",4,6,14.47,"1999","31.8","21.91"
"4593","40.13.7","13",7,40,"n",4,24,14.47,"1999","53.46666667",NA
"4594","40.13.9","13",9,40,"y",4,NA,13.9,"1999","0","13.9"
"4595","40.13.9","13",9,40,"y",4,6,13.9,"1999","6.383333333","18.81"
"4596","40.13.9","13",9,40,"y",4,24,13.9,"1999","24.21666667","22.86"
"4597","40.13.9","13",9,40,"n",4,6,13.9,"1999","31.8","22.06"
"4598","40.13.9","13",9,40,"n",4,24,13.9,"1999","53.46666667",NA
"4599","40.13.15","13",15,40,"y",4,NA,14.54,"1999","0","14.54"
"4600","40.13.15","13",15,40,"y",4,6,14.54,"1999","6.383333333","17.27"
"4601","40.13.15","13",15,40,"y",4,24,14.54,"1999","24.21666667","19.7"
"4602","40.13.15","13",15,40,"y",4,6,14.54,"1999","31.8","23.09"
"4603","40.13.15","13",15,40,"y",4,24,14.54,"1999","53.46666667","21.99"
"4604","40.15.2","15",2,40,"y",4,NA,15.43,"1999","0","15.43"
"4605","40.15.2","15",2,40,"y",4,6,15.43,"1999","6.383333333","19.32"
"4606","40.15.2","15",2,40,"n",4,24,15.43,"1999","24.21666667","15.23"
"4607","40.15.2","15",2,40,"n",4,6,15.43,"1999","31.8",NA
"4608","40.15.2","15",2,40,"n",4,24,15.43,"1999","53.46666667",NA
"4609","40.15.3","15",3,40,"y",4,NA,11.3,"1999","0","11.3"
"4610","40.15.3","15",3,40,"y",4,6,11.3,"1999","6.383333333","13.48"
"4611","40.15.3","15",3,40,"n",4,24,11.3,"1999","24.21666667","11.39"
"4612","40.15.3","15",3,40,"n",4,6,11.3,"1999","31.8",NA
"4613","40.15.3","15",3,40,"n",4,24,11.3,"1999","53.46666667",NA
"4614","40.17.1","17",1,40,"y",4,NA,14.72,"1999","0","14.72"
"4615","40.17.1","17",1,40,"y",4,6,14.72,"1999","6.383333333","17.29"
"4616","40.17.1","17",1,40,"y",4,24,14.72,"1999","24.21666667","19.26"
"4617","40.17.1","17",1,40,"y",4,6,14.72,"1999","31.8","21.47"
"4618","40.17.1","17",1,40,"n",4,24,14.72,"1999","53.46666667",NA
"4619","40.19.10","19",10,40,"y",4,NA,12.79,"1999","0","12.79"
"4620","40.19.10","19",10,40,"y",4,6,12.79,"1999","6.383333333","18.2"
"4621","40.19.10","19",10,40,"y",4,24,12.79,"1999","24.21666667","23.1"
"4622","40.19.10","19",10,40,"n",4,6,12.79,"1999","31.8","21.98"
"4623","40.19.10","19",10,40,"n",4,24,12.79,"1999","53.46666667",NA
"4624","40.19.11","19",11,40,"y",4,NA,13.84,"1999","0","13.84"
"4625","40.19.11","19",11,40,"y",4,6,13.84,"1999","6.383333333","16.17"
"4626","40.19.11","19",11,40,"y",4,24,13.84,"1999","24.21666667","19.5"
"4627","40.19.11","19",11,40,"y",4,6,13.84,"1999","31.8","20.68"
"4628","40.19.11","19",11,40,"n",4,24,13.84,"1999","53.46666667",NA
"4629","40.19.12","19",12,40,"y",4,NA,12.34,"1999","0","12.34"
"4630","40.19.12","19",12,40,"y",4,6,12.34,"1999","6.383333333","16.02"
"4631","40.19.12","19",12,40,"y",4,24,12.34,"1999","24.21666667","20.4"
"4632","40.19.12","19",12,40,"n",4,6,12.34,"1999","31.8","20.68"
"4633","40.19.12","19",12,40,"n",4,24,12.34,"1999","53.46666667",NA
"4634","40.22.4","22",4,40,"y",4,NA,13.88,"1999","0","13.88"
"4635","40.22.4","22",4,40,"y",4,6,13.88,"1999","6.383333333","15.5"
"4636","40.22.4","22",4,40,"y",4,24,13.88,"1999","24.21666667","17.04"
"4637","40.22.4","22",4,40,"n",4,6,13.88,"1999","31.8",NA
"4638","40.22.4","22",4,40,"n",4,24,13.88,"1999","53.46666667",NA
"4639","40.22.5","22",5,40,"y",4,NA,15.14,"1999","0","15.14"
"4640","40.22.5","22",5,40,"y",4,6,15.14,"1999","6.383333333","15.59"
"4641","40.22.5","22",5,40,"n",4,24,15.14,"1999","24.21666667","11.86"
"4642","40.22.5","22",5,40,"n",4,6,15.14,"1999","31.8",NA
"4643","40.22.5","22",5,40,"n",4,24,15.14,"1999","53.46666667",NA
"4644","40.22.6","22",6,40,"y",4,NA,13.82,"1999","0","13.82"
"4645","40.22.6","22",6,40,"y",4,6,13.82,"1999","6.383333333","20.23"
"4646","40.22.6","22",6,40,"y",4,24,13.82,"1999","24.21666667","25.04"
"4647","40.22.6","22",6,40,"y",4,6,13.82,"1999","31.8","29.6"
"4648","40.22.6","22",6,40,"y",4,24,13.82,"1999","53.46666667","25.15"
"4649","41.5.14","5",14,41,"y",4,NA,12.56,"1999","0","12.56"
"4650","41.5.14","5",14,41,"y",4,6,12.56,"1999","6.183333333","13.41"
"4651","41.5.14","5",14,41,"n",4,24,12.56,"1999","24.08333333",NA
"4652","41.5.14","5",14,41,"n",4,6,12.56,"1999","31.08333333",NA
"4653","41.6.12","6",12,41,"y",4,NA,8.2,"1999","0","8.2"
"4654","41.6.12","6",12,41,"n",4,6,8.2,"1999","6.183333333","8.63"
"4655","41.6.12","6",12,41,"n",4,24,8.2,"1999","24.08333333",NA
"4656","41.6.12","6",12,41,"n",4,6,8.2,"1999","31.08333333",NA
"4657","41.6.13","6",13,41,"y",4,NA,9.09,"1999","0","9.09"
"4658","41.6.13","6",13,41,"n",4,6,9.09,"1999","6.183333333","8.73"
"4659","41.6.13","6",13,41,"n",4,24,9.09,"1999","24.08333333",NA
"4660","41.6.13","6",13,41,"n",4,6,9.09,"1999","31.08333333",NA
"4661","41.6.15","6",15,41,"y",4,NA,13.43,"1999","0","13.43"
"4662","41.6.15","6",15,41,"y",4,6,13.43,"1999","6.183333333","16.37"
"4663","41.6.15","6",15,41,"y",4,24,13.43,"1999","24.08333333","15.46"
"4664","41.6.15","6",15,41,"n",4,6,13.43,"1999","31.08333333",NA
"4665","41.13.6","13",6,41,"y",4,NA,10.7,"1999","0","10.7"
"4666","41.13.6","13",6,41,"y",4,6,10.7,"1999","6.183333333","15.3"
"4667","41.13.6","13",6,41,"n",4,24,10.7,"1999","24.08333333","8.27"
"4668","41.13.6","13",6,41,"n",4,6,10.7,"1999","31.08333333",NA
"4669","41.13.7","13",7,41,"y",4,NA,15.39,"1999","0","15.39"
"4670","41.13.7","13",7,41,"y",4,6,15.39,"1999","6.183333333","16.19"
"4671","41.13.7","13",7,41,"y",4,24,15.39,"1999","24.08333333","14.18"
"4672","41.13.7","13",7,41,"n",4,6,15.39,"1999","31.08333333",NA
"4673","41.13.8","13",8,41,"y",4,NA,12.69,"1999","0","12.69"
"4674","41.13.8","13",8,41,"y",4,6,12.69,"1999","6.183333333","16.64"
"4675","41.13.8","13",8,41,"y",4,24,12.69,"1999","24.08333333","17.03"
"4676","41.13.8","13",8,41,"n",4,6,12.69,"1999","31.08333333",NA
"4677","41.15.1","15",1,41,"y",4,NA,14.01,"1999","0","14.01"
"4678","41.15.1","15",1,41,"y",4,6,14.01,"1999","6.183333333","13.67"
"4679","41.15.1","15",1,41,"n",4,24,14.01,"1999","24.08333333","10.49"
"4680","41.15.1","15",1,41,"n",4,6,14.01,"1999","31.08333333",NA
"4681","41.16.2","16",2,41,"y",4,NA,11.2,"1999","0","11.2"
"4682","41.16.2","16",2,41,"n",4,6,11.2,"1999","6.183333333","10.68"
"4683","41.16.2","16",2,41,"n",4,24,11.2,"1999","24.08333333",NA
"4684","41.16.2","16",2,41,"n",4,6,11.2,"1999","31.08333333",NA
"4685","41.19.9","19",9,41,"y",4,NA,10.76,"1999","0","10.76"
"4686","41.19.9","19",9,41,"y",4,6,10.76,"1999","6.183333333","11.44"
"4687","41.19.9","19",9,41,"y",4,24,10.76,"1999","24.08333333","9.48"
"4688","41.19.9","19",9,41,"n",4,6,10.76,"1999","31.08333333",NA
"4689","41.19.10","19",10,41,"y",4,NA,10.78,"1999","0","10.78"
"4690","41.19.10","19",10,41,"y",4,6,10.78,"1999","6.183333333","12.32"
"4691","41.19.10","19",10,41,"n",4,24,10.78,"1999","24.08333333",NA
"4692","41.19.10","19",10,41,"n",4,6,10.78,"1999","31.08333333",NA
"4693","41.19.11","19",11,41,"y",4,NA,11.34,"1999","0","11.34"
"4694","41.19.11","19",11,41,"y",4,6,11.34,"1999","6.183333333","13.41"
"4695","41.19.11","19",11,41,"n",4,24,11.34,"1999","24.08333333","7.99"
"4696","41.19.11","19",11,41,"n",4,6,11.34,"1999","31.08333333",NA
"4697","41.22.3","22",3,41,"y",4,NA,12.1,"1999","0","12.1"
"4698","41.22.3","22",3,41,"y",4,6,12.1,"1999","6.183333333","13.69"
"4699","41.22.3","22",3,41,"y",4,24,12.1,"1999","24.08333333","12.11"
"4700","41.22.3","22",3,41,"n",4,6,12.1,"1999","31.08333333",NA
"4701","41.22.4","22",4,41,"y",4,NA,11.61,"1999","0","11.61"
"4702","41.22.4","22",4,41,"y",4,6,11.61,"1999","6.183333333","12.51"
"4703","41.22.4","22",4,41,"n",4,24,11.61,"1999","24.08333333","6.11"
"4704","41.22.4","22",4,41,"n",4,6,11.61,"1999","31.08333333",NA
"4705","41.22.5","22",5,41,"y",4,NA,13.33,"1999","0","13.33"
"4706","41.22.5","22",5,41,"y",4,6,13.33,"1999","6.183333333","12.18"
"4707","41.22.5","22",5,41,"n",4,24,13.33,"1999","24.08333333","6.56"
"4708","41.22.5","22",5,41,"n",4,6,13.33,"1999","31.08333333",NA
"4709","11C.M0.1","0",1,11,"y",5,NA,42.25,"1999","0","42.25"
"4710","11C.M0.1","0",1,11,"y",5,6,42.25,"1999","8.483333333","52.31"
"4711","11C.M0.1","0",1,11,"y",5,24,42.25,"1999","23.05","63.86"
"4712","11C.M0.1","0",1,11,"y",5,6,42.25,"1999","31.36666667","63.7"
"4713","11C.M0.1","0",1,11,"y",5,24,42.25,"1999","47.85","72.05"
"4714","11C.M0.1","0",1,11,"y",5,24,42.25,"1999","80.41666667","85.1"
"4715","11C.M0.10","0",10,11,"y",5,NA,56.52,"1999","0","56.52"
"4716","11C.M0.10","0",10,11,"y",5,6,56.52,"1999","8.483333333","59.86"
"4717","11C.M0.10","0",10,11,"y",5,24,56.52,"1999","23.05","70.7"
"4718","11C.M0.10","0",10,11,"y",5,6,56.52,"1999","31.36666667","73.39"
"4719","11C.M0.10","0",10,11,"y",5,24,56.52,"1999","47.85","84.95"
"4720","11C.M0.10","0",10,11,"y",5,24,56.52,"1999","80.41666667","100.14"
"4721","11C.M0.11","0",11,11,"y",5,NA,40.42,"1999","0","40.42"
"4722","11C.M0.11","0",11,11,"y",5,6,40.42,"1999","8.483333333","43.93"
"4723","11C.M0.11","0",11,11,"y",5,24,40.42,"1999","23.05","54.6"
"4724","11C.M0.11","0",11,11,"y",5,6,40.42,"1999","31.36666667","56.56"
"4725","11C.M0.11","0",11,11,"y",5,24,40.42,"1999","47.85","64.54"
"4726","11C.M0.11","0",11,11,"y",5,24,40.42,"1999","80.41666667","74.64"
"4727","11C.M0.12","0",12,11,"y",5,NA,52.44,"1999","0","52.44"
"4728","11C.M0.12","0",12,11,"y",5,6,52.44,"1999","8.483333333","54.92"
"4729","11C.M0.12","0",12,11,"y",5,24,52.44,"1999","23.05","61.13"
"4730","11C.M0.12","0",12,11,"y",5,6,52.44,"1999","31.36666667","60.49"
"4731","11C.M0.12","0",12,11,"y",5,24,52.44,"1999","47.85","60.36"
"4732","11C.M0.12","0",12,11,"n",5,24,52.44,"1999","80.41666667","59.15"
"4733","11C.M0.13","0",13,11,"y",5,NA,49.47,"1999","0","49.47"
"4734","11C.M0.13","0",13,11,"y",5,6,49.47,"1999","8.483333333","53.12"
"4735","11C.M0.13","0",13,11,"y",5,24,49.47,"1999","23.05","58.5"
"4736","11C.M0.13","0",13,11,"y",5,6,49.47,"1999","31.36666667","65.18"
"4737","11C.M0.13","0",13,11,"y",5,24,49.47,"1999","47.85","71.63"
"4738","11C.M0.13","0",13,11,"y",5,24,49.47,"1999","80.41666667","96.44"
"4739","11C.M0.14","0",14,11,"y",5,NA,52.72,"1999","0","52.72"
"4740","11C.M0.14","0",14,11,"y",5,6,52.72,"1999","8.483333333","55.59"
"4741","11C.M0.14","0",14,11,"y",5,24,52.72,"1999","23.05","60.79"
"4742","11C.M0.14","0",14,11,"y",5,6,52.72,"1999","31.36666667","65.4"
"4743","11C.M0.14","0",14,11,"y",5,24,52.72,"1999","47.85","81.41"
"4744","11C.M0.14","0",14,11,"y",5,24,52.72,"1999","80.41666667","95.77"
"4745","11C.M0.15","0",15,11,"y",5,NA,51.79,"1999","0","51.79"
"4746","11C.M0.15","0",15,11,"y",5,6,51.79,"1999","8.483333333","58.86"
"4747","11C.M0.15","0",15,11,"y",5,24,51.79,"1999","23.05","69.06"
"4748","11C.M0.15","0",15,11,"y",5,6,51.79,"1999","31.36666667","69.44"
"4749","11C.M0.15","0",15,11,"y",5,24,51.79,"1999","47.85","76"
"4750","11C.M0.15","0",15,11,"y",5,24,51.79,"1999","80.41666667","77.62"
"4751","11C.M0.16","0",16,11,"y",5,NA,47.66,"1999","0","47.66"
"4752","11C.M0.16","0",16,11,"y",5,6,47.66,"1999","8.483333333","53.5"
"4753","11C.M0.16","0",16,11,"y",5,24,47.66,"1999","23.05","60.86"
"4754","11C.M0.16","0",16,11,"y",5,6,47.66,"1999","31.36666667","63.81"
"4755","11C.M0.16","0",16,11,"y",5,24,47.66,"1999","47.85","70.88"
"4756","11C.M0.16","0",16,11,"y",5,24,47.66,"1999","80.41666667","95.35"
"4757","11C.M0.17","0",17,11,"y",5,NA,40.55,"1999","0","40.55"
"4758","11C.M0.17","0",17,11,"y",5,6,40.55,"1999","8.483333333","41.34"
"4759","11C.M0.17","0",17,11,"y",5,24,40.55,"1999","23.05","48.28"
"4760","11C.M0.17","0",17,11,"y",5,6,40.55,"1999","31.36666667","51.23"
"4761","11C.M0.17","0",17,11,"y",5,24,40.55,"1999","47.85","57.86"
"4762","11C.M0.17","0",17,11,"y",5,24,40.55,"1999","80.41666667","63.33"
"4763","11C.M0.18","0",18,11,"y",5,NA,47.16,"1999","0","47.16"
"4764","11C.M0.18","0",18,11,"y",5,6,47.16,"1999","8.483333333","53.17"
"4765","11C.M0.18","0",18,11,"y",5,24,47.16,"1999","23.05","59.66"
"4766","11C.M0.18","0",18,11,"y",5,6,47.16,"1999","31.36666667","62.95"
"4767","11C.M0.18","0",18,11,"y",5,24,47.16,"1999","47.85","73"
"4768","11C.M0.18","0",18,11,"y",5,24,47.16,"1999","80.41666667","96.21"
"4769","11C.M0.19","0",19,11,"y",5,NA,47.82,"1999","0","47.82"
"4770","11C.M0.19","0",19,11,"y",5,6,47.82,"1999","8.483333333","50.21"
"4771","11C.M0.19","0",19,11,"y",5,24,47.82,"1999","23.05","54.62"
"4772","11C.M0.19","0",19,11,"y",5,6,47.82,"1999","31.36666667","56.19"
"4773","11C.M0.19","0",19,11,"y",5,24,47.82,"1999","47.85","59.99"
"4774","11C.M0.19","0",19,11,"y",5,24,47.82,"1999","80.41666667","65.21"
"4775","11C.M0.2","0",2,11,"y",5,NA,45.15,"1999","0","45.15"
"4776","11C.M0.2","0",2,11,"y",5,6,45.15,"1999","8.483333333","53.07"
"4777","11C.M0.2","0",2,11,"y",5,24,45.15,"1999","23.05","61.46"
"4778","11C.M0.2","0",2,11,"y",5,6,45.15,"1999","31.36666667","65.04"
"4779","11C.M0.2","0",2,11,"y",5,24,45.15,"1999","47.85","71.88"
"4780","11C.M0.2","0",2,11,"y",5,24,45.15,"1999","80.41666667","88.18"
"4781","11C.M0.20","0",20,11,"y",5,NA,42.15,"1999","0","42.15"
"4782","11C.M0.20","0",20,11,"y",5,6,42.15,"1999","8.483333333","43.18"
"4783","11C.M0.20","0",20,11,"y",5,24,42.15,"1999","23.05","48.04"
"4784","11C.M0.20","0",20,11,"y",5,6,42.15,"1999","31.36666667","51.84"
"4785","11C.M0.20","0",20,11,"y",5,24,42.15,"1999","47.85","55.98"
"4786","11C.M0.20","0",20,11,"y",5,24,42.15,"1999","80.41666667","59.12"
"4787","11C.M0.21","0",21,11,"y",5,NA,43.71,"1999","0","43.71"
"4788","11C.M0.21","0",21,11,"y",5,6,43.71,"1999","8.483333333","55.29"
"4789","11C.M0.21","0",21,11,"y",5,24,43.71,"1999","23.05","57.42"
"4790","11C.M0.21","0",21,11,"y",5,6,43.71,"1999","31.36666667","65.51"
"4791","11C.M0.21","0",21,11,"y",5,24,43.71,"1999","47.85","69.55"
"4792","11C.M0.21","0",21,11,"y",5,24,43.71,"1999","80.41666667","91.81"
"4793","11C.M0.3","0",3,11,"y",5,NA,55.97,"1999","0","55.97"
"4794","11C.M0.3","0",3,11,"y",5,6,55.97,"1999","8.483333333","60.05"
"4795","11C.M0.3","0",3,11,"y",5,24,55.97,"1999","23.05","67.58"
"4796","11C.M0.3","0",3,11,"y",5,6,55.97,"1999","31.36666667","70.65"
"4797","11C.M0.3","0",3,11,"y",5,24,55.97,"1999","47.85","75.69"
"4798","11C.M0.3","0",3,11,"y",5,24,55.97,"1999","80.41666667","85.1"
"4799","11C.M0.4","0",4,11,"y",5,NA,39.25,"1999","0","39.25"
"4800","11C.M0.4","0",4,11,"n",5,6,39.25,"1999","8.483333333","39.08"
"4801","11C.M0.4","0",4,11,"y",5,24,39.25,"1999","23.05","40.77"
"4802","11C.M0.4","0",4,11,"y",5,6,39.25,"1999","31.36666667","41.45"
"4803","11C.M0.4","0",4,11,"n",5,24,39.25,"1999","47.85","41.17"
"4804","11C.M0.4","0",4,11,"n",5,24,39.25,"1999","80.41666667","39.28"
"4805","11C.M0.5","0",5,11,"y",5,NA,37.66,"1999","0","37.66"
"4806","11C.M0.5","0",5,11,"n",5,6,37.66,"1999","8.483333333","40.24"
"4807","11C.M0.5","0",5,11,"y",5,24,37.66,"1999","23.05","41.8"
"4808","11C.M0.5","0",5,11,"y",5,6,37.66,"1999","31.36666667","39.71"
"4809","11C.M0.5","0",5,11,"y",5,24,37.66,"1999","47.85","40.28"
"4810","11C.M0.5","0",5,11,"n",5,24,37.66,"1999","80.41666667","37.43"
"4811","11C.M0.6","0",6,11,"y",5,NA,47.67,"1999","0","47.67"
"4812","11C.M0.6","0",6,11,"y",5,6,47.67,"1999","8.483333333","57.36"
"4813","11C.M0.6","0",6,11,"y",5,24,47.67,"1999","23.05","66.03"
"4814","11C.M0.6","0",6,11,"y",5,6,47.67,"1999","31.36666667","65.89"
"4815","11C.M0.6","0",6,11,"y",5,24,47.67,"1999","47.85","76.34"
"4816","11C.M0.6","0",6,11,"y",5,24,47.67,"1999","80.41666667","92.13"
"4817","11C.M0.7","0",7,11,"y",5,NA,55.71,"1999","0","55.71"
"4818","11C.M0.7","0",7,11,"y",5,6,55.71,"1999","8.483333333","60.11"
"4819","11C.M0.7","0",7,11,"y",5,24,55.71,"1999","23.05","75.64"
"4820","11C.M0.7","0",7,11,"y",5,6,55.71,"1999","31.36666667","74.02"
"4821","11C.M0.7","0",7,11,"y",5,24,55.71,"1999","47.85","87.55"
"4822","11C.M0.7","0",7,11,"y",5,24,55.71,"1999","80.41666667","101.45"
"4823","11C.M0.8","0",8,11,"y",5,NA,57.21,"1999","0","57.21"
"4824","11C.M0.8","0",8,11,"y",5,6,57.21,"1999","8.483333333","61.53"
"4825","11C.M0.8","0",8,11,"y",5,24,57.21,"1999","23.05","73.45"
"4826","11C.M0.8","0",8,11,"y",5,6,57.21,"1999","31.36666667","74.81"
"4827","11C.M0.8","0",8,11,"y",5,24,57.21,"1999","47.85","92.02"
"4828","11C.M0.8","0",8,11,"y",5,24,57.21,"1999","80.41666667","99.25"
"4829","11C.M0.9","0",9,11,"y",5,NA,54.71,"1999","0","54.71"
"4830","11C.M0.9","0",9,11,"y",5,6,54.71,"1999","8.483333333","59.68"
"4831","11C.M0.9","0",9,11,"y",5,24,54.71,"1999","23.05","68.22"
"4832","11C.M0.9","0",9,11,"y",5,6,54.71,"1999","31.36666667","68.92"
"4833","11C.M0.9","0",9,11,"y",5,24,54.71,"1999","47.85","80.04"
"4834","11C.M0.9","0",9,11,"y",5,24,54.71,"1999","80.41666667","92.65"
"4835","17C.M10.1","10",1,17,"y",5,NA,38.76,"1999","0","38.76"
"4836","17C.M10.1","10",1,17,"y",5,6,38.76,"1999","7.1","50.29"
"4837","17C.M10.1","10",1,17,"y",5,24,38.76,"1999","24.93333333","83.48"
"4838","17C.M10.1","10",1,17,"y",5,6,38.76,"1999","30.85","90.46"
"4839","17C.M10.1","10",1,17,"y",5,24,38.76,"1999","54.05","138.53"
"4840","17C.M10.1","10",1,17,"y",5,24,38.76,"1999","79.05","182.67"
"4841","17C.M10.1","10",1,17,"y",5,NA,48.54,"1999","0","48.54"
"4842","17C.M10.1","10",1,17,"y",5,6,48.54,"1999","6.4","57.27"
"4843","17C.M10.1","10",1,17,"y",5,24,48.54,"1999","23.58333333","75.98"
"4844","17C.M10.1","10",1,17,"y",5,6,48.54,"1999","29.96666667","87.69"
"4845","17C.M10.1","10",1,17,"y",5,24,48.54,"1999","53.75","132.14"
"4846","17C.M10.1","10",1,17,"y",5,24,48.54,"1999","77.8","160.14"
"4847","17C.M10.2","10",2,17,"y",5,NA,57.78,"1999","0","57.78"
"4848","17C.M10.2","10",2,17,"y",5,6,57.78,"1999","6.4","66.2"
"4849","17C.M10.2","10",2,17,"y",5,24,57.78,"1999","23.58333333","101.48"
"4850","17C.M10.2","10",2,17,"y",5,6,57.78,"1999","29.96666667","107.61"
"4851","17C.M10.2","10",2,17,"y",5,24,57.78,"1999","53.75","166.78"
"4852","17C.M10.2","10",2,17,"y",5,24,57.78,"1999","77.8","209.42"
"4853","17C.M11.1","11",1,17,"y",5,NA,41.83,"1999","0","41.83"
"4854","17C.M11.1","11",1,17,"y",5,6,41.83,"1999","7.1","50.56"
"4855","17C.M11.1","11",1,17,"y",5,24,41.83,"1999","24.93333333","79.82"
"4856","17C.M11.1","11",1,17,"y",5,6,41.83,"1999","30.85","88.67"
"4857","17C.M11.1","11",1,17,"y",5,24,41.83,"1999","54.05","134.26"
"4858","17C.M11.1","11",1,17,"y",5,24,41.83,"1999","79.05","183.9"
"4859","17C.M12.1","12",1,17,"y",5,NA,58.61,"1999","0","58.61"
"4860","17C.M12.1","12",1,17,"y",5,6,58.61,"1999","6.4","67.97"
"4861","17C.M12.1","12",1,17,"y",5,24,58.61,"1999","23.58333333","104.95"
"4862","17C.M12.1","12",1,17,"y",5,6,58.61,"1999","29.96666667","120.87"
"4863","17C.M12.1","12",1,17,"y",5,24,58.61,"1999","53.75","165.31"
"4864","17C.M12.1","12",1,17,"y",5,24,58.61,"1999","77.8","209.15"
"4865","17C.M2.1","2",1,17,"y",5,NA,51.38,"1999","0","51.38"
"4866","17C.M2.1","2",1,17,"y",5,6,51.38,"1999","7.1","61.19"
"4867","17C.M2.1","2",1,17,"y",5,24,51.38,"1999","24.93333333","91.29"
"4868","17C.M2.1","2",1,17,"y",5,6,51.38,"1999","30.85","104.77"
"4869","17C.M2.1","2",1,17,"y",5,24,51.38,"1999","54.05","153.33"
"4870","17C.M2.1","2",1,17,"y",5,24,51.38,"1999","79.05","193.8"
"4871","17C.M3.1","3",1,17,"y",5,NA,49.62,"1999","0","49.62"
"4872","17C.M3.1","3",1,17,"y",5,6,49.62,"1999","7.1","61.13"
"4873","17C.M3.1","3",1,17,"y",5,24,49.62,"1999","24.93333333","90.75"
"4874","17C.M3.1","3",1,17,"y",5,6,49.62,"1999","30.85","110.72"
"4875","17C.M3.1","3",1,17,"y",5,24,49.62,"1999","54.05","151.8"
"4876","17C.M3.1","3",1,17,"y",5,24,49.62,"1999","79.05","199.19"
"4877","17C.M3.2","3",2,17,"y",5,NA,56.44,"1999","0","56.44"
"4878","17C.M3.2","3",2,17,"y",5,6,56.44,"1999","7.1","69.74"
"4879","17C.M3.2","3",2,17,"y",5,24,56.44,"1999","24.93333333","95.64"
"4880","17C.M3.2","3",2,17,"y",5,6,56.44,"1999","30.85","103.75"
"4881","17C.M3.2","3",2,17,"y",5,24,56.44,"1999","54.05","132.91"
"4882","17C.M3.2","3",2,17,"y",5,24,56.44,"1999","79.05","167.98"
"4883","17C.M5.1","5",1,17,"y",5,NA,58.76,"1999","0","58.76"
"4884","17C.M5.1","5",1,17,"y",5,6,58.76,"1999","7.1","81.55"
"4885","17C.M5.1","5",1,17,"y",5,24,58.76,"1999","24.93333333","132.48"
"4886","17C.M5.1","5",1,17,"y",5,6,58.76,"1999","30.85","129.84"
"4887","17C.M5.1","5",1,17,"y",5,24,58.76,"1999","54.05","159.96"
"4888","17C.M5.1","5",1,17,"y",5,24,58.76,"1999","79.05","201.14"
"4889","17C.M5.2","5",2,17,"y",5,NA,53.61,"1999","0","53.61"
"4890","17C.M5.2","5",2,17,"y",5,6,53.61,"1999","7.1","59.11"
"4891","17C.M5.2","5",2,17,"y",5,24,53.61,"1999","24.93333333","91.08"
"4892","17C.M5.2","5",2,17,"y",5,6,53.61,"1999","30.85","106.42"
"4893","17C.M5.2","5",2,17,"y",5,24,53.61,"1999","54.05","141.85"
"4894","17C.M5.2","5",2,17,"y",5,24,53.61,"1999","79.05","178.68"
"4895","17C.M8.1","8",1,17,"y",5,NA,45.73,"1999","0","45.73"
"4896","17C.M8.1","8",1,17,"y",5,6,45.73,"1999","7.1","54.02"
"4897","17C.M8.1","8",1,17,"y",5,24,45.73,"1999","24.93333333","87.05"
"4898","17C.M8.1","8",1,17,"y",5,6,45.73,"1999","30.85","100.08"
"4899","17C.M8.1","8",1,17,"y",5,24,45.73,"1999","54.05","140.98"
"4900","17C.M8.1","8",1,17,"y",5,24,45.73,"1999","79.05","184.67"
"4901","17C.M8.2","8",2,17,"y",5,NA,43.29,"1999","0","43.29"
"4902","17C.M8.2","8",2,17,"y",5,6,43.29,"1999","7.1","56.39"
"4903","17C.M8.2","8",2,17,"y",5,24,43.29,"1999","24.93333333","98.92"
"4904","17C.M8.2","8",2,17,"y",5,6,43.29,"1999","30.85","100.35"
"4905","17C.M8.2","8",2,17,"y",5,24,43.29,"1999","54.05","146.2"
"4906","17C.M8.2","8",2,17,"n",5,24,43.29,"1999","79.05","124.95"
"4907","17C.M8.22","8",22,17,"y",5,NA,42.86,"1999","0","42.86"
"4908","17C.M8.22","8",22,17,"y",5,6,42.86,"1999","6.4","43.03"
"4909","17C.M8.22","8",22,17,"y",5,24,42.86,"1999","23.58333333","59.42"
"4910","17C.M8.22","8",22,17,"y",5,6,42.86,"1999","29.96666667","71.97"
"4911","17C.M8.22","8",22,17,"y",5,24,42.86,"1999","53.75","83.83"
"4912","17C.M8.22","8",22,17,"y",5,24,42.86,"1999","77.8","118.41"
"4913","17C.M9.1","9",1,17,"y",5,NA,48.77,"1999","0","48.77"
"4914","17C.M9.1","9",1,17,"y",5,6,48.77,"1999","7.1","61.13"
"4915","17C.M9.1","9",1,17,"y",5,24,48.77,"1999","24.93333333","102.82"
"4916","17C.M9.1","9",1,17,"y",5,6,48.77,"1999","30.85","102.85"
"4917","17C.M9.1","9",1,17,"y",5,24,48.77,"1999","54.05","147.28"
"4918","17C.M9.1","9",1,17,"y",5,24,48.77,"1999","79.05","179.11"
"4919","17C.M9.2","9",2,17,"y",5,NA,43.55,"1999","0","43.55"
"4920","17C.M9.2","9",2,17,"y",5,6,43.55,"1999","7.1","55.54"
"4921","17C.M9.2","9",2,17,"y",5,24,43.55,"1999","24.93333333","72.78"
"4922","17C.M9.2","9",2,17,"y",5,6,43.55,"1999","30.85","88.82"
"4923","17C.M9.2","9",2,17,"y",5,24,43.55,"1999","54.05","131.94"
"4924","17C.M9.2","9",2,17,"y",5,24,43.55,"1999","79.05","171.21"
"4925","23C.M1.1","1",1,23,"y",5,NA,35.02,"1999","0","35.02"
"4926","23C.M1.1","1",1,23,"y",5,6,35.02,"1999","7.133333333","41.95"
"4927","23C.M1.1","1",1,23,"y",5,24,35.02,"1999","25.05","82.5"
"4928","23C.M1.1","1",1,23,"y",5,6,35.02,"1999","30.85","97.82"
"4929","23C.M1.1","1",1,23,"y",5,24,35.02,"1999","54.13333333","167.61"
"4930","23C.M1.1","1",1,23,"y",5,24,35.02,"1999","79.13333333","178.37"
"4931","23C.M10.1","10",1,23,"y",5,NA,45.98,"1999","0","45.98"
"4932","23C.M10.1","10",1,23,"y",5,6,45.98,"1999","7.133333333","62.31"
"4933","23C.M10.1","10",1,23,"y",5,24,45.98,"1999","25.05","114.61"
"4934","23C.M10.1","10",1,23,"y",5,6,45.98,"1999","30.85","132.72"
"4935","23C.M10.1","10",1,23,"y",5,24,45.98,"1999","54.13333333","171.52"
"4936","23C.M10.1","10",1,23,"y",5,24,45.98,"1999","79.13333333","160.36"
"4937","23C.M11.1","11",1,23,"y",5,NA,33.37,"1999","0","33.37"
"4938","23C.M11.1","11",1,23,"y",5,6,33.37,"1999","7.133333333","48.39"
"4939","23C.M11.1","11",1,23,"y",5,24,33.37,"1999","25.05","108.18"
"4940","23C.M11.1","11",1,23,"y",5,6,33.37,"1999","30.85","123.21"
"4941","23C.M11.1","11",1,23,"y",5,24,33.37,"1999","54.13333333","185.15"
"4942","23C.M11.1","11",1,23,"y",5,24,33.37,"1999","79.13333333","194.69"
"4943","23C.M12.1","12",1,23,"y",5,NA,36.43,"1999","0","36.43"
"4944","23C.M12.1","12",1,23,"y",5,6,36.43,"1999","7.133333333","54.46"
"4945","23C.M12.1","12",1,23,"y",5,24,36.43,"1999","25.05","111.45"
"4946","23C.M12.1","12",1,23,"y",5,6,36.43,"1999","30.85","135.86"
"4947","23C.M12.1","12",1,23,"y",5,24,36.43,"1999","54.13333333","192.18"
"4948","23C.M12.1","12",1,23,"n",5,24,36.43,"1999","79.13333333",NA
"4949","23C.M13.1","13",1,23,"y",5,NA,58.75,"1999","0","58.75"
"4950","23C.M13.1","13",1,23,"y",5,6,58.75,"1999","5.616666667","63.39"
"4951","23C.M13.1","13",1,23,"y",5,24,58.75,"1999","26.01666667","156.83"
"4952","23C.M13.1","13",1,23,"y",5,6,58.75,"1999","31.36666667","158.67"
"4953","23C.M13.1","13",1,23,"y",5,24,58.75,"1999","54.15","239.85"
"4954","23C.M13.1","13",1,23,"y",5,24,58.75,"1999","77.96666667","216.95"
"4955","23C.M15.1","15",1,23,"y",5,NA,39.81,"1999","0","39.81"
"4956","23C.M15.1","15",1,23,"y",5,6,39.81,"1999","7.133333333","54.03"
"4957","23C.M15.1","15",1,23,"y",5,24,39.81,"1999","25.05","52.18"
"4958","23C.M15.1","15",1,23,"y",5,6,39.81,"1999","30.85","66.26"
"4959","23C.M15.1","15",1,23,"y",5,24,39.81,"1999","54.13333333","137.84"
"4960","23C.M15.1","15",1,23,"y",5,24,39.81,"1999","79.13333333","220.15"
"4961","23C.M15.31","15",31,23,"y",5,NA,52.32,"1999","0","52.32"
"4962","23C.M15.31","15",31,23,"y",5,6,52.32,"1999","5.616666667","60.33"
"4963","23C.M15.31","15",31,23,"y",5,24,52.32,"1999","26.01666667","100.83"
"4964","23C.M15.31","15",31,23,"y",5,6,52.32,"1999","31.36666667","136.62"
"4965","23C.M15.31","15",31,23,"y",5,24,52.32,"1999","54.15","189.26"
"4966","23C.M15.31","15",31,23,"y",5,24,52.32,"1999","77.96666667","242.79"
"4967","23C.M15.2","15",2,23,"y",5,NA,42.63,"1999","0","42.63"
"4968","23C.M15.2","15",2,23,"y",5,6,42.63,"1999","7.133333333","49.74"
"4969","23C.M15.2","15",2,23,"y",5,24,42.63,"1999","25.05","49.22"
"4970","23C.M15.2","15",2,23,"y",5,6,42.63,"1999","30.85","63"
"4971","23C.M15.2","15",2,23,"y",5,24,42.63,"1999","54.13333333","157.16"
"4972","23C.M15.2","15",2,23,"y",5,24,42.63,"1999","79.13333333","236.4"
"4973","23C.M15.32","15",32,23,"y",5,NA,55.29,"1999","0","55.29"
"4974","23C.M15.32","15",32,23,"y",5,6,55.29,"1999","5.616666667","69.25"
"4975","23C.M15.32","15",32,23,"y",5,24,55.29,"1999","26.01666667","121.88"
"4976","23C.M15.32","15",32,23,"y",5,6,55.29,"1999","31.36666667","159.64"
"4977","23C.M15.32","15",32,23,"y",5,24,55.29,"1999","54.15","217.72"
"4978","23C.M15.32","15",32,23,"y",5,24,55.29,"1999","77.96666667","254.49"
"4979","23C.M15.3","15",3,23,"y",5,NA,58.49,"1999","0","58.49"
"4980","23C.M15.3","15",3,23,"y",5,6,58.49,"1999","5.616666667","75.56"
"4981","23C.M15.3","15",3,23,"y",5,24,58.49,"1999","26.01666667","148.02"
"4982","23C.M15.3","15",3,23,"y",5,6,58.49,"1999","31.36666667","169.33"
"4983","23C.M15.3","15",3,23,"y",5,24,58.49,"1999","54.15","233.58"
"4984","23C.M15.3","15",3,23,"n",5,24,58.49,"1999","77.96666667",NA
"4985","23C.M15.4","15",4,23,"y",5,NA,57.15,"1999","0","57.15"
"4986","23C.M15.4","15",4,23,"y",5,6,57.15,"1999","5.616666667","67.93"
"4987","23C.M15.4","15",4,23,"y",5,24,57.15,"1999","26.01666667","107.94"
"4988","23C.M15.4","15",4,23,"y",5,6,57.15,"1999","31.36666667","103.63"
"4989","23C.M15.4","15",4,23,"n",5,24,57.15,"1999","54.15",NA
"4990","23C.M15.4","15",4,23,"n",5,24,57.15,"1999","77.96666667",NA
"4991","23C.M16.1","16",1,23,"y",5,NA,49.55,"1999","0","49.55"
"4992","23C.M16.1","16",1,23,"y",5,6,49.55,"1999","5.616666667","60.94"
"4993","23C.M16.1","16",1,23,"y",5,24,49.55,"1999","26.01666667","137.24"
"4994","23C.M16.1","16",1,23,"y",5,6,49.55,"1999","31.36666667","164.76"
"4995","23C.M16.1","16",1,23,"y",5,24,49.55,"1999","54.15","225.35"
"4996","23C.M16.1","16",1,23,"y",5,24,49.55,"1999","77.96666667","193.93"
"4997","23C.M2.1","2",1,23,"y",5,NA,57.78,"1999","0","57.78"
"4998","23C.M2.1","2",1,23,"y",5,6,57.78,"1999","7.133333333","77.1"
"4999","23C.M2.1","2",1,23,"y",5,24,57.78,"1999","25.05","146.53"
"5000","23C.M2.1","2",1,23,"y",5,6,57.78,"1999","30.85","163.76"
"5001","23C.M2.1","2",1,23,"y",5,24,57.78,"1999","54.13333333","167.02"
"5002","23C.M2.1","2",1,23,"n",5,24,57.78,"1999","79.13333333",NA
"5003","23C.M3.1","3",1,23,"y",5,NA,44.56,"1999","0","44.56"
"5004","23C.M3.1","3",1,23,"y",5,6,44.56,"1999","7.133333333","67.9"
"5005","23C.M3.1","3",1,23,"y",5,24,44.56,"1999","25.05","125.63"
"5006","23C.M3.1","3",1,23,"y",5,6,44.56,"1999","30.85","151.52"
"5007","23C.M3.1","3",1,23,"y",5,24,44.56,"1999","54.13333333","210.94"
"5008","23C.M3.1","3",1,23,"n",5,24,44.56,"1999","79.13333333",NA
"5009","23C.M3.31","3",31,23,"y",5,NA,39.87,"1999","0","39.87"
"5010","23C.M3.31","3",31,23,"y",5,6,39.87,"1999","5.616666667","59.65"
"5011","23C.M3.31","3",31,23,"y",5,24,39.87,"1999","26.01666667","73.23"
"5012","23C.M3.31","3",31,23,"n",5,6,39.87,"1999","31.36666667","66.46"
"5013","23C.M3.31","3",31,23,"n",5,24,39.87,"1999","54.15",NA
"5014","23C.M3.31","3",31,23,"n",5,24,39.87,"1999","77.96666667",NA
"5015","23C.M3.2","3",2,23,"y",5,NA,43.16,"1999","0","43.16"
"5016","23C.M3.2","3",2,23,"y",5,6,43.16,"1999","7.133333333","71.35"
"5017","23C.M3.2","3",2,23,"y",5,24,43.16,"1999","25.05","125.1"
"5018","23C.M3.2","3",2,23,"y",5,6,43.16,"1999","30.85","144.07"
"5019","23C.M3.2","3",2,23,"y",5,24,43.16,"1999","54.13333333","213.88"
"5020","23C.M3.2","3",2,23,"n",5,24,43.16,"1999","79.13333333",NA
"5021","23C.M3.3","3",3,23,"y",5,NA,57.22,"1999","0","57.22"
"5022","23C.M3.3","3",3,23,"y",5,6,57.22,"1999","7.133333333","68.03"
"5023","23C.M3.3","3",3,23,"y",5,24,57.22,"1999","25.05","103.78"
"5024","23C.M3.3","3",3,23,"y",5,6,57.22,"1999","30.85","112.39"
"5025","23C.M3.3","3",3,23,"y",5,24,57.22,"1999","54.13333333","171.32"
"5026","23C.M3.3","3",3,23,"y",5,24,57.22,"1999","79.13333333","211.98"
"5027","23C.M5.1","5",1,23,"y",5,NA,49.62,"1999","0","49.62"
"5028","23C.M5.1","5",1,23,"y",5,6,49.62,"1999","7.133333333","65.94"
"5029","23C.M5.1","5",1,23,"y",5,24,49.62,"1999","25.05","138.88"
"5030","23C.M5.1","5",1,23,"y",5,6,49.62,"1999","30.85","175.76"
"5031","23C.M5.1","5",1,23,"y",5,24,49.62,"1999","54.13333333","205.8"
"5032","23C.M5.1","5",1,23,"n",5,24,49.62,"1999","79.13333333",NA
"5033","23C.M5.2","5",2,23,"y",5,NA,57.2,"1999","0","57.2"
"5034","23C.M5.2","5",2,23,"y",5,6,57.2,"1999","7.133333333","71.45"
"5035","23C.M5.2","5",2,23,"y",5,24,57.2,"1999","25.05","142.23"
"5036","23C.M5.2","5",2,23,"y",5,6,57.2,"1999","30.85","162.15"
"5037","23C.M5.2","5",2,23,"y",5,24,57.2,"1999","54.13333333","203.65"
"5038","23C.M5.2","5",2,23,"n",5,24,57.2,"1999","79.13333333",NA
"5039","23C.M8.2","8",2,23,"y",5,NA,52.55,"1999","0","52.55"
"5040","23C.M8.2","8",2,23,"y",5,6,52.55,"1999","7.133333333","63.33"
"5041","23C.M8.2","8",2,23,"y",5,24,52.55,"1999","25.05","80.45"
"5042","23C.M8.2","8",2,23,"y",5,6,52.55,"1999","30.85","86.27"
"5043","23C.M8.2","8",2,23,"y",5,24,52.55,"1999","54.13333333","123.91"
"5044","23C.M8.2","8",2,23,"y",5,24,52.55,"1999","79.13333333","143.41"
"5045","23C.M9.1","9",1,23,"y",5,NA,45.85,"1999","0","45.85"
"5046","23C.M9.1","9",1,23,"y",5,6,45.85,"1999","7.133333333","63.94"
"5047","23C.M9.1","9",1,23,"y",5,24,45.85,"1999","25.05","128.12"
"5048","23C.M9.1","9",1,23,"y",5,6,45.85,"1999","30.85","150.3"
"5049","23C.M9.1","9",1,23,"y",5,24,45.85,"1999","54.13333333","175.27"
"5050","23C.M9.1","9",1,23,"n",5,24,45.85,"1999","79.13333333",NA
"5051","29C.M10.1","10",1,29,"y",5,NA,54.56,"1999","0","54.56"
"5052","29C.M10.1","10",1,29,"y",5,6,54.56,"1999","6.333333333","78.49"
"5053","29C.M10.1","10",1,29,"y",5,24,54.56,"1999","24.16666667","98.5"
"5054","29C.M10.1","10",1,29,"y",5,6,54.56,"1999","29.83333333","123.02"
"5055","29C.M10.1","10",1,29,"y",5,24,54.56,"1999","53.66666667","171.94"
"5056","29C.M10.1","10",1,29,"y",5,24,54.56,"1999","77.66666667","148.48"
"5057","29C.M10.2","10",2,29,"y",5,NA,54.47,"1999","0","54.47"
"5058","29C.M10.2","10",2,29,"y",5,6,54.47,"1999","6.333333333","74.74"
"5059","29C.M10.2","10",2,29,"y",5,24,54.47,"1999","24.16666667","146.16"
"5060","29C.M10.2","10",2,29,"y",5,6,54.47,"1999","29.83333333","157.51"
"5061","29C.M10.2","10",2,29,"y",5,24,54.47,"1999","53.66666667","197.74"
"5062","29C.M10.2","10",2,29,"y",5,24,54.47,"1999","77.66666667","183.12"
"5063","29C.M11.1","11",1,29,"y",5,NA,48.57,"1999","0","48.57"
"5064","29C.M11.1","11",1,29,"y",5,6,48.57,"1999","6.333333333","63.19"
"5065","29C.M11.1","11",1,29,"y",5,24,48.57,"1999","24.16666667","145.11"
"5066","29C.M11.1","11",1,29,"y",5,6,48.57,"1999","29.83333333","157.44"
"5067","29C.M11.1","11",1,29,"y",5,24,48.57,"1999","53.66666667","179.04"
"5068","29C.M11.1","11",1,29,"n",5,24,48.57,"1999","77.66666667",NA
"5069","29C.M11.2","11",2,29,"y",5,NA,46.3,"1999","0","46.3"
"5070","29C.M11.2","11",2,29,"y",5,6,46.3,"1999","6.333333333","69.72"
"5071","29C.M11.2","11",2,29,"y",5,24,46.3,"1999","24.16666667","153.74"
"5072","29C.M11.2","11",2,29,"y",5,6,46.3,"1999","29.83333333","145.92"
"5073","29C.M11.2","11",2,29,"y",5,24,46.3,"1999","53.66666667","181.72"
"5074","29C.M11.2","11",2,29,"y",5,24,46.3,"1999","77.66666667","182.22"
"5075","29C.M12.1","12",1,29,"y",5,NA,52.31,"1999","0","52.31"
"5076","29C.M12.1","12",1,29,"y",5,6,52.31,"1999","6.333333333","75.14"
"5077","29C.M12.1","12",1,29,"y",5,24,52.31,"1999","24.16666667","164.79"
"5078","29C.M12.1","12",1,29,"y",5,6,52.31,"1999","29.83333333","176.82"
"5079","29C.M12.1","12",1,29,"y",5,24,52.31,"1999","53.66666667","211.31"
"5080","29C.M12.1","12",1,29,"y",5,24,52.31,"1999","77.66666667","169.47"
"5081","29C.M12.2","12",2,29,"y",5,NA,47.24,"1999","0","47.24"
"5082","29C.M12.2","12",2,29,"y",5,6,47.24,"1999","6.333333333","63.16"
"5083","29C.M12.2","12",2,29,"y",5,24,47.24,"1999","24.16666667","134.71"
"5084","29C.M12.2","12",2,29,"y",5,6,47.24,"1999","29.83333333","144.86"
"5085","29C.M12.2","12",2,29,"y",5,24,47.24,"1999","53.66666667","150.95"
"5086","29C.M12.2","12",2,29,"n",5,24,47.24,"1999","77.66666667",NA
"5087","29C.M16.1","16",1,29,"y",5,NA,54.03,"1999","0","54.03"
"5088","29C.M16.1","16",1,29,"n",5,6,54.03,"1999","6.333333333","53.52"
"5089","29C.M16.1","16",1,29,"y",5,24,54.03,"1999","24.16666667","110.61"
"5090","29C.M16.1","16",1,29,"y",5,6,54.03,"1999","29.83333333","143.75"
"5091","29C.M16.1","16",1,29,"y",5,24,54.03,"1999","53.66666667","221.94"
"5092","29C.M16.1","16",1,29,"n",5,24,54.03,"1999","77.66666667","192.43"
"5093","29C.M3.1","3",1,29,"y",5,NA,40.9,"1999","0","40.9"
"5094","29C.M3.1","3",1,29,"y",5,6,40.9,"1999","6.333333333","53.13"
"5095","29C.M3.1","3",1,29,"y",5,24,40.9,"1999","24.16666667","100.4"
"5096","29C.M3.1","3",1,29,"y",5,6,40.9,"1999","29.83333333","92.42"
"5097","29C.M3.1","3",1,29,"y",5,24,40.9,"1999","53.66666667","163.31"
"5098","29C.M3.1","3",1,29,"y",5,24,40.9,"1999","77.66666667","177.36"
"5099","29C.M3.2","3",2,29,"y",5,NA,42.66,"1999","0","42.66"
"5100","29C.M3.2","3",2,29,"y",5,6,42.66,"1999","6.333333333","58.48"
"5101","29C.M3.2","3",2,29,"y",5,24,42.66,"1999","24.16666667","106.95"
"5102","29C.M3.2","3",2,29,"y",5,6,42.66,"1999","29.83333333","123.56"
"5103","29C.M3.2","3",2,29,"y",5,24,42.66,"1999","53.66666667","185.6"
"5104","29C.M3.2","3",2,29,"y",5,24,42.66,"1999","77.66666667","211.37"
"5105","29C.M5.1","5",1,29,"y",5,NA,53.03,"1999","0","53.03"
"5106","29C.M5.1","5",1,29,"y",5,6,53.03,"1999","6.333333333","74.1"
"5107","29C.M5.1","5",1,29,"y",5,24,53.03,"1999","24.16666667","140.38"
"5108","29C.M5.1","5",1,29,"y",5,6,53.03,"1999","29.83333333","179.73"
"5109","29C.M5.1","5",1,29,"y",5,24,53.03,"1999","53.66666667","214.95"
"5110","29C.M5.1","5",1,29,"n",5,24,53.03,"1999","77.66666667",NA
"5111","29C.M8.1","8",1,29,"y",5,NA,43.78,"1999","0","43.78"
"5112","29C.M8.1","8",1,29,"y",5,6,43.78,"1999","6.333333333","60.25"
"5113","29C.M8.1","8",1,29,"y",5,24,43.78,"1999","24.16666667","69.54"
"5114","29C.M8.1","8",1,29,"n",5,6,43.78,"1999","29.83333333","66.71"
"5115","29C.M8.1","8",1,29,"n",5,24,43.78,"1999","53.66666667",NA
"5116","29C.M8.1","8",1,29,"n",5,24,43.78,"1999","77.66666667",NA
"5117","29C.M8.2","8",2,29,"y",5,NA,51.22,"1999","0","51.22"
"5118","29C.M8.2","8",2,29,"y",5,6,51.22,"1999","6.333333333","60.88"
"5119","29C.M8.2","8",2,29,"y",5,24,51.22,"1999","24.16666667","111.3"
"5120","29C.M8.2","8",2,29,"y",5,6,51.22,"1999","29.83333333","114.32"
"5121","29C.M8.2","8",2,29,"y",5,24,51.22,"1999","53.66666667","163.53"
"5122","29C.M8.2","8",2,29,"y",5,24,51.22,"1999","77.66666667","180.15"
"5123","29C.M8.3","8",3,29,"y",5,NA,45.11,"1999","0","45.11"
"5124","29C.M8.3","8",3,29,"y",5,6,45.11,"1999","6.333333333","66.73"
"5125","29C.M8.3","8",3,29,"y",5,24,45.11,"1999","24.16666667","128.37"
"5126","29C.M8.3","8",3,29,"y",5,6,45.11,"1999","29.83333333","161.3"
"5127","29C.M8.3","8",3,29,"y",5,24,45.11,"1999","53.66666667","207.98"
"5128","29C.M8.3","8",3,29,"y",5,24,45.11,"1999","77.66666667","176.54"
"5129","35C.M12.1","12",1,35,"y",5,NA,55.44,"1999","0","55.44"
"5130","35C.M12.1","12",1,35,"y",5,6,55.44,"1999","5.65","61.17"
"5131","35C.M12.1","12",1,35,"y",5,24,55.44,"1999","25.98333333","45.99"
"5132","35C.M12.1","12",1,35,"y",5,6,55.44,"1999","31.38333333","51.32"
"5133","35C.M12.1","12",1,35,"n",5,24,55.44,"1999","54.15",NA
"5134","35C.M12.1","12",1,35,"n",5,24,55.44,"1999","78",NA
"5135","35C.M13.1","13",1,35,"y",5,NA,61.92,"1999","0","61.92"
"5136","35C.M13.1","13",1,35,"y",5,6,61.92,"1999","5.65","91.7"
"5137","35C.M13.1","13",1,35,"y",5,24,61.92,"1999","25.98333333","163.72"
"5138","35C.M13.1","13",1,35,"y",5,6,61.92,"1999","31.38333333","173.61"
"5139","35C.M13.1","13",1,35,"y",5,24,61.92,"1999","54.15","165.7"
"5140","35C.M13.1","13",1,35,"y",5,24,61.92,"1999","78","124.84"
"5141","35C.M13.2","13",2,35,"y",5,NA,52.1,"1999","0","52.1"
"5142","35C.M13.2","13",2,35,"y",5,6,52.1,"1999","5.65","75.19"
"5143","35C.M13.2","13",2,35,"y",5,24,52.1,"1999","25.98333333","111.72"
"5144","35C.M13.2","13",2,35,"y",5,6,52.1,"1999","31.38333333","140.54"
"5145","35C.M13.2","13",2,35,"y",5,24,52.1,"1999","54.15","109.64"
"5146","35C.M13.2","13",2,35,"y",5,24,52.1,"1999","78","94.82"
"5147","35C.M13.3","13",3,35,"y",5,NA,44.87,"1999","0","44.87"
"5148","35C.M13.3","13",3,35,"y",5,6,44.87,"1999","5.65","69.78"
"5149","35C.M13.3","13",3,35,"y",5,24,44.87,"1999","25.98333333","142.73"
"5150","35C.M13.3","13",3,35,"y",5,6,44.87,"1999","31.38333333","171.78"
"5151","35C.M13.3","13",3,35,"y",5,24,44.87,"1999","54.15","154.16"
"5152","35C.M13.3","13",3,35,"y",5,24,44.87,"1999","78","120.02"
"5153","35C.M15.1","15",1,35,"y",5,NA,61.75,"1999","0","61.75"
"5154","35C.M15.1","15",1,35,"y",5,6,61.75,"1999","5.65","72.87"
"5155","35C.M15.1","15",1,35,"n",5,24,61.75,"1999","25.98333333","62.6"
"5156","35C.M15.1","15",1,35,"n",5,6,61.75,"1999","31.38333333","59.55"
"5157","35C.M15.1","15",1,35,"n",5,24,61.75,"1999","54.15",NA
"5158","35C.M15.1","15",1,35,"n",5,24,61.75,"1999","78",NA
"5159","35C.M15.2","15",2,35,"y",5,NA,55.06,"1999","0","55.06"
"5160","35C.M15.2","15",2,35,"y",5,6,55.06,"1999","5.65","65.65"
"5161","35C.M15.2","15",2,35,"y",5,24,55.06,"1999","25.98333333","66.28"
"5162","35C.M15.2","15",2,35,"n",5,6,55.06,"1999","31.38333333","63.16"
"5163","35C.M15.2","15",2,35,"n",5,24,55.06,"1999","54.15",NA
"5164","35C.M15.2","15",2,35,"n",5,24,55.06,"1999","78",NA
"5165","35C.M15.3","15",3,35,"y",5,NA,51.94,"1999","0","51.94"
"5166","35C.M15.3","15",3,35,"y",5,6,51.94,"1999","5.65","72.17"
"5167","35C.M15.3","15",3,35,"y",5,24,51.94,"1999","25.98333333","112.76"
"5168","35C.M15.3","15",3,35,"y",5,6,51.94,"1999","31.38333333","136.62"
"5169","35C.M15.3","15",3,35,"y",5,24,51.94,"1999","54.15","146.82"
"5170","35C.M15.3","15",3,35,"y",5,24,51.94,"1999","78","138.71"
"5171","35C.M15.4","15",4,35,"y",5,NA,54.2,"1999","0","54.2"
"5172","35C.M15.4","15",4,35,"y",5,6,54.2,"1999","5.65","73.48"
"5173","35C.M15.4","15",4,35,"y",5,24,54.2,"1999","25.98333333","77.93"
"5174","35C.M15.4","15",4,35,"n",5,6,54.2,"1999","31.38333333","75.51"
"5175","35C.M15.4","15",4,35,"n",5,24,54.2,"1999","54.15",NA
"5176","35C.M15.4","15",4,35,"n",5,24,54.2,"1999","78",NA
"5177","35C.M15.5","15",5,35,"y",5,NA,54.91,"1999","0","54.91"
"5178","35C.M15.5","15",5,35,"y",5,6,54.91,"1999","5.65","59.42"
"5179","35C.M15.5","15",5,35,"y",5,24,54.91,"1999","25.98333333","53.86"
"5180","35C.M15.5","15",5,35,"n",5,6,54.91,"1999","31.38333333","44.66"
"5181","35C.M15.5","15",5,35,"n",5,24,54.91,"1999","54.15",NA
"5182","35C.M15.5","15",5,35,"n",5,24,54.91,"1999","78",NA
"5183","35C.M16.1","16",1,35,"y",5,NA,57.34,"1999","0","57.34"
"5184","35C.M16.1","16",1,35,"y",5,6,57.34,"1999","5.65","75.93"
"5185","35C.M16.1","16",1,35,"y",5,24,57.34,"1999","25.98333333","158.23"
"5186","35C.M16.1","16",1,35,"y",5,6,57.34,"1999","31.38333333","192.47"
"5187","35C.M16.1","16",1,35,"y",5,24,57.34,"1999","54.15","170.04"
"5188","35C.M16.1","16",1,35,"n",5,24,57.34,"1999","78","136.8"
"5189","35C.M16.2","16",2,35,"y",5,NA,48.55,"1999","0","48.55"
"5190","35C.M16.2","16",2,35,"y",5,6,48.55,"1999","5.65","75.9"
"5191","35C.M16.2","16",2,35,"y",5,24,48.55,"1999","25.98333333","192.86"
"5192","35C.M16.2","16",2,35,"y",5,6,48.55,"1999","31.38333333","217.76"
"5193","35C.M16.2","16",2,35,"y",5,24,48.55,"1999","54.15","195.3"
"5194","35C.M16.2","16",2,35,"n",5,24,48.55,"1999","78",NA
"5195","35C.M3.1","3",1,35,"y",5,NA,57.85,"1999","0","57.85"
"5196","35C.M3.1","3",1,35,"y",5,6,57.85,"1999","5.65","77.81"
"5197","35C.M3.1","3",1,35,"y",5,24,57.85,"1999","25.98333333","147.68"
"5198","35C.M3.1","3",1,35,"y",5,6,57.85,"1999","31.38333333","166.82"
"5199","35C.M3.1","3",1,35,"y",5,24,57.85,"1999","54.15","189.13"
"5200","35C.M3.1","3",1,35,"y",5,24,57.85,"1999","78","139.41"
"5201","35C.M3.2","3",2,35,"y",5,NA,46.04,"1999","0","46.04"
"5202","35C.M3.2","3",2,35,"y",5,6,46.04,"1999","5.65","74.87"
"5203","35C.M3.2","3",2,35,"y",5,24,46.04,"1999","25.98333333","141.68"
"5204","35C.M3.2","3",2,35,"y",5,6,46.04,"1999","31.38333333","161.55"
"5205","35C.M3.2","3",2,35,"y",5,24,46.04,"1999","54.15","159.64"
"5206","35C.M3.2","3",2,35,"y",5,24,46.04,"1999","78","114.97"
"5207","35C.M3.3","3",3,35,"y",5,NA,42.27,"1999","0","42.27"
"5208","35C.M3.3","3",3,35,"y",5,6,42.27,"1999","5.65","57.83"
"5209","35C.M3.3","3",3,35,"y",5,24,42.27,"1999","25.98333333","106.54"
"5210","35C.M3.3","3",3,35,"y",5,6,42.27,"1999","31.38333333","131.37"
"5211","35C.M3.3","3",3,35,"y",5,24,42.27,"1999","54.15","133"
"5212","35C.M3.3","3",3,35,"y",5,24,42.27,"1999","78","115.07"
"5213","35C.M8.1","8",1,35,"y",5,NA,54.05,"1999","0","54.05"
"5214","35C.M8.1","8",1,35,"y",5,6,54.05,"1999","5.65","70.76"
"5215","35C.M8.1","8",1,35,"y",5,24,54.05,"1999","25.98333333","123.27"
"5216","35C.M8.1","8",1,35,"y",5,6,54.05,"1999","31.38333333","145.81"
"5217","35C.M8.1","8",1,35,"y",5,24,54.05,"1999","54.15","142.69"
"5218","35C.M8.1","8",1,35,"y",5,24,54.05,"1999","78","106.97"
"5219","35C.M8.2","8",2,35,"y",5,NA,54.55,"1999","0","54.55"
"5220","35C.M8.2","8",2,35,"y",5,6,54.55,"1999","5.65","71.46"
"5221","35C.M8.2","8",2,35,"y",5,24,54.55,"1999","25.98333333","105.19"
"5222","35C.M8.2","8",2,35,"y",5,6,54.55,"1999","31.38333333","111.38"
"5223","35C.M8.2","8",2,35,"y",5,24,54.55,"1999","54.15","112.15"
"5224","35C.M8.2","8",2,35,"y",5,24,54.55,"1999","78","92.01"
"5225","35C.M8.3","8",3,35,"y",5,NA,61.69,"1999","0","61.69"
"5226","35C.M8.3","8",3,35,"y",5,6,61.69,"1999","5.65","94.2"
"5227","35C.M8.3","8",3,35,"y",5,24,61.69,"1999","25.98333333","146.65"
"5228","35C.M8.3","8",3,35,"y",5,6,61.69,"1999","31.38333333","146.45"
"5229","35C.M8.3","8",3,35,"y",5,24,61.69,"1999","54.15","148.92"
"5230","35C.M8.3","8",3,35,"y",5,24,61.69,"1999","78","135.65"
"5231","40C.M1.1","1",1,40,"y",5,NA,50.31,"1999","0","50.31"
"5232","40C.M1.1","1",1,40,"n",5,24,50.31,"1999","24.41666667","29.35"
"5233","40C.M10.1","10",1,40,"y",5,NA,37.57,"1999","0","37.57"
"5234","40C.M10.1","10",1,40,"n",5,24,37.57,"1999","24.41666667","25.38"
"5235","40C.M12.1","12",1,40,"y",5,NA,48.23,"1999","0","48.23"
"5236","40C.M12.1","12",1,40,"n",5,24,48.23,"1999","24.41666667","37.99"
"5237","40C.M12.2","12",2,40,"y",5,NA,45.65,"1999","0","45.65"
"5238","40C.M12.2","12",2,40,"y",5,24,45.65,"1999","24.41666667","57.79"
"5239","40C.M12.3","12",3,40,"y",5,NA,50.64,"1999","0","50.64"
"5240","40C.M12.3","12",3,40,"y",5,24,50.64,"1999","24.41666667","60.04"
"5241","40C.M18.1","18",1,40,"y",5,NA,50.66,"1999","0","50.66"
"5242","40C.M18.1","18",1,40,"y",5,24,50.66,"1999","24.41666667","52.91"
"5243","40C.M18.2","18",2,40,"y",5,NA,53.8,"1999","0","53.8"
"5244","40C.M18.2","18",2,40,"y",5,24,53.8,"1999","24.41666667","61.5"
"5245","40C.M19.1","19",1,40,"y",5,NA,45,"1999","0","45"
"5246","40C.M19.1","19",1,40,"n",5,24,45,"1999","24.41666667","29.04"
"5247","40C.M2.1","2",1,40,"y",5,NA,41.55,"1999","0","41.55"
"5248","40C.M2.1","2",1,40,"y",5,24,41.55,"1999","24.41666667","38.33"
"5249","40C.M20.1","20",1,40,"y",5,NA,48.08,"1999","0","48.08"
"5250","40C.M20.1","20",1,40,"n",5,24,48.08,"1999","24.41666667","34.07"
"5251","40C.M23.1","23",1,40,"y",5,NA,43.7,"1999","0","43.7"
"5252","40C.M23.1","23",1,40,"y",5,24,43.7,"1999","24.41666667","44.37"
"5253","40C.M27.1","27",1,40,"y",5,NA,38.91,"1999","0","38.91"
"5254","40C.M27.1","27",1,40,"n",5,24,38.91,"1999","24.41666667","4.58"
"5255","40C.M3.1","3",1,40,"y",5,NA,47.26,"1999","0","47.26"
"5256","40C.M3.1","3",1,40,"n",5,24,47.26,"1999","24.41666667","52.63"
"5257","40C.M31.1","31",1,40,"y",5,NA,42.84,"1999","0","42.84"
"5258","40C.M31.1","31",1,40,"y",5,24,42.84,"1999","24.41666667","51.02"
"5259","40C.M31.2","31",2,40,"y",5,NA,46.56,"1999","0","46.56"
"5260","40C.M31.2","31",2,40,"y",5,24,46.56,"1999","24.41666667","47.39"
"5261","40C.M6.1","6",1,40,"y",5,NA,44.28,"1999","0","44.28"
"5262","40C.M6.1","6",1,40,"y",5,24,44.28,"1999","24.41666667","50.12"
"5263","40C.M7.1","7",1,40,"y",5,NA,44.42,"1999","0","44.42"
"5264","40C.M7.1","7",1,40,"n",5,24,44.42,"1999","24.41666667","11.53"
"5265","40C.M9.1","9",1,40,"y",5,NA,53.05,"1999","0","53.05"
"5266","40C.M9.1","9",1,40,"y",5,24,53.05,"1999","24.41666667","65.55"
"5267","40C.M9.2","9",2,40,"y",5,NA,45.79,"1999","0","45.79"
"5268","40C.M9.2","9",2,40,"n",5,24,45.79,"1999","24.41666667","36.6"
"5269","40C.M9.3","9",3,40,"y",5,NA,51.91,"1999","0","51.91"
"5270","40C.M9.3","9",3,40,"y",5,24,51.91,"1999","24.41666667","52.64"
"5271","40C.M9.4","9",4,40,"y",5,NA,38.12,"1999","0","38.12"
"5272","40C.M9.4","9",4,40,"n",5,24,38.12,"1999","24.41666667","21.17"
"5273","41C.M0.1","0",1,41,"y",5,NA,44.21,"1999","0","44.21"
"5274","41C.M0.1","0",1,41,"y",5,6,44.21,"1999","8.45","61.7"
"5275","41C.M0.1","0",1,41,"y",5,24,44.21,"1999","23.91666667","65.63"
"5276","41C.M0.1","0",1,41,"n",5,6,44.21,"1999","32.03333333",NA
"5277","41C.M0.10","0",10,41,"y",5,NA,55.86,"1999","0","55.86"
"5278","41C.M0.10","0",10,41,"n",5,6,55.86,"1999","8.45","46.71"
"5279","41C.M0.10","0",10,41,"n",5,24,55.86,"1999","23.91666667",NA
"5280","41C.M0.11","0",11,41,"y",5,NA,43.41,"1999","0","43.41"
"5281","41C.M0.11","0",11,41,"y",5,6,43.41,"1999","8.45","38.41"
"5282","41C.M0.11","0",11,41,"n",5,24,43.41,"1999","23.91666667",NA
"5283","41C.M0.12","0",12,41,"y",5,NA,45.79,"1999","0","45.79"
"5284","41C.M0.12","0",12,41,"y",5,6,45.79,"1999","8.45","50.82"
"5285","41C.M0.12","0",12,41,"n",5,24,45.79,"1999","23.91666667",NA
"5286","41C.M0.13","0",13,41,"y",5,NA,51.48,"1999","0","51.48"
"5287","41C.M0.13","0",13,41,"y",5,6,51.48,"1999","8.45","55.99"
"5288","41C.M0.13","0",13,41,"n",5,24,51.48,"1999","23.91666667",NA
"5289","41C.M0.14","0",14,41,"y",5,NA,41.88,"1999","0","41.88"
"5290","41C.M0.14","0",14,41,"y",5,6,41.88,"1999","8.45","44.66"
"5291","41C.M0.14","0",14,41,"n",5,24,41.88,"1999","23.91666667",NA
"5292","41C.M0.15","0",15,41,"y",5,NA,44.98,"1999","0","44.98"
"5293","41C.M0.15","0",15,41,"y",5,6,44.98,"1999","8.45","46.79"
"5294","41C.M0.15","0",15,41,"n",5,24,44.98,"1999","23.91666667",NA
"5295","41C.M0.16","0",16,41,"y",5,NA,50.73,"1999","0","50.73"
"5296","41C.M0.16","0",16,41,"y",5,6,50.73,"1999","8.45","45.24"
"5297","41C.M0.16","0",16,41,"n",5,24,50.73,"1999","23.91666667",NA
"5298","41C.M0.17","0",17,41,"y",5,NA,40.11,"1999","0","40.11"
"5299","41C.M0.17","0",17,41,"n",5,6,40.11,"1999","8.45","37.72"
"5300","41C.M0.17","0",17,41,"n",5,24,40.11,"1999","23.91666667",NA
"5301","41C.M0.18","0",18,41,"y",5,NA,38.81,"1999","0","38.81"
"5302","41C.M0.18","0",18,41,"y",5,6,38.81,"1999","8.45","48.32"
"5303","41C.M0.18","0",18,41,"n",5,24,38.81,"1999","23.91666667",NA
"5304","41C.M0.19","0",19,41,"y",5,NA,50.55,"1999","0","50.55"
"5305","41C.M0.19","0",19,41,"y",5,6,50.55,"1999","8.45","42.53"
"5306","41C.M0.19","0",19,41,"n",5,24,50.55,"1999","23.91666667",NA
"5307","41C.M0.2","0",2,41,"y",5,NA,50.8,"1999","0","50.8"
"5308","41C.M0.2","0",2,41,"y",5,6,50.8,"1999","8.45","51.9"
"5309","41C.M0.2","0",2,41,"n",5,24,50.8,"1999","23.91666667",NA
"5310","41C.M0.20","0",20,41,"y",5,NA,48.37,"1999","0","48.37"
"5311","41C.M0.20","0",20,41,"y",5,6,48.37,"1999","8.45","44.56"
"5312","41C.M0.20","0",20,41,"n",5,24,48.37,"1999","23.91666667",NA
"5313","41C.M0.3","0",3,41,"y",5,NA,50.87,"1999","0","50.87"
"5314","41C.M0.3","0",3,41,"y",5,6,50.87,"1999","8.45","52.88"
"5315","41C.M0.3","0",3,41,"n",5,24,50.87,"1999","23.91666667",NA
"5316","41C.M0.4","0",4,41,"y",5,NA,44.62,"1999","0","44.62"
"5317","41C.M0.4","0",4,41,"y",5,6,44.62,"1999","8.45","47.53"
"5318","41C.M0.4","0",4,41,"n",5,24,44.62,"1999","23.91666667",NA
"5319","41C.M0.5","0",5,41,"y",5,NA,52.1,"1999","0","52.1"
"5320","41C.M0.5","0",5,41,"y",5,6,52.1,"1999","8.45","47.69"
"5321","41C.M0.5","0",5,41,"n",5,24,52.1,"1999","23.91666667",NA
"5322","41C.M0.6","0",6,41,"y",5,NA,62.66,"1999","0","62.66"
"5323","41C.M0.6","0",6,41,"y",5,6,62.66,"1999","8.45","61.41"
"5324","41C.M0.6","0",6,41,"n",5,24,62.66,"1999","23.91666667",NA
"5325","41C.M0.7","0",7,41,"y",5,NA,46.89,"1999","0","46.89"
"5326","41C.M0.7","0",7,41,"y",5,6,46.89,"1999","8.45","49"
"5327","41C.M0.7","0",7,41,"n",5,24,46.89,"1999","23.91666667",NA
"5328","41C.M0.8","0",8,41,"y",5,NA,56.62,"1999","0","56.62"
"5329","41C.M0.8","0",8,41,"y",5,6,56.62,"1999","8.45","56.73"
"5330","41C.M0.8","0",8,41,"n",5,24,56.62,"1999","23.91666667",NA
"5331","41C.M0.9","0",9,41,"y",5,NA,54.24,"1999","0","54.24"
"5332","41C.M0.9","0",9,41,"n",5,6,54.24,"1999","8.45","46.51"
"5333","41C.M0.9","0",9,41,"n",5,24,54.24,"1999","23.91666667",NA
